user_id,event_type,product_id,price,timestamp
873.0,view,308,264.56,0
720.0,view,449,240.25,1
936.0,purchase,40,414.48,2
547.0,purchase,313,469.42,3
439.0,purchase,97,335.45,4
815.0,view,320,148.92,5
220.0,purchase,348,98.51,6
804.0,view,8,169.55,7
738.0,purchase,359,265.23,8
518.0,view,249,8451.855736616242,9
215.0,click,212,55.6,10
198.0,click,400,391.9,11
987.0,click,454,51.6,12
983.0,click,6,241.37,13
35.0,view,464,416.06,14
756.0,view,370,414.09,15
745.0,purchase,261,237.11,16
92.0,click,259,,17
811.0,purchase,342,405.2,18
967.0,purchase,369,400.92,19
526.0,purchase,343,217.34,20
811.0,purchase,120,175.46,21
469.0,view,408,213.27,22
667.0,view,272,40.18,23
546.0,click,137,78.13,24
765.0,purchase,82,163.13,25
441.0,purchase,118,27.27,26
393.0,view,379,100.54,27
917.0,click,118,112.91,28
717.0,click,271,348.94,29
,click,119,397.83,30
645.0,view,220,151.98,31
,purchase,16,477.28,32
37.0,view,189,217.72,33
32.0,purchase,40,452.88,34
782.0,purchase,129,43.9,35
686.0,purchase,323,188.62,36
181.0,click,313,21.77,37
174.0,click,395,128.75,38
901.0,purchase,226,190.85,39
407.0,view,18,337.42,40
983.0,click,411,423.88,41
244.0,click,131,24.93,42
349.0,view,5,13.29,43
813.0,click,428,247.63,44
201.0,purchase,291,454.71,45
903.0,view,286,223.54,46
420.0,click,274,248.92,47
537.0,purchase,249,131.36,48
550.0,purchase,209,454.02,49
355.0,click,477,473.45,50
887.0,click,388,483.16,51
936.0,click,474,293.31,52
246.0,view,125,275.29,53
613.0,view,288,50.82,54
35.0,click,267,-221.59,55
164.0,view,24,380.13,56
597.0,click,244,384.07,57
969.0,click,402,476.45,58
15.0,view,411,8510.780890306301,59
,view,56,404.58,60
48.0,click,450,388.73,61
116.0,view,27,171.16,62
751.0,view,371,372.7,63
677.0,view,309,,64
191.0,view,490,386.18,65
706.0,click,330,103.44,66
615.0,view,27,-480.16,67
996.0,click,161,127.49,68
961.0,purchase,153,322.03,69
373.0,click,145,318.57,70
,purchase,163,410.91,71
828.0,view,139,391.9,72
582.0,click,100,498.64,73
584.0,purchase,62,22.88,74
880.0,view,404,175.5,75
572.0,purchase,161,400.81,76
699.0,view,233,463.23,77
702.0,view,196,232.87,78
404.0,view,237,335.47,79
463.0,purchase,308,74.79,80
353.0,click,166,364.18,81
276.0,click,401,203.7,82
372.0,click,464,300.64,83
720.0,purchase,397,187.75,84
940.0,purchase,136,247.11,85
570.0,view,46,171.96,86
752.0,purchase,85,461.84,87
783.0,click,53,81.96,88
248.0,view,16,72.81,89
907.0,click,51,137.94,90
916.0,purchase,372,317.28,91
522.0,click,161,351.21,92
832.0,click,238,319.32,93
359.0,view,49,182.63,94
36.0,purchase,28,78.54,95
758.0,purchase,408,14.52,96
754.0,purchase,156,447.22,97
228.0,view,106,352.78,98
841.0,view,459,300.08,99
878.0,unknown_event,352,423.17,100
305.0,click,155,330.77,101
567.0,purchase,437,350.62,102
454.0,click,125,383.93,103
437.0,view,56,136.19,104
824.0,view,177,211.39,105
807.0,purchase,316,26.15,106
685.0,view,280,342.52,107
528.0,click,302,57.04,108
49.0,purchase,243,301.41,109
,view,64,393.57,110
766.0,purchase,421,,111
,purchase,439,201.18,112
893.0,click,75,359.62,113
602.0,purchase,386,207.86,114
690.0,click,43,76.99,115
431.0,purchase,347,190.17,116
,click,62,258.73,117
620.0,view,453,66.69,118
203.0,purchase,20,30.32,119
298.0,click,421,180.41,120
488.0,click,414,308.23,121
72.0,purchase,99,,122
452.0,view,123,116.41,123
342.0,purchase,310,443.09,124
472.0,view,262,201.43,125
629.0,view,414,418.68,126
558.0,purchase,89,6058.636734667005,127
826.0,view,403,486.24,128
849.0,view,51,,129
91.0,view,229,61.45,130
867.0,view,351,364.25,131
251.0,click,431,19.28,132
69.0,click,152,411.19,133
116.0,unknown_event,480,444.58,134
919.0,purchase,305,487.25,135
472.0,view,464,371.12,136
68.0,purchase,158,383.06,137
313.0,view,69,404.84,138
208.0,view,337,315.34,139
723.0,view,298,351.2,140
526.0,click,45,,141
26.0,view,356,426.68,142
238.0,click,191,9.98,143
814.0,purchase,158,,144
864.0,view,385,106.53,145
252.0,view,189,11.45,146
389.0,purchase,376,341.64,147
875.0,click,246,157.17,148
939.0,purchase,488,436.99,149
424.0,view,62,313.79,150
341.0,click,7,1479.1613384387615,151
265.0,click,176,187.65,152
308.0,view,196,257.11,153
572.0,click,441,244.56,154
139.0,purchase,131,358.09,155
585.0,click,410,85.37,156
319.0,view,380,193.26,157
701.0,purchase,13,244.47,158
51.0,click,358,447.71,159
329.0,click,485,211.38,160
393.0,click,43,76.91,161
957.0,click,413,2274.641953914499,162
505.0,purchase,195,260.52,163
957.0,view,344,21.09,164
252.0,view,239,176.31,165
,click,280,279.48,166
225.0,view,212,302.12,167
418.0,view,96,390.28,168
865.0,view,365,367.44,169
101.0,click,347,265.74,170
210.0,purchase,143,309.98,171
433.0,view,182,84.78,172
976.0,click,296,161.51,173
611.0,view,389,61.49,174
243.0,purchase,277,209.72,175
412.0,click,233,213.46,176
90.0,view,411,280.72,177
131.0,view,101,111.98,178
69.0,click,496,32.97,179
994.0,purchase,372,174.11,180
179.0,purchase,312,,181
356.0,purchase,97,22.24,182
42.0,click,173,11.79,183
314.0,click,255,335.64,184
866.0,click,177,45.67,185
846.0,click,490,26.28,186
911.0,click,426,46.91,187
868.0,view,348,141.29,188
52.0,view,418,33.4,189
465.0,purchase,238,290.86,190
108.0,purchase,241,48.59,191
663.0,purchase,331,241.95,192
926.0,purchase,23,,193
34.0,click,81,264.78,194
234.0,click,187,427.63,195
19.0,purchase,423,217.06,196
981.0,click,355,60.67,197
464.0,purchase,314,316.33,198
464.0,click,29,180.76,199
729.0,click,252,398.49,200
607.0,purchase,124,193.41,201
229.0,view,6,470.11,202
957.0,click,353,470.6,203
388.0,click,12,277.71,204
601.0,view,267,51.83,205
222.0,view,428,189.57,206
924.0,view,399,2634.4990341418543,207
450.0,view,139,372.9,208
244.0,view,176,275.62,209
852.0,unknown_event,470,338.35,210
958.0,click,291,301.11,211
874.0,purchase,132,216.41,212
672.0,click,92,102.99,213
319.0,view,329,200.77,214
525.0,purchase,195,144.58,215
317.0,click,362,82.75,216
256.0,view,107,137.98,217
319.0,purchase,175,396.89,218
440.0,view,127,,219
133.0,view,179,70.28,220
763.0,purchase,272,370.91,221
251.0,view,408,379.61,222
148.0,purchase,184,197.83,223
48.0,view,43,409.43,224
201.0,click,367,402.25,225
622.0,view,363,414.16,226
798.0,purchase,287,188.09,227
977.0,click,65,52.12,228
411.0,view,394,,229
662.0,purchase,60,499.54,230
566.0,click,278,126.85,231
443.0,click,469,82.85,232
107.0,purchase,297,249.31,233
274.0,click,56,9478.106818114127,234
120.0,purchase,281,121.69,235
496.0,purchase,214,424.17,236
62.0,view,292,215.68,237
868.0,view,206,188.74,238
63.0,click,411,326.36,239
377.0,view,287,447.14,240
214.0,purchase,377,131.11,241
798.0,click,257,,242
541.0,purchase,84,160.78,243
984.0,click,422,432.28,244
829.0,purchase,121,429.22,245
638.0,purchase,72,41.73,246
975.0,view,69,447.22,247
851.0,click,4,206.29,248
12.0,view,190,408.95,249
,click,282,157.11,250
522.0,purchase,333,303.42,251
488.0,view,365,37.71,252
975.0,click,496,,253
,purchase,203,282.68,254
99.0,click,319,,255
617.0,purchase,67,398.68,256
807.0,purchase,412,272.23,257
743.0,click,48,325.31,258
165.0,view,268,65.48,259
44.0,view,322,88.22,260
997.0,purchase,9,286.15,261
17.0,click,202,3423.446347393578,262
552.0,purchase,401,285.34,263
443.0,click,346,235.55,264
280.0,click,10,129.21,265
96.0,click,449,171.46,266
956.0,view,309,485.75,267
482.0,purchase,382,171.43,268
502.0,click,396,75.71,269
927.0,purchase,265,386.72,270
291.0,view,26,343.19,271
309.0,view,359,369.55,272
715.0,purchase,157,36.59,273
381.0,view,182,404.85,274
868.0,purchase,441,214.28,275
532.0,click,350,476.96,276
,click,434,475.3,277
223.0,click,157,283.11,278
695.0,view,293,486.22,279
69.0,click,482,221.71,280
543.0,click,474,415.02,281
863.0,click,77,136.09,282
673.0,purchase,462,108.65,283
600.0,click,269,27.71,284
266.0,view,467,23.22,285
481.0,view,437,492.61,286
935.0,click,239,480.05,287
293.0,click,124,8926.69373842499,288
219.0,purchase,387,84.03,289
950.0,click,418,216.31,290
17.0,purchase,36,442.81,291
41.0,click,329,52.01,292
875.0,purchase,87,365.6,293
807.0,click,51,172.58,294
115.0,click,458,28.0,295
809.0,purchase,430,134.61,296
945.0,view,283,421.69,297
472.0,view,276,330.7,298
333.0,view,298,467.19,299
62.0,view,191,253.23,300
861.0,view,228,188.16,301
183.0,purchase,243,,302
900.0,view,453,,303
909.0,unknown_event,286,438.41,304
744.0,click,431,364.32,305
830.0,click,395,347.32,306
322.0,view,429,128.86,307
738.0,view,449,82.28,308
761.0,click,22,313.97,309
921.0,view,164,233.42,310
735.0,purchase,352,444.29,311
4.0,view,356,396.34,312
534.0,click,147,6234.381976575971,313
29.0,click,379,306.32,314
42.0,view,226,266.37,315
83.0,view,208,401.61,316
400.0,purchase,340,106.81,317
521.0,purchase,396,324.39,318
77.0,view,284,24.44,319
266.0,click,333,4807.777630838631,320
457.0,click,481,216.28,321
775.0,view,188,,322
444.0,click,460,493.56,323
287.0,view,398,15.0,324
737.0,view,265,,325
994.0,purchase,364,54.59,326
296.0,click,147,356.83,327
747.0,click,17,160.57,328
363.0,purchase,483,98.85,329
933.0,purchase,244,188.76,330
308.0,click,74,475.39,331
478.0,purchase,150,288.27,332
620.0,click,21,68.22,333
591.0,click,190,358.44,334
134.0,click,410,155.35,335
613.0,purchase,290,374.02,336
321.0,view,266,39.88,337
402.0,purchase,432,229.97,338
353.0,view,126,420.66,339
652.0,click,312,157.65,340
556.0,click,54,8.07,341
,view,201,356.36,342
170.0,view,73,478.64,343
786.0,click,199,173.9,344
3.0,click,67,397.05,345
106.0,purchase,12,117.11,346
401.0,click,146,478.0,347
120.0,purchase,496,,348
,view,478,326.57,349
276.0,click,230,39.85,350
153.0,purchase,286,150.89,351
14.0,click,77,401.75,352
770.0,purchase,17,433.63,353
254.0,view,311,95.75,354
228.0,click,472,151.23,355
311.0,view,142,409.36,356
,purchase,10,222.45,357
713.0,purchase,430,55.73,358
,click,1,394.55,359
903.0,view,319,491.55,360
597.0,purchase,181,147.19,361
967.0,purchase,179,220.4,362
977.0,purchase,27,73.54,363
940.0,view,484,447.06,364
184.0,purchase,261,41.78,365
809.0,view,371,477.56,366
195.0,purchase,79,75.3,367
994.0,click,232,204.52,368
662.0,click,458,305.37,369
897.0,view,9,168.89,370
353.0,purchase,422,54.18,371
151.0,purchase,282,431.36,372
635.0,purchase,340,448.3,373
344.0,purchase,106,47.95,374
554.0,purchase,135,175.22,375
,purchase,292,7.68,376
827.0,click,459,21.42,377
901.0,click,29,191.81,378
18.0,purchase,434,386.72,379
157.0,view,294,219.74,380
524.0,purchase,441,183.18,381
147.0,click,260,460.47,382
772.0,view,267,4489.462692554735,383
236.0,view,99,402.33,384
732.0,view,181,224.44,385
807.0,click,329,284.8,386
107.0,purchase,27,53.3,387
,view,439,70.22,388
569.0,purchase,389,,389
414.0,click,228,95.75,390
380.0,click,216,88.07,391
334.0,purchase,68,160.91,392
498.0,view,328,64.71,393
109.0,click,136,494.79,394
810.0,view,63,74.67,395
59.0,purchase,171,297.76,396
122.0,view,42,260.17,397
925.0,purchase,290,281.97,398
702.0,purchase,366,128.94,399
829.0,purchase,108,8.41,400
238.0,view,108,332.29,401
261.0,click,421,345.34,402
232.0,click,270,458.36,403
438.0,view,299,93.54,404
927.0,purchase,65,170.37,405
383.0,purchase,314,471.78,406
437.0,view,51,482.6,407
736.0,purchase,383,201.05,408
448.0,click,127,398.96,409
952.0,purchase,79,160.19,410
408.0,view,322,275.46,411
731.0,click,401,161.56,412
407.0,view,117,363.42,413
558.0,view,152,65.62,414
582.0,purchase,462,222.56,415
151.0,purchase,381,467.38,416
39.0,click,288,27.61,417
949.0,click,304,363.68,418
442.0,purchase,466,245.98,419
608.0,purchase,317,482.89,420
666.0,purchase,166,442.76,421
738.0,click,374,440.91,422
463.0,view,168,239.81,423
567.0,view,1,340.3,424
,click,290,180.24,425
959.0,click,203,307.2,426
329.0,purchase,71,459.22,427
669.0,click,28,427.94,428
387.0,purchase,264,227.91,429
374.0,purchase,169,151.63,430
593.0,view,40,73.72,431
511.0,purchase,369,419.8,432
944.0,purchase,34,172.1,433
326.0,click,310,173.53,434
557.0,click,293,70.59,435
158.0,purchase,306,369.27,436
183.0,unknown_event,377,332.26,437
181.0,purchase,187,48.17,438
993.0,view,149,96.43,439
323.0,purchase,53,353.26,440
29.0,click,476,,441
202.0,view,414,20.63,442
862.0,click,409,187.69,443
844.0,click,482,81.21,444
426.0,view,492,157.42,445
55.0,purchase,229,,446
639.0,view,405,335.81,447
214.0,view,93,238.62,448
616.0,purchase,372,18.52,449
,purchase,484,291.46,450
399.0,click,126,20.62,451
294.0,click,309,155.77,452
515.0,purchase,67,394.68,453
957.0,view,182,,454
357.0,purchase,281,167.74,455
993.0,view,37,99.71,456
518.0,purchase,440,384.32,457
,purchase,63,493.47,458
616.0,click,474,245.96,459
405.0,purchase,271,157.11,460
837.0,view,307,9711.638927543623,461
172.0,purchase,188,251.6,462
374.0,purchase,477,304.87,463
905.0,view,118,461.46,464
441.0,click,82,289.01,465
341.0,view,106,467.6,466
834.0,purchase,306,89.95,467
289.0,click,366,248.11,468
689.0,click,62,186.62,469
512.0,click,434,231.12,470
100.0,view,454,314.27,471
64.0,purchase,370,416.97,472
882.0,view,36,5.05,473
168.0,view,420,367.38,474
747.0,click,131,467.93,475
853.0,purchase,128,375.56,476
825.0,purchase,78,152.75,477
929.0,click,357,17.59,478
788.0,purchase,478,,479
581.0,click,281,134.55,480
510.0,view,130,60.94,481
348.0,purchase,3,250.75,482
109.0,purchase,451,134.11,483
861.0,purchase,107,175.9,484
,view,138,41.35,485
133.0,purchase,305,32.29,486
29.0,purchase,33,366.79,487
439.0,purchase,451,174.3,488
951.0,click,238,76.34,489
356.0,click,79,30.93,490
449.0,click,291,237.55,491
965.0,click,243,30.65,492
598.0,click,27,102.86,493
872.0,click,484,443.08,494
730.0,purchase,289,458.57,495
333.0,purchase,143,337.65,496
984.0,click,431,231.0,497
664.0,purchase,299,308.9,498
833.0,purchase,435,259.63,499
144.0,view,271,94.17,500
602.0,click,286,162.43,501
538.0,view,280,239.67,502
959.0,purchase,163,408.47,503
402.0,view,148,9583.654262801763,504
515.0,purchase,488,5287.824434621895,505
867.0,view,387,97.05,506
455.0,purchase,219,22.26,507
279.0,purchase,336,210.58,508
,view,87,,509
388.0,purchase,283,53.55,510
886.0,view,382,355.28,511
475.0,click,46,255.39,512
416.0,click,22,481.61,513
142.0,view,435,343.81,514
159.0,purchase,393,98.54,515
561.0,purchase,13,146.72,516
592.0,purchase,438,48.24,517
594.0,purchase,151,291.93,518
,view,260,292.95,519
268.0,view,46,70.12,520
196.0,click,71,50.78,521
14.0,view,50,260.66,522
659.0,purchase,21,400.41,523
122.0,view,283,340.42,524
995.0,click,40,61.5,525
631.0,view,168,153.47,526
130.0,click,75,295.15,527
862.0,purchase,311,,528
511.0,click,7,134.28,529
,click,384,,530
489.0,purchase,9,195.39,531
404.0,click,347,5.87,532
181.0,view,430,254.07,533
15.0,click,450,286.1,534
738.0,purchase,455,92.93,535
952.0,view,425,137.13,536
658.0,view,130,420.48,537
,click,290,53.79,538
661.0,click,479,385.27,539
201.0,purchase,409,446.84,540
970.0,click,223,2392.890713409119,541
379.0,click,98,489.55,542
608.0,view,216,290.29,543
734.0,purchase,116,370.09,544
860.0,click,48,355.65,545
369.0,click,2,308.59,546
649.0,click,403,31.38,547
924.0,view,252,194.86,548
727.0,click,334,406.27,549
260.0,view,18,62.43,550
579.0,purchase,432,117.46,551
536.0,click,454,472.2,552
140.0,click,303,446.03,553
182.0,click,291,276.76,554
963.0,view,367,152.92,555
91.0,view,339,276.27,556
713.0,purchase,119,66.01,557
374.0,purchase,78,360.59,558
757.0,purchase,176,486.62,559
124.0,click,48,387.91,560
526.0,purchase,404,181.9,561
644.0,view,454,306.51,562
944.0,click,2,89.89,563
420.0,purchase,492,377.14,564
296.0,click,232,25.02,565
340.0,click,212,445.41,566
321.0,click,441,,567
12.0,purchase,114,363.51,568
881.0,view,476,6.16,569
839.0,purchase,119,201.42,570
352.0,view,490,476.07,571
251.0,purchase,14,231.51,572
10.0,view,384,144.74,573
125.0,view,182,146.52,574
547.0,purchase,222,386.54,575
218.0,click,472,243.05,576
977.0,click,215,348.67,577
230.0,view,105,225.58,578
685.0,purchase,468,50.0,579
925.0,view,189,137.01,580
444.0,click,123,403.68,581
27.0,click,26,107.32,582
784.0,click,255,63.84,583
158.0,click,282,186.63,584
35.0,purchase,365,193.68,585
630.0,view,24,107.58,586
846.0,purchase,132,18.32,587
438.0,view,382,76.63,588
232.0,view,465,131.47,589
333.0,purchase,278,214.83,590
192.0,purchase,188,382.91,591
875.0,click,56,333.58,592
454.0,purchase,271,8.23,593
732.0,purchase,91,477.1,594
68.0,purchase,2,267.22,595
244.0,view,487,366.15,596
111.0,click,423,350.24,597
788.0,click,355,265.86,598
77.0,click,402,190.38,599
447.0,purchase,180,7846.38016993465,600
,view,425,362.83,601
413.0,purchase,59,163.74,602
119.0,view,40,115.42,603
659.0,purchase,453,479.09,604
311.0,click,401,241.91,605
728.0,click,52,394.18,606
305.0,purchase,256,119.31,607
830.0,click,92,461.21,608
457.0,purchase,142,,609
460.0,view,264,43.94,610
928.0,click,189,449.84,611
632.0,view,30,220.67,612
309.0,view,399,145.26,613
46.0,view,288,291.43,614
,purchase,374,321.83,615
237.0,purchase,134,,616
234.0,view,266,177.2,617
721.0,click,93,-165.41,618
628.0,purchase,234,457.9,619
,view,224,175.25,620
683.0,view,324,,621
395.0,view,158,181.29,622
79.0,click,267,205.14,623
697.0,view,88,6226.313072712382,624
554.0,view,243,81.65,625
493.0,view,33,151.41,626
451.0,purchase,394,305.68,627
,purchase,263,335.92,628
234.0,view,426,233.8,629
395.0,view,357,274.18,630
359.0,click,100,,631
73.0,purchase,335,160.94,632
353.0,click,294,104.44,633
500.0,view,395,217.59,634
140.0,purchase,266,203.22,635
503.0,view,308,196.39,636
325.0,purchase,414,270.53,637
15.0,view,168,234.5,638
594.0,purchase,174,,639
487.0,purchase,3,317.75,640
,view,138,399.17,641
485.0,click,289,7980.474686215916,642
889.0,view,154,312.6,643
690.0,click,329,403.32,644
676.0,purchase,364,234.15,645
328.0,view,265,446.78,646
101.0,purchase,219,130.9,647
310.0,purchase,350,386.98,648
187.0,click,328,122.54,649
206.0,click,94,99.69,650
722.0,view,134,136.29,651
332.0,purchase,93,136.12,652
916.0,click,172,76.46,653
917.0,view,54,82.32,654
882.0,purchase,32,35.23,655
913.0,purchase,26,5415.050971941925,656
292.0,click,463,416.25,657
681.0,click,165,207.22,658
77.0,view,175,4533.415378327364,659
408.0,purchase,20,490.49,660
639.0,click,161,290.88,661
690.0,purchase,142,81.35,662
310.0,click,372,144.65,663
340.0,click,54,19.09,664
975.0,view,328,-263.79,665
619.0,click,405,397.05,666
338.0,purchase,325,132.73,667
796.0,click,281,353.93,668
903.0,click,314,82.69,669
652.0,view,66,432.68,670
706.0,view,217,72.51,671
762.0,purchase,495,,672
821.0,click,495,451.89,673
300.0,click,285,343.91,674
116.0,view,311,344.79,675
179.0,click,334,80.39,676
234.0,purchase,85,93.41,677
831.0,view,214,196.38,678
136.0,view,489,383.76,679
998.0,purchase,194,408.38,680
,view,332,175.62,681
499.0,view,329,,682
786.0,purchase,83,400.51,683
861.0,purchase,266,138.72,684
973.0,view,4,417.2,685
476.0,view,341,24.16,686
998.0,click,261,24.33,687
590.0,click,377,52.42,688
185.0,click,122,7.75,689
632.0,purchase,108,492.37,690
727.0,click,423,262.3,691
228.0,click,234,295.71,692
355.0,click,287,38.78,693
655.0,click,299,246.52,694
185.0,click,389,86.16,695
408.0,purchase,325,150.5,696
720.0,view,478,402.12,697
303.0,view,301,174.07,698
972.0,view,230,449.3,699
178.0,unknown_event,418,151.06,700
30.0,view,77,275.7,701
512.0,purchase,215,,702
224.0,click,303,247.31,703
,purchase,460,404.19,704
173.0,view,432,483.05,705
927.0,view,134,380.74,706
710.0,click,265,,707
132.0,purchase,294,293.91,708
555.0,view,470,368.16,709
910.0,view,190,1834.8355766198156,710
896.0,click,346,144.36,711
907.0,view,482,241.97,712
794.0,purchase,402,5.6,713
850.0,purchase,494,126.13,714
199.0,click,128,347.23,715
865.0,purchase,86,374.33,716
597.0,purchase,268,260.7,717
144.0,click,346,87.39,718
712.0,view,239,415.35,719
664.0,view,51,176.36,720
787.0,click,36,401.02,721
467.0,view,480,327.04,722
819.0,view,57,174.9,723
688.0,click,408,,724
525.0,purchase,3,36.03,725
733.0,click,18,280.61,726
608.0,click,236,449.27,727
402.0,click,356,105.03,728
816.0,click,302,275.43,729
319.0,purchase,91,308.33,730
791.0,view,6,297.33,731
539.0,view,44,449.7,732
804.0,purchase,369,16.42,733
702.0,view,394,493.05,734
926.0,purchase,460,32.85,735
708.0,view,183,482.65,736
902.0,view,192,54.08,737
808.0,view,198,35.57,738
647.0,purchase,192,418.43,739
371.0,purchase,406,474.13,740
665.0,purchase,137,178.76,741
642.0,purchase,26,99.34,742
77.0,view,476,469.7,743
88.0,purchase,169,486.33,744
142.0,view,15,,745
22.0,purchase,138,450.6,746
766.0,click,485,468.92,747
8.0,purchase,396,344.71,748
621.0,purchase,429,399.99,749
509.0,click,394,137.37,750
125.0,view,419,8739.128294502125,751
261.0,view,34,96.34,752
972.0,click,360,156.86,753
,click,296,53.4,754
271.0,purchase,440,390.58,755
235.0,view,381,493.52,756
885.0,click,41,366.88,757
83.0,purchase,404,498.78,758
394.0,view,345,345.9,759
641.0,view,416,399.11,760
783.0,purchase,304,254.92,761
564.0,click,363,317.68,762
120.0,view,216,377.24,763
735.0,purchase,164,383.26,764
690.0,click,51,430.54,765
,purchase,186,428.67,766
441.0,view,400,71.93,767
493.0,click,20,462.76,768
838.0,purchase,272,386.93,769
555.0,click,164,51.34,770
370.0,purchase,403,6.21,771
280.0,purchase,269,198.75,772
696.0,view,383,175.66,773
567.0,view,21,497.59,774
766.0,view,229,135.42,775
405.0,click,208,414.17,776
851.0,view,196,477.92,777
563.0,purchase,43,32.25,778
650.0,view,48,385.53,779
764.0,purchase,213,240.84,780
175.0,click,385,45.19,781
647.0,purchase,101,155.15,782
174.0,click,175,497.29,783
767.0,view,3,152.11,784
853.0,view,341,81.08,785
653.0,click,25,410.4,786
485.0,click,270,325.51,787
143.0,purchase,225,78.09,788
103.0,click,25,82.44,789
21.0,click,48,245.57,790
266.0,purchase,65,268.46,791
262.0,purchase,89,389.98,792
922.0,click,454,62.72,793
977.0,view,428,332.29,794
671.0,click,469,,795
147.0,unknown_event,237,499.13,796
917.0,click,197,149.59,797
568.0,purchase,43,316.13,798
4.0,purchase,116,215.37,799
931.0,purchase,137,312.79,800
493.0,purchase,100,287.2,801
37.0,click,266,271.85,802
16.0,click,21,134.81,803
23.0,view,113,196.07,804
347.0,view,436,124.5,805
967.0,click,39,444.99,806
388.0,click,199,487.72,807
,view,335,43.76,808
430.0,click,254,5182.356043506843,809
977.0,click,470,198.05,810
658.0,click,210,409.09,811
,view,445,102.88,812
,click,490,88.12,813
543.0,click,333,426.46,814
603.0,purchase,359,161.09,815
199.0,purchase,287,167.66,816
548.0,click,138,154.96,817
552.0,purchase,257,187.27,818
265.0,purchase,91,450.45,819
936.0,click,340,,820
210.0,view,264,61.57,821
831.0,click,67,8.82,822
769.0,view,303,311.59,823
419.0,click,269,274.07,824
183.0,click,403,46.22,825
845.0,click,284,317.0,826
837.0,purchase,425,383.3,827
287.0,click,213,131.89,828
635.0,click,364,259.65,829
,view,241,193.48,830
514.0,click,421,246.72,831
980.0,click,259,163.71,832
,purchase,50,464.15,833
127.0,click,27,16.86,834
629.0,click,14,244.6,835
432.0,purchase,393,381.06,836
159.0,click,498,182.45,837
462.0,view,29,344.49,838
710.0,purchase,151,302.52,839
355.0,click,357,301.41,840
583.0,purchase,277,494.1,841
78.0,unknown_event,153,157.22,842
,click,452,391.52,843
237.0,click,234,447.9,844
514.0,view,380,227.31,845
788.0,click,356,354.68,846
963.0,purchase,227,301.83,847
372.0,view,163,459.16,848
478.0,click,354,253.36,849
,purchase,189,306.88,850
595.0,click,228,60.58,851
28.0,click,33,356.58,852
981.0,click,36,12.44,853
879.0,view,342,155.0,854
434.0,click,75,334.18,855
447.0,purchase,298,229.07,856
86.0,click,175,29.05,857
844.0,view,126,96.05,858
589.0,purchase,471,43.45,859
534.0,purchase,467,292.09,860
936.0,click,386,437.87,861
347.0,click,304,13.69,862
826.0,view,180,391.3,863
609.0,view,459,355.25,864
989.0,purchase,309,154.12,865
528.0,click,276,405.93,866
347.0,view,132,448.43,867
,click,406,250.75,868
355.0,purchase,6,7984.965314312723,869
81.0,view,117,263.35,870
596.0,view,133,61.85,871
110.0,purchase,465,244.42,872
152.0,purchase,165,495.01,873
381.0,purchase,470,120.36,874
617.0,view,260,347.06,875
79.0,purchase,309,425.54,876
497.0,purchase,161,416.81,877
440.0,click,452,106.95,878
547.0,click,175,145.15,879
862.0,click,294,498.09,880
46.0,click,160,471.55,881
202.0,purchase,338,14.16,882
627.0,click,113,297.53,883
750.0,view,195,31.85,884
498.0,view,403,177.49,885
656.0,view,373,76.11,886
670.0,click,482,337.21,887
208.0,click,397,319.16,888
,view,55,247.22,889
332.0,purchase,115,294.75,890
805.0,click,14,281.97,891
680.0,click,374,214.27,892
998.0,click,258,133.09,893
728.0,purchase,369,193.67,894
463.0,click,381,73.44,895
543.0,purchase,471,226.78,896
491.0,purchase,299,80.12,897
467.0,click,8,263.12,898
62.0,view,325,69.15,899
316.0,click,280,77.36,900
118.0,click,303,40.52,901
276.0,click,320,269.49,902
332.0,purchase,254,,903
881.0,click,318,278.29,904
69.0,click,220,291.13,905
991.0,view,89,302.81,906
635.0,purchase,115,467.13,907
179.0,click,293,188.61,908
987.0,click,41,,909
560.0,click,156,293.12,910
526.0,view,174,175.5,911
846.0,purchase,229,183.93,912
896.0,purchase,227,444.48,913
879.0,purchase,207,215.07,914
650.0,click,477,3667.1582337763557,915
124.0,click,481,323.29,916
817.0,purchase,47,4379.860034324574,917
692.0,click,455,295.21,918
241.0,view,243,101.4,919
776.0,view,381,,920
374.0,unknown_event,241,144.85,921
698.0,unknown_event,62,474.59,922
553.0,view,41,402.57,923
925.0,view,9,151.33,924
852.0,click,307,352.75,925
,purchase,467,296.9,926
237.0,view,332,461.77,927
616.0,purchase,329,428.08,928
908.0,click,244,20.43,929
483.0,click,119,9154.13024519963,930
,click,110,209.06,931
718.0,purchase,163,464.08,932
187.0,purchase,378,207.5,933
834.0,click,367,447.73,934
558.0,purchase,283,187.46,935
284.0,purchase,339,364.0,936
214.0,click,495,411.24,937
261.0,click,318,266.62,938
535.0,purchase,103,290.86,939
126.0,purchase,170,267.0,940
62.0,view,101,163.16,941
865.0,click,62,282.49,942
737.0,click,335,,943
441.0,click,53,382.37,944
568.0,view,235,152.31,945
345.0,click,49,258.11,946
971.0,view,338,153.58,947
815.0,click,208,87.88,948
691.0,view,496,167.99,949
588.0,click,399,264.68,950
977.0,purchase,333,46.27,951
38.0,click,328,370.97,952
182.0,purchase,476,346.68,953
464.0,view,454,408.53,954
177.0,purchase,286,142.28,955
841.0,view,12,278.38,956
798.0,view,266,,957
497.0,purchase,133,150.43,958
554.0,purchase,438,218.59,959
,click,369,488.36,960
627.0,click,71,367.44,961
808.0,view,172,18.23,962
979.0,purchase,405,104.62,963
255.0,view,176,201.96,964
117.0,click,476,423.28,965
1.0,click,160,,966
398.0,purchase,75,21.98,967
861.0,view,210,348.78,968
491.0,click,375,255.38,969
74.0,view,171,9.16,970
366.0,purchase,213,468.06,971
462.0,click,209,291.11,972
186.0,purchase,300,164.45,973
818.0,click,308,412.93,974
428.0,click,335,405.33,975
235.0,view,283,437.89,976
87.0,view,456,232.73,977
476.0,view,130,176.63,978
868.0,click,498,461.07,979
947.0,click,429,434.88,980
446.0,purchase,170,384.92,981
456.0,purchase,82,156.95,982
,view,4,406.89,983
376.0,purchase,268,278.42,984
683.0,view,493,413.6,985
558.0,purchase,127,197.33,986
326.0,click,409,9.3,987
474.0,view,299,394.16,988
682.0,purchase,481,85.71,989
47.0,view,334,100.44,990
,purchase,174,43.89,991
250.0,click,204,209.46,992
587.0,click,496,335.4,993
587.0,view,194,175.06,994
555.0,click,65,,995
858.0,click,125,2650.8035888601344,996
864.0,purchase,196,375.36,997
911.0,purchase,202,452.93,998
55.0,view,246,217.31,999
349.0,click,400,395.22,1000
751.0,click,87,69.05,1001
81.0,click,122,24.92,1002
110.0,purchase,421,436.81,1003
411.0,click,176,51.37,1004
998.0,click,54,33.09,1005
121.0,click,473,95.86,1006
586.0,purchase,465,144.4,1007
284.0,view,198,477.71,1008
410.0,view,26,409.49,1009
91.0,view,498,135.56,1010
759.0,view,124,2709.87654521916,1011
627.0,click,30,319.33,1012
545.0,view,59,418.72,1013
486.0,click,226,478.19,1014
800.0,click,253,,1015
938.0,purchase,131,254.08,1016
959.0,purchase,244,389.58,1017
483.0,view,33,365.76,1018
560.0,purchase,322,234.36,1019
453.0,view,451,407.09,1020
158.0,view,190,383.45,1021
146.0,click,195,334.63,1022
482.0,click,139,214.88,1023
347.0,view,465,202.06,1024
272.0,view,354,,1025
85.0,click,145,188.82,1026
306.0,view,64,9585.857763468943,1027
330.0,click,307,74.79,1028
967.0,click,275,77.07,1029
241.0,view,172,148.63,1030
956.0,click,31,493.92,1031
,view,470,436.75,1032
443.0,purchase,347,224.31,1033
524.0,purchase,166,110.32,1034
873.0,purchase,13,451.04,1035
478.0,view,21,280.58,1036
501.0,view,439,48.4,1037
423.0,click,276,181.82,1038
692.0,click,46,112.86,1039
552.0,purchase,22,469.61,1040
270.0,click,315,263.84,1041
956.0,view,469,427.24,1042
431.0,purchase,475,139.49,1043
503.0,purchase,272,116.07,1044
586.0,click,259,462.5,1045
960.0,purchase,342,222.47,1046
782.0,purchase,192,25.13,1047
,click,61,267.69,1048
651.0,view,95,33.83,1049
518.0,purchase,270,366.27,1050
224.0,purchase,152,398.31,1051
853.0,view,31,219.58,1052
245.0,click,343,313.71,1053
457.0,click,23,208.86,1054
526.0,purchase,89,486.79,1055
261.0,click,225,439.71,1056
325.0,view,152,159.05,1057
950.0,click,300,230.1,1058
603.0,view,191,223.28,1059
414.0,click,472,53.16,1060
616.0,view,173,393.59,1061
626.0,click,294,480.69,1062
613.0,view,341,345.65,1063
21.0,purchase,45,370.3,1064
690.0,purchase,220,322.22,1065
696.0,purchase,193,78.48,1066
420.0,purchase,487,327.48,1067
509.0,click,34,422.27,1068
118.0,click,91,314.9,1069
947.0,view,120,194.41,1070
,click,354,352.0,1071
149.0,view,479,255.77,1072
683.0,click,450,239.79,1073
65.0,view,339,358.08,1074
371.0,view,433,116.26,1075
272.0,view,271,472.66,1076
396.0,unknown_event,52,,1077
241.0,purchase,351,474.69,1078
683.0,purchase,300,385.01,1079
299.0,view,300,213.46,1080
,purchase,96,124.67,1081
455.0,view,398,117.23,1082
,view,166,,1083
12.0,purchase,70,222.59,1084
199.0,click,394,415.05,1085
178.0,purchase,114,312.43,1086
523.0,purchase,137,,1087
183.0,view,346,59.33,1088
245.0,view,24,408.66,1089
879.0,click,400,301.13,1090
57.0,view,318,151.25,1091
466.0,view,394,95.28,1092
382.0,click,355,246.04,1093
984.0,view,183,276.7,1094
991.0,purchase,277,277.78,1095
737.0,view,128,480.44,1096
231.0,click,101,10.89,1097
,click,63,196.01,1098
877.0,view,303,10.72,1099
50.0,purchase,451,216.35,1100
670.0,click,248,80.05,1101
425.0,purchase,348,355.86,1102
632.0,click,74,417.9,1103
417.0,click,458,383.63,1104
786.0,view,95,409.86,1105
,view,91,2380.6213610173236,1106
202.0,view,104,118.19,1107
829.0,view,122,301.06,1108
22.0,view,62,277.42,1109
188.0,view,270,352.32,1110
814.0,purchase,57,337.36,1111
834.0,click,392,378.83,1112
722.0,view,409,443.24,1113
60.0,click,183,222.6,1114
810.0,purchase,427,404.07,1115
9.0,click,407,108.78,1116
68.0,click,436,420.01,1117
766.0,view,382,261.14,1118
109.0,click,145,140.55,1119
781.0,view,354,100.75,1120
116.0,view,336,,1121
106.0,click,95,232.47,1122
67.0,click,332,45.18,1123
205.0,purchase,69,,1124
946.0,purchase,408,325.12,1125
465.0,view,444,125.34,1126
252.0,purchase,180,242.72,1127
496.0,click,301,235.64,1128
836.0,purchase,81,474.24,1129
42.0,view,462,274.98,1130
666.0,view,454,391.98,1131
336.0,click,107,13.89,1132
184.0,click,147,1880.572860944173,1133
573.0,view,77,252.21,1134
606.0,purchase,31,436.19,1135
,purchase,459,113.37,1136
83.0,click,74,284.82,1137
487.0,purchase,305,474.01,1138
554.0,view,409,418.06,1139
490.0,click,446,352.11,1140
236.0,purchase,25,453.3,1141
675.0,purchase,419,47.93,1142
802.0,purchase,27,75.91,1143
321.0,view,77,168.53,1144
233.0,click,56,101.33,1145
775.0,view,355,218.05,1146
99.0,unknown_event,178,156.7,1147
72.0,click,195,493.69,1148
702.0,purchase,328,484.79,1149
759.0,view,12,238.64,1150
251.0,click,368,171.86,1151
699.0,purchase,262,406.79,1152
916.0,purchase,63,136.61,1153
333.0,view,322,61.11,1154
39.0,click,288,329.85,1155
47.0,click,464,185.1,1156
787.0,purchase,276,322.41,1157
155.0,view,469,404.03,1158
580.0,view,307,323.24,1159
822.0,purchase,325,272.97,1160
54.0,view,285,218.73,1161
799.0,view,30,207.02,1162
445.0,purchase,165,137.06,1163
,view,396,479.19,1164
373.0,click,246,100.37,1165
638.0,view,4,38.34,1166
916.0,click,110,31.56,1167
103.0,purchase,343,142.17,1168
675.0,purchase,117,346.72,1169
890.0,click,384,27.72,1170
,view,327,404.35,1171
665.0,view,241,288.74,1172
949.0,click,378,358.92,1173
652.0,view,458,382.44,1174
486.0,click,326,,1175
913.0,purchase,482,17.78,1176
132.0,purchase,100,69.08,1177
240.0,view,170,224.38,1178
310.0,purchase,371,194.39,1179
905.0,view,330,105.03,1180
550.0,click,499,188.88,1181
423.0,click,82,388.19,1182
568.0,click,198,477.92,1183
688.0,purchase,370,360.65,1184
316.0,view,256,48.75,1185
386.0,click,211,57.02,1186
430.0,view,491,60.98,1187
581.0,view,338,54.48,1188
604.0,view,16,381.15,1189
744.0,click,303,296.94,1190
720.0,view,243,74.17,1191
729.0,purchase,167,134.67,1192
679.0,purchase,240,454.67,1193
552.0,view,221,239.1,1194
245.0,click,417,287.0,1195
611.0,view,323,486.5,1196
965.0,click,429,393.36,1197
,click,63,24.32,1198
827.0,purchase,216,214.43,1199
774.0,purchase,258,144.41,1200
502.0,view,357,375.68,1201
905.0,view,252,,1202
965.0,purchase,289,267.93,1203
584.0,purchase,430,171.64,1204
877.0,view,114,248.06,1205
515.0,view,315,113.97,1206
249.0,click,108,324.88,1207
595.0,view,64,451.73,1208
920.0,click,46,165.18,1209
18.0,click,422,344.08,1210
357.0,click,279,380.72,1211
261.0,click,230,199.71,1212
,click,351,45.46,1213
140.0,purchase,137,83.41,1214
449.0,purchase,47,465.14,1215
,view,20,167.2,1216
934.0,click,184,347.04,1217
812.0,click,385,65.54,1218
763.0,click,316,62.36,1219
160.0,purchase,290,229.43,1220
862.0,click,194,171.22,1221
,click,458,105.83,1222
600.0,view,10,,1223
301.0,view,491,265.8,1224
980.0,purchase,69,452.26,1225
918.0,view,327,271.01,1226
240.0,view,156,140.87,1227
617.0,view,464,51.47,1228
658.0,view,320,3405.9304793979495,1229
592.0,purchase,5,163.68,1230
708.0,view,393,219.29,1231
997.0,purchase,85,54.43,1232
559.0,purchase,153,165.5,1233
483.0,click,254,474.77,1234
746.0,click,68,450.51,1235
904.0,click,244,163.25,1236
439.0,purchase,177,291.26,1237
703.0,click,312,142.31,1238
357.0,purchase,187,378.03,1239
404.0,click,203,89.47,1240
108.0,view,289,169.24,1241
855.0,view,294,466.74,1242
463.0,view,309,256.83,1243
261.0,click,152,182.58,1244
595.0,click,377,312.08,1245
598.0,view,48,-66.91,1246
483.0,view,427,,1247
632.0,purchase,43,64.38,1248
49.0,click,473,477.81,1249
2.0,purchase,105,498.08,1250
699.0,click,11,342.49,1251
560.0,click,397,209.37,1252
29.0,purchase,207,,1253
560.0,purchase,251,246.37,1254
115.0,view,267,6342.238428908761,1255
923.0,purchase,25,358.28,1256
932.0,click,466,487.61,1257
714.0,view,499,403.84,1258
934.0,click,4,43.24,1259
61.0,view,182,232.3,1260
275.0,view,93,237.49,1261
194.0,click,252,499.91,1262
347.0,view,55,266.13,1263
963.0,view,189,,1264
393.0,purchase,23,268.03,1265
894.0,click,120,225.24,1266
827.0,click,374,427.41,1267
36.0,view,133,380.37,1268
166.0,view,348,430.72,1269
468.0,click,165,401.29,1270
421.0,click,332,463.18,1271
556.0,click,391,278.12,1272
749.0,view,66,134.91,1273
203.0,click,40,219.42,1274
888.0,click,55,,1275
609.0,click,129,,1276
945.0,view,26,334.01,1277
306.0,view,235,71.89,1278
367.0,click,148,289.24,1279
390.0,click,308,160.06,1280
933.0,purchase,280,7114.054856410033,1281
326.0,view,421,338.13,1282
517.0,purchase,170,165.26,1283
189.0,click,436,477.76,1284
,unknown_event,443,425.08,1285
505.0,view,119,114.87,1286
567.0,purchase,70,88.7,1287
982.0,click,357,387.41,1288
290.0,view,122,,1289
751.0,purchase,86,90.74,1290
467.0,click,167,193.08,1291
,purchase,86,,1292
819.0,purchase,180,1489.7957342955326,1293
914.0,click,213,,1294
660.0,purchase,47,375.99,1295
996.0,view,432,32.09,1296
424.0,view,357,,1297
216.0,purchase,53,433.73,1298
,click,104,100.01,1299
522.0,click,198,406.14,1300
127.0,click,124,227.37,1301
,click,225,388.7,1302
133.0,view,27,,1303
485.0,click,480,147.94,1304
717.0,purchase,252,62.96,1305
459.0,purchase,150,277.8,1306
154.0,purchase,320,92.98,1307
815.0,purchase,288,1038.7330488275193,1308
297.0,purchase,353,468.44,1309
195.0,view,295,62.69,1310
228.0,purchase,370,221.58,1311
946.0,click,80,488.91,1312
669.0,click,395,431.85,1313
885.0,click,9,136.12,1314
491.0,view,473,240.54,1315
135.0,purchase,234,351.71,1316
934.0,purchase,245,316.91,1317
117.0,view,77,325.27,1318
762.0,view,226,,1319
148.0,click,16,176.39,1320
934.0,view,399,240.9,1321
,purchase,445,298.63,1322
262.0,view,328,481.21,1323
664.0,view,175,317.85,1324
764.0,purchase,398,106.51,1325
,view,108,380.85,1326
76.0,purchase,48,21.03,1327
119.0,click,46,109.68,1328
597.0,purchase,295,92.84,1329
814.0,view,469,82.69,1330
378.0,click,228,445.11,1331
327.0,view,287,282.34,1332
943.0,view,191,221.49,1333
742.0,purchase,159,114.8,1334
346.0,purchase,249,471.62,1335
615.0,view,299,309.07,1336
564.0,click,462,153.39,1337
657.0,click,399,22.78,1338
995.0,click,159,367.03,1339
602.0,click,314,,1340
449.0,purchase,498,358.78,1341
952.0,purchase,384,301.18,1342
684.0,click,27,31.58,1343
49.0,purchase,61,461.49,1344
881.0,purchase,321,22.35,1345
,purchase,249,377.37,1346
,click,237,36.31,1347
242.0,view,255,314.5,1348
374.0,purchase,143,246.17,1349
203.0,view,307,12.71,1350
,click,339,66.09,1351
,purchase,462,383.56,1352
152.0,view,180,430.13,1353
36.0,purchase,398,271.73,1354
718.0,purchase,236,385.15,1355
231.0,view,451,294.39,1356
853.0,view,54,271.9,1357
78.0,click,483,245.6,1358
875.0,purchase,422,45.43,1359
709.0,purchase,491,470.73,1360
329.0,view,449,22.14,1361
762.0,click,349,44.65,1362
150.0,view,40,494.13,1363
749.0,view,267,330.59,1364
270.0,view,72,382.29,1365
193.0,purchase,189,422.19,1366
313.0,purchase,83,49.42,1367
59.0,purchase,313,17.18,1368
563.0,view,482,261.53,1369
140.0,view,494,,1370
211.0,purchase,239,457.13,1371
83.0,click,330,417.31,1372
752.0,click,156,69.43,1373
515.0,purchase,67,155.16,1374
996.0,purchase,175,234.29,1375
668.0,purchase,5,458.68,1376
766.0,view,472,-204.43,1377
259.0,view,417,140.17,1378
995.0,view,198,336.52,1379
880.0,click,370,224.82,1380
521.0,view,23,42.34,1381
48.0,view,189,433.2,1382
84.0,purchase,240,147.6,1383
736.0,click,164,15.73,1384
438.0,view,5,454.81,1385
226.0,view,263,411.21,1386
338.0,click,119,189.54,1387
115.0,view,148,488.74,1388
16.0,view,57,371.12,1389
664.0,view,441,354.73,1390
546.0,purchase,8,185.53,1391
534.0,purchase,301,88.47,1392
770.0,purchase,234,461.4,1393
981.0,click,32,7001.778512734044,1394
426.0,click,229,88.09,1395
493.0,click,32,273.86,1396
359.0,view,162,23.6,1397
846.0,purchase,330,351.97,1398
5.0,view,85,324.19,1399
,purchase,310,173.86,1400
504.0,purchase,473,482.02,1401
17.0,purchase,462,273.38,1402
845.0,purchase,33,78.08,1403
650.0,purchase,50,250.93,1404
314.0,view,277,317.74,1405
375.0,purchase,227,112.11,1406
296.0,click,345,181.79,1407
989.0,click,452,5544.982632775836,1408
38.0,purchase,413,405.73,1409
163.0,view,389,482.63,1410
481.0,view,479,311.27,1411
396.0,click,24,100.87,1412
108.0,view,222,432.21,1413
893.0,view,165,394.84,1414
700.0,purchase,389,488.05,1415
860.0,purchase,355,199.64,1416
307.0,click,117,,1417
63.0,purchase,249,423.03,1418
249.0,view,26,460.71,1419
63.0,view,302,278.14,1420
388.0,click,242,263.1,1421
125.0,click,74,6.5,1422
901.0,view,78,41.94,1423
878.0,click,97,467.07,1424
768.0,click,388,409.18,1425
631.0,purchase,354,465.91,1426
768.0,click,427,159.81,1427
636.0,purchase,131,156.18,1428
451.0,view,280,335.34,1429
555.0,view,451,358.62,1430
247.0,click,415,303.73,1431
889.0,click,179,415.67,1432
814.0,view,345,75.53,1433
437.0,unknown_event,27,98.4,1434
18.0,purchase,24,315.33,1435
767.0,purchase,219,196.68,1436
602.0,purchase,484,-375.95,1437
710.0,view,118,79.75,1438
185.0,click,235,29.73,1439
608.0,view,94,190.03,1440
725.0,view,305,35.73,1441
379.0,purchase,210,8.82,1442
923.0,click,450,325.94,1443
915.0,click,439,428.1,1444
622.0,view,343,433.06,1445
413.0,click,52,355.35,1446
628.0,click,138,418.71,1447
358.0,view,131,478.2,1448
898.0,click,349,335.74,1449
874.0,click,350,337.06,1450
,view,107,413.97,1451
818.0,click,265,376.22,1452
361.0,purchase,29,140.57,1453
996.0,purchase,16,455.15,1454
175.0,view,107,17.48,1455
141.0,click,444,52.6,1456
739.0,view,53,366.84,1457
650.0,click,366,249.66,1458
493.0,purchase,312,3517.705098013765,1459
90.0,click,151,241.59,1460
,purchase,421,220.98,1461
805.0,view,492,8.96,1462
760.0,click,2,279.87,1463
315.0,click,286,74.52,1464
87.0,click,407,432.3,1465
116.0,click,261,44.45,1466
178.0,view,284,467.34,1467
965.0,click,471,331.53,1468
955.0,click,19,447.37,1469
192.0,click,210,16.02,1470
348.0,click,478,196.07,1471
184.0,click,127,453.19,1472
88.0,view,343,242.83,1473
217.0,click,124,1457.3623190311878,1474
435.0,purchase,347,74.59,1475
127.0,purchase,149,277.84,1476
6.0,purchase,338,121.32,1477
899.0,view,324,370.33,1478
381.0,click,375,319.91,1479
889.0,view,45,,1480
220.0,purchase,217,23.88,1481
596.0,click,136,275.55,1482
322.0,purchase,450,447.19,1483
797.0,purchase,247,302.99,1484
381.0,purchase,89,339.61,1485
125.0,purchase,252,430.57,1486
564.0,purchase,29,14.38,1487
28.0,click,50,61.68,1488
276.0,click,487,33.5,1489
536.0,view,368,84.86,1490
545.0,click,153,71.05,1491
,click,311,327.91,1492
874.0,unknown_event,304,404.41,1493
,purchase,210,144.09,1494
59.0,click,252,446.98,1495
785.0,purchase,137,,1496
288.0,purchase,369,330.61,1497
57.0,purchase,11,407.34,1498
405.0,purchase,375,59.22,1499
388.0,click,421,56.61,1500
396.0,view,159,319.23,1501
305.0,click,453,,1502
178.0,purchase,331,467.67,1503
730.0,view,224,290.29,1504
890.0,view,12,119.92,1505
911.0,click,369,97.05,1506
472.0,view,105,204.87,1507
690.0,click,49,157.44,1508
831.0,click,447,27.9,1509
417.0,purchase,486,449.13,1510
656.0,purchase,183,1688.279229921328,1511
678.0,view,434,248.1,1512
687.0,click,183,217.92,1513
650.0,click,423,305.55,1514
644.0,purchase,343,,1515
483.0,purchase,364,398.14,1516
265.0,purchase,435,408.52,1517
23.0,purchase,359,120.12,1518
107.0,click,124,71.96,1519
204.0,purchase,153,284.08,1520
830.0,view,321,111.97,1521
757.0,purchase,168,118.96,1522
206.0,click,27,230.52,1523
548.0,purchase,119,341.82,1524
694.0,view,491,429.35,1525
267.0,purchase,435,263.8,1526
107.0,view,471,376.37,1527
140.0,click,292,-416.44,1528
349.0,view,353,346.7,1529
320.0,click,94,373.78,1530
929.0,purchase,398,431.7,1531
708.0,purchase,194,126.87,1532
10.0,click,138,67.19,1533
924.0,click,276,142.99,1534
421.0,view,127,17.23,1535
556.0,purchase,141,30.1,1536
961.0,purchase,85,155.43,1537
108.0,purchase,281,47.39,1538
556.0,view,289,45.64,1539
174.0,view,489,448.5,1540
577.0,click,376,458.88,1541
492.0,purchase,110,,1542
997.0,purchase,44,227.75,1543
959.0,purchase,498,232.97,1544
482.0,click,478,282.74,1545
866.0,view,272,351.43,1546
510.0,click,418,411.47,1547
651.0,purchase,457,,1548
267.0,click,495,191.74,1549
542.0,click,135,11.92,1550
752.0,click,82,468.29,1551
320.0,click,82,434.08,1552
83.0,click,344,353.85,1553
616.0,purchase,79,213.24,1554
982.0,purchase,232,22.97,1555
734.0,click,69,464.63,1556
187.0,purchase,53,192.86,1557
619.0,purchase,248,,1558
348.0,purchase,341,113.97,1559
340.0,click,114,409.47,1560
612.0,click,19,211.67,1561
499.0,click,332,331.64,1562
972.0,click,215,327.8,1563
386.0,purchase,350,86.38,1564
594.0,view,428,134.15,1565
,view,118,,1566
403.0,click,316,72.05,1567
496.0,view,20,114.82,1568
781.0,view,148,310.84,1569
,purchase,419,28.19,1570
898.0,view,401,335.23,1571
451.0,purchase,482,339.89,1572
432.0,purchase,295,377.16,1573
846.0,click,4,377.82,1574
724.0,purchase,298,343.02,1575
925.0,view,176,293.06,1576
34.0,click,80,459.71,1577
253.0,view,444,27.15,1578
671.0,purchase,90,9.45,1579
646.0,purchase,82,493.32,1580
12.0,view,375,318.28,1581
888.0,click,33,492.43,1582
903.0,view,50,269.25,1583
591.0,view,158,432.26,1584
571.0,purchase,354,68.52,1585
250.0,view,22,407.89,1586
722.0,view,253,455.23,1587
995.0,click,345,431.8,1588
236.0,view,322,424.1,1589
171.0,view,139,72.97,1590
683.0,click,112,214.71,1591
273.0,click,131,57.28,1592
36.0,view,431,84.01,1593
659.0,purchase,361,226.9,1594
734.0,purchase,16,164.54,1595
700.0,view,6,252.58,1596
569.0,purchase,121,299.21,1597
509.0,click,270,459.8,1598
312.0,purchase,78,386.29,1599
196.0,purchase,476,443.79,1600
4.0,click,160,366.44,1601
645.0,click,478,321.72,1602
76.0,click,29,363.52,1603
881.0,purchase,107,225.44,1604
194.0,purchase,134,142.31,1605
584.0,click,85,314.46,1606
405.0,view,361,58.55,1607
55.0,purchase,250,,1608
960.0,click,22,107.13,1609
765.0,view,66,281.08,1610
963.0,purchase,238,151.18,1611
603.0,view,441,372.03,1612
654.0,purchase,67,165.09,1613
167.0,purchase,7,338.29,1614
976.0,purchase,454,251.2,1615
261.0,view,426,234.53,1616
776.0,view,323,85.78,1617
860.0,click,118,471.65,1618
797.0,click,247,208.16,1619
407.0,purchase,340,385.73,1620
203.0,purchase,287,88.68,1621
122.0,click,157,142.74,1622
61.0,click,103,161.54,1623
250.0,purchase,145,51.14,1624
729.0,view,486,173.83,1625
121.0,click,13,183.68,1626
804.0,view,433,453.33,1627
944.0,click,12,141.98,1628
221.0,purchase,446,35.16,1629
75.0,purchase,347,,1630
820.0,click,98,430.73,1631
209.0,click,442,448.99,1632
354.0,view,243,61.51,1633
878.0,purchase,255,170.98,1634
325.0,click,203,115.87,1635
878.0,purchase,478,264.19,1636
848.0,purchase,67,5640.183154602919,1637
748.0,purchase,301,389.31,1638
651.0,view,190,144.27,1639
737.0,purchase,152,492.68,1640
259.0,view,480,336.92,1641
,purchase,49,287.98,1642
695.0,purchase,247,153.58,1643
233.0,purchase,45,198.69,1644
480.0,unknown_event,10,205.55,1645
406.0,view,185,426.44,1646
714.0,click,418,392.41,1647
301.0,view,456,170.97,1648
342.0,click,54,307.58,1649
97.0,purchase,8,136.79,1650
566.0,click,237,211.68,1651
195.0,click,378,370.06,1652
66.0,click,302,199.15,1653
114.0,click,301,104.16,1654
683.0,purchase,411,194.7,1655
547.0,click,77,403.85,1656
341.0,view,1,102.31,1657
858.0,purchase,424,5.41,1658
900.0,click,136,423.58,1659
370.0,click,84,296.9,1660
,purchase,364,207.5,1661
125.0,view,207,495.12,1662
718.0,click,289,166.42,1663
875.0,purchase,490,366.57,1664
466.0,click,65,236.33,1665
978.0,click,187,13.18,1666
873.0,click,196,382.75,1667
717.0,purchase,156,23.52,1668
,view,278,424.49,1669
,purchase,289,337.63,1670
626.0,view,135,111.41,1671
525.0,view,123,42.94,1672
394.0,view,322,66.81,1673
287.0,purchase,229,297.92,1674
742.0,click,118,442.77,1675
823.0,view,86,392.72,1676
947.0,click,173,140.96,1677
723.0,click,134,484.21,1678
646.0,click,316,4440.835809372577,1679
785.0,purchase,163,459.25,1680
994.0,purchase,220,261.75,1681
37.0,view,438,483.65,1682
173.0,click,79,374.03,1683
329.0,view,296,425.89,1684
53.0,click,202,7.94,1685
176.0,click,10,320.35,1686
990.0,view,293,-359.07,1687
9.0,click,382,262.89,1688
982.0,purchase,63,307.66,1689
45.0,view,222,296.51,1690
132.0,purchase,243,76.19,1691
794.0,purchase,31,10.0,1692
445.0,click,335,293.83,1693
919.0,view,412,8381.854186688519,1694
179.0,click,172,464.95,1695
776.0,purchase,445,126.15,1696
787.0,purchase,463,157.41,1697
139.0,purchase,131,318.01,1698
981.0,view,436,440.66,1699
818.0,view,112,186.74,1700
646.0,view,461,255.54,1701
492.0,view,392,183.69,1702
444.0,click,424,,1703
168.0,purchase,322,168.93,1704
390.0,purchase,28,455.09,1705
622.0,view,205,333.58,1706
281.0,click,368,483.72,1707
757.0,purchase,113,42.61,1708
279.0,click,419,465.24,1709
516.0,click,114,434.72,1710
263.0,purchase,235,162.16,1711
597.0,click,344,66.18,1712
768.0,view,326,236.11,1713
666.0,purchase,402,199.05,1714
719.0,click,450,61.88,1715
,view,400,418.25,1716
,purchase,78,126.43,1717
73.0,click,389,19.51,1718
266.0,view,384,-228.01,1719
513.0,purchase,24,7.29,1720
667.0,view,121,415.12,1721
558.0,unknown_event,446,200.98,1722
941.0,view,413,66.46,1723
,purchase,336,110.74,1724
780.0,click,34,86.44,1725
788.0,purchase,97,84.52,1726
267.0,purchase,428,,1727
90.0,view,82,469.65,1728
592.0,purchase,333,224.15,1729
120.0,view,295,298.7,1730
846.0,click,238,6.48,1731
403.0,purchase,282,126.43,1732
241.0,view,358,333.54,1733
554.0,unknown_event,465,402.11,1734
689.0,click,394,121.91,1735
125.0,purchase,338,139.79,1736
830.0,view,91,413.48,1737
800.0,click,352,151.19,1738
,purchase,477,,1739
739.0,purchase,366,,1740
306.0,view,147,423.92,1741
21.0,view,234,199.51,1742
924.0,click,19,8.04,1743
726.0,purchase,499,426.51,1744
727.0,view,280,326.05,1745
885.0,view,24,327.78,1746
708.0,click,60,349.96,1747
311.0,view,43,,1748
658.0,click,182,85.41,1749
520.0,click,499,467.13,1750
497.0,click,330,65.02,1751
652.0,click,450,,1752
626.0,click,421,454.85,1753
400.0,unknown_event,231,495.38,1754
75.0,view,51,123.35,1755
783.0,purchase,471,224.54,1756
,unknown_event,388,245.78,1757
373.0,click,164,139.38,1758
627.0,click,495,124.64,1759
649.0,view,379,390.12,1760
26.0,purchase,235,139.69,1761
968.0,view,26,,1762
965.0,purchase,163,129.86,1763
360.0,click,308,259.56,1764
662.0,view,181,345.89,1765
474.0,click,206,243.14,1766
846.0,purchase,360,206.21,1767
413.0,view,322,142.9,1768
852.0,click,18,313.31,1769
698.0,click,426,116.97,1770
429.0,purchase,487,,1771
706.0,click,96,425.27,1772
806.0,view,321,118.88,1773
296.0,click,390,76.26,1774
288.0,view,156,211.61,1775
210.0,click,147,197.14,1776
596.0,purchase,473,33.04,1777
790.0,click,123,-414.38,1778
599.0,purchase,311,256.58,1779
587.0,purchase,318,496.67,1780
444.0,click,477,-497.07,1781
931.0,view,380,213.34,1782
344.0,purchase,497,384.26,1783
917.0,click,355,429.47,1784
492.0,view,165,149.21,1785
840.0,purchase,101,187.88,1786
197.0,view,80,211.03,1787
367.0,view,415,105.64,1788
967.0,click,50,,1789
149.0,purchase,434,265.52,1790
319.0,view,293,108.55,1791
688.0,view,18,488.65,1792
930.0,click,373,86.27,1793
702.0,purchase,476,344.1,1794
503.0,purchase,86,448.95,1795
579.0,purchase,2,118.28,1796
996.0,view,102,369.45,1797
398.0,view,212,,1798
649.0,purchase,275,192.59,1799
877.0,purchase,330,60.01,1800
57.0,view,386,281.92,1801
694.0,click,355,473.79,1802
,view,167,73.92,1803
589.0,click,224,198.31,1804
124.0,click,122,84.72,1805
63.0,click,489,36.36,1806
63.0,click,207,177.3,1807
100.0,unknown_event,278,,1808
606.0,view,350,84.93,1809
261.0,purchase,160,179.63,1810
796.0,purchase,177,453.98,1811
784.0,view,113,322.48,1812
107.0,purchase,175,410.47,1813
328.0,click,319,158.58,1814
139.0,view,445,220.82,1815
404.0,purchase,497,,1816
906.0,view,282,,1817
976.0,click,135,230.78,1818
153.0,purchase,38,352.6,1819
959.0,view,29,359.92,1820
414.0,purchase,73,203.53,1821
166.0,view,122,202.89,1822
42.0,view,227,442.33,1823
480.0,purchase,270,,1824
238.0,click,220,415.21,1825
167.0,purchase,104,275.23,1826
532.0,view,198,189.84,1827
104.0,purchase,59,,1828
548.0,click,187,327.33,1829
529.0,click,150,420.97,1830
513.0,view,328,21.52,1831
722.0,purchase,399,396.75,1832
924.0,view,33,437.74,1833
33.0,purchase,316,355.09,1834
270.0,view,473,260.87,1835
446.0,view,66,271.71,1836
149.0,click,323,286.1,1837
984.0,click,343,395.44,1838
770.0,purchase,6,356.31,1839
708.0,view,385,409.82,1840
64.0,view,140,135.77,1841
611.0,purchase,404,121.71,1842
485.0,click,72,28.86,1843
775.0,purchase,447,211.53,1844
350.0,click,413,49.47,1845
585.0,purchase,154,303.57,1846
,click,25,231.07,1847
49.0,click,353,-348.97,1848
171.0,purchase,341,239.74,1849
785.0,view,280,130.33,1850
921.0,click,189,,1851
721.0,click,421,288.97,1852
618.0,view,182,,1853
463.0,view,162,111.68,1854
500.0,purchase,444,175.14,1855
317.0,click,6,200.86,1856
130.0,click,230,425.65,1857
663.0,click,236,169.19,1858
36.0,click,279,34.53,1859
32.0,purchase,252,136.5,1860
395.0,click,28,394.68,1861
298.0,click,424,395.09,1862
605.0,click,58,370.78,1863
190.0,click,61,403.1,1864
,view,354,145.54,1865
409.0,purchase,486,456.79,1866
144.0,click,146,276.66,1867
718.0,view,213,125.19,1868
444.0,view,16,392.64,1869
486.0,purchase,312,52.19,1870
817.0,view,69,19.38,1871
311.0,purchase,264,449.53,1872
608.0,purchase,55,219.23,1873
393.0,click,285,231.45,1874
783.0,click,158,156.24,1875
786.0,click,235,391.11,1876
931.0,click,343,495.26,1877
660.0,click,86,250.03,1878
732.0,view,253,1202.2925468758126,1879
629.0,view,99,245.83,1880
537.0,purchase,17,11.58,1881
627.0,view,301,30.4,1882
789.0,view,220,220.74,1883
620.0,view,480,13.06,1884
252.0,purchase,134,-84.02,1885
342.0,purchase,79,279.27,1886
992.0,view,359,445.11,1887
835.0,click,240,,1888
345.0,purchase,128,260.87,1889
,purchase,194,487.68,1890
784.0,click,304,44.65,1891
989.0,view,485,465.11,1892
740.0,view,375,336.37,1893
980.0,view,358,114.73,1894
992.0,view,493,425.48,1895
234.0,purchase,228,3001.0084601753747,1896
321.0,view,324,265.82,1897
334.0,view,461,419.09,1898
13.0,click,401,402.26,1899
684.0,view,308,390.19,1900
,view,114,166.72,1901
907.0,purchase,449,407.54,1902
559.0,view,40,498.8,1903
233.0,view,441,272.47,1904
671.0,click,78,43.19,1905
43.0,purchase,336,360.87,1906
16.0,click,485,102.96,1907
101.0,purchase,163,301.79,1908
292.0,purchase,366,368.62,1909
315.0,purchase,108,333.98,1910
544.0,click,211,112.73,1911
754.0,view,109,304.92,1912
573.0,click,415,95.86,1913
941.0,purchase,216,95.31,1914
195.0,view,253,430.95,1915
386.0,view,450,67.91,1916
374.0,click,208,127.33,1917
509.0,purchase,360,56.69,1918
888.0,view,408,414.68,1919
621.0,purchase,57,130.72,1920
477.0,click,468,386.35,1921
874.0,purchase,452,282.07,1922
583.0,view,130,116.05,1923
591.0,view,94,341.31,1924
389.0,click,21,437.61,1925
941.0,purchase,259,12.81,1926
958.0,click,478,409.62,1927
341.0,view,50,257.27,1928
745.0,purchase,257,409.99,1929
468.0,view,139,22.05,1930
579.0,view,464,463.31,1931
833.0,purchase,279,342.13,1932
548.0,click,425,159.24,1933
218.0,view,164,295.56,1934
482.0,click,403,405.19,1935
790.0,purchase,14,250.63,1936
591.0,click,147,203.45,1937
377.0,purchase,280,73.62,1938
698.0,click,122,450.51,1939
209.0,view,20,366.4,1940
609.0,view,371,32.23,1941
600.0,purchase,58,352.0,1942
,click,255,414.12,1943
47.0,view,378,102.21,1944
697.0,click,14,397.95,1945
700.0,purchase,254,338.21,1946
901.0,click,366,274.12,1947
623.0,view,440,194.27,1948
992.0,view,304,173.19,1949
814.0,view,444,40.67,1950
102.0,click,218,25.34,1951
831.0,click,19,-325.67,1952
781.0,purchase,156,199.39,1953
200.0,view,71,474.54,1954
345.0,click,94,352.59,1955
852.0,view,164,325.85,1956
53.0,click,26,489.46,1957
413.0,click,251,280.42,1958
314.0,view,300,392.0,1959
38.0,click,459,410.22,1960
159.0,click,471,306.08,1961
668.0,purchase,144,439.05,1962
833.0,purchase,406,494.08,1963
865.0,click,170,51.12,1964
311.0,view,446,215.03,1965
68.0,view,189,484.85,1966
978.0,purchase,408,224.11,1967
617.0,click,170,93.54,1968
645.0,view,450,336.46,1969
920.0,purchase,278,311.24,1970
831.0,purchase,362,306.68,1971
310.0,purchase,185,396.67,1972
361.0,view,458,497.26,1973
549.0,view,339,374.47,1974
503.0,view,217,223.01,1975
88.0,view,262,204.24,1976
184.0,view,342,427.36,1977
493.0,click,449,258.45,1978
569.0,view,18,74.29,1979
40.0,click,287,459.68,1980
375.0,view,457,464.53,1981
373.0,view,284,336.34,1982
732.0,view,218,298.99,1983
914.0,view,99,209.83,1984
600.0,click,275,50.82,1985
936.0,purchase,100,322.74,1986
867.0,view,178,65.23,1987
790.0,view,108,438.44,1988
390.0,view,135,8.53,1989
689.0,view,415,82.33,1990
812.0,purchase,447,36.97,1991
265.0,view,315,475.19,1992
601.0,view,50,253.02,1993
978.0,view,213,,1994
104.0,purchase,51,382.01,1995
,click,434,,1996
73.0,purchase,37,98.95,1997
686.0,purchase,97,41.53,1998
,view,330,255.59,1999
942.0,purchase,203,17.92,2000
829.0,view,241,378.08,2001
942.0,click,137,262.88,2002
,click,397,259.37,2003
941.0,purchase,442,274.13,2004
963.0,purchase,458,463.6,2005
70.0,purchase,1,342.52,2006
743.0,click,271,281.07,2007
422.0,view,449,,2008
310.0,click,145,189.64,2009
9.0,purchase,415,356.69,2010
398.0,purchase,296,193.88,2011
410.0,click,272,297.9,2012
644.0,view,94,399.22,2013
272.0,view,480,374.41,2014
27.0,click,318,173.17,2015
763.0,purchase,473,390.61,2016
633.0,view,211,57.88,2017
716.0,purchase,97,251.58,2018
8.0,purchase,4,305.2,2019
304.0,purchase,234,456.83,2020
883.0,purchase,112,485.31,2021
130.0,view,251,9.22,2022
908.0,view,123,48.79,2023
110.0,purchase,200,288.47,2024
267.0,click,104,393.92,2025
934.0,purchase,463,202.38,2026
971.0,view,69,455.8,2027
353.0,click,359,155.2,2028
465.0,purchase,96,347.34,2029
126.0,click,150,20.25,2030
798.0,purchase,152,358.16,2031
652.0,view,362,417.68,2032
154.0,click,404,20.69,2033
125.0,purchase,76,126.74,2034
827.0,purchase,140,8308.557562360644,2035
990.0,purchase,205,144.1,2036
19.0,purchase,82,476.27,2037
804.0,click,482,471.64,2038
745.0,click,482,2951.213177335824,2039
455.0,view,262,215.73,2040
406.0,view,299,225.41,2041
117.0,purchase,293,272.58,2042
923.0,purchase,365,5848.875924347656,2043
351.0,purchase,416,311.53,2044
888.0,click,285,322.94,2045
249.0,view,495,302.49,2046
771.0,purchase,221,70.2,2047
897.0,view,113,476.12,2048
916.0,click,481,250.99,2049
408.0,purchase,328,90.79,2050
827.0,click,215,174.74,2051
520.0,click,482,,2052
452.0,view,417,263.48,2053
404.0,purchase,51,,2054
952.0,purchase,167,386.65,2055
865.0,click,250,,2056
378.0,view,340,327.38,2057
918.0,view,86,302.03,2058
517.0,unknown_event,228,237.32,2059
913.0,purchase,476,80.26,2060
94.0,click,374,47.25,2061
871.0,view,453,396.83,2062
125.0,view,473,336.72,2063
5.0,purchase,302,99.78,2064
457.0,view,49,166.83,2065
978.0,view,199,499.29,2066
893.0,click,402,447.21,2067
752.0,view,272,173.54,2068
64.0,view,57,-142.52,2069
508.0,purchase,159,178.68,2070
776.0,click,338,39.63,2071
824.0,view,427,426.61,2072
390.0,view,408,395.33,2073
229.0,view,443,474.45,2074
472.0,view,352,405.99,2075
85.0,purchase,108,262.1,2076
799.0,view,80,430.05,2077
813.0,purchase,159,371.01,2078
667.0,view,454,123.99,2079
20.0,click,243,272.78,2080
435.0,click,170,189.42,2081
406.0,click,134,10.48,2082
456.0,purchase,99,405.33,2083
710.0,click,55,3740.238147767651,2084
742.0,click,161,479.75,2085
,click,186,156.63,2086
510.0,view,317,439.27,2087
778.0,purchase,154,248.67,2088
616.0,purchase,198,486.64,2089
946.0,click,159,179.69,2090
587.0,click,351,457.84,2091
758.0,click,98,247.17,2092
27.0,click,38,313.92,2093
895.0,view,110,143.45,2094
548.0,view,472,414.98,2095
224.0,view,276,69.18,2096
878.0,purchase,195,70.38,2097
298.0,click,291,453.71,2098
449.0,click,74,134.1,2099
113.0,click,241,388.13,2100
605.0,click,222,160.69,2101
607.0,click,30,264.52,2102
715.0,purchase,305,31.21,2103
977.0,click,165,378.8,2104
961.0,purchase,299,43.49,2105
135.0,view,407,324.72,2106
817.0,click,467,,2107
428.0,purchase,56,-20.11,2108
2.0,click,119,,2109
781.0,purchase,325,434.21,2110
779.0,purchase,210,202.0,2111
,view,92,438.68,2112
630.0,click,279,54.13,2113
571.0,unknown_event,10,43.97,2114
150.0,purchase,16,,2115
399.0,view,317,367.82,2116
672.0,view,399,56.51,2117
340.0,view,144,471.69,2118
14.0,purchase,412,226.34,2119
975.0,view,143,78.32,2120
896.0,purchase,488,301.95,2121
70.0,purchase,49,249.07,2122
895.0,purchase,320,127.49,2123
844.0,purchase,210,21.28,2124
754.0,view,498,15.54,2125
842.0,view,141,246.27,2126
482.0,click,77,159.04,2127
,view,419,145.97,2128
8.0,view,129,372.64,2129
265.0,purchase,210,470.03,2130
837.0,click,246,-120.7,2131
930.0,purchase,200,476.18,2132
866.0,click,201,146.37,2133
432.0,click,109,277.09,2134
844.0,click,301,40.03,2135
37.0,purchase,450,380.62,2136
381.0,click,68,449.42,2137
650.0,click,185,351.87,2138
,purchase,344,445.39,2139
395.0,purchase,50,6.09,2140
550.0,view,337,332.26,2141
748.0,purchase,52,417.62,2142
41.0,view,269,454.8,2143
308.0,view,356,365.83,2144
986.0,view,243,371.27,2145
196.0,view,119,23.57,2146
824.0,view,480,397.79,2147
828.0,purchase,127,300.88,2148
110.0,view,397,279.09,2149
35.0,click,141,,2150
195.0,click,339,100.68,2151
830.0,click,459,,2152
658.0,view,261,321.78,2153
251.0,view,218,160.45,2154
122.0,view,336,231.02,2155
890.0,view,305,484.1,2156
,purchase,94,147.49,2157
461.0,purchase,411,,2158
77.0,view,345,442.58,2159
739.0,purchase,166,41.47,2160
992.0,view,127,88.78,2161
244.0,view,239,113.97,2162
,view,241,5.07,2163
442.0,purchase,412,104.56,2164
488.0,click,294,9700.857466820717,2165
31.0,view,322,136.64,2166
460.0,click,105,40.62,2167
584.0,view,20,151.14,2168
140.0,view,393,,2169
14.0,view,244,,2170
327.0,purchase,483,214.05,2171
332.0,purchase,448,84.33,2172
396.0,click,190,8.43,2173
115.0,purchase,459,242.06,2174
5.0,view,2,85.89,2175
,click,74,121.89,2176
103.0,view,120,182.33,2177
523.0,click,491,466.68,2178
283.0,click,283,290.46,2179
956.0,click,133,,2180
,view,314,26.22,2181
380.0,purchase,233,144.73,2182
338.0,click,470,286.17,2183
243.0,purchase,140,,2184
317.0,click,217,151.42,2185
529.0,click,309,439.36,2186
877.0,purchase,143,298.49,2187
557.0,view,232,444.46,2188
446.0,purchase,273,454.78,2189
604.0,purchase,5,481.5,2190
263.0,purchase,343,78.82,2191
351.0,click,410,324.61,2192
143.0,view,7,297.62,2193
643.0,purchase,196,467.59,2194
202.0,view,28,118.03,2195
703.0,click,220,335.89,2196
130.0,purchase,288,-212.42,2197
989.0,purchase,285,395.75,2198
,click,224,154.13,2199
545.0,click,174,47.44,2200
957.0,purchase,224,,2201
114.0,click,441,386.04,2202
14.0,view,129,115.23,2203
167.0,view,481,260.04,2204
552.0,purchase,156,51.83,2205
83.0,view,374,398.77,2206
860.0,click,463,113.27,2207
175.0,view,489,187.91,2208
328.0,view,153,420.76,2209
934.0,view,328,109.18,2210
423.0,view,98,321.07,2211
680.0,purchase,12,401.74,2212
695.0,click,337,200.89,2213
767.0,click,364,415.67,2214
256.0,click,377,217.2,2215
578.0,click,168,148.98,2216
651.0,view,248,389.13,2217
153.0,click,25,459.6,2218
841.0,click,407,357.94,2219
261.0,purchase,444,169.93,2220
957.0,click,52,164.42,2221
415.0,click,312,256.5,2222
418.0,purchase,392,165.06,2223
580.0,click,483,81.71,2224
52.0,click,338,93.52,2225
496.0,purchase,65,11.88,2226
634.0,view,485,87.66,2227
997.0,purchase,357,101.32,2228
766.0,view,123,,2229
758.0,click,134,200.06,2230
454.0,purchase,435,42.34,2231
932.0,purchase,150,41.61,2232
659.0,click,310,447.0,2233
871.0,click,94,200.66,2234
169.0,purchase,255,383.8,2235
773.0,purchase,476,321.45,2236
764.0,click,133,228.55,2237
687.0,purchase,27,76.47,2238
492.0,click,136,487.4,2239
185.0,view,179,414.3,2240
362.0,unknown_event,490,273.0,2241
959.0,purchase,287,209.9,2242
10.0,click,230,7.44,2243
111.0,view,442,-457.07,2244
882.0,view,462,456.11,2245
280.0,view,292,4112.320371056687,2246
813.0,view,143,13.87,2247
879.0,click,73,317.99,2248
160.0,click,364,4186.2921828041,2249
83.0,click,146,236.5,2250
633.0,view,15,6.18,2251
191.0,purchase,233,357.55,2252
992.0,view,359,394.27,2253
629.0,click,354,141.96,2254
580.0,click,120,169.16,2255
451.0,click,42,286.84,2256
434.0,view,166,112.39,2257
259.0,purchase,377,253.45,2258
722.0,click,491,470.58,2259
589.0,view,218,337.7,2260
467.0,purchase,464,153.78,2261
196.0,view,421,417.03,2262
89.0,view,93,230.26,2263
607.0,view,311,327.28,2264
972.0,view,218,453.06,2265
382.0,view,206,393.36,2266
635.0,purchase,46,335.97,2267
361.0,view,339,272.28,2268
222.0,click,428,36.32,2269
783.0,purchase,183,293.03,2270
747.0,purchase,402,228.22,2271
860.0,purchase,364,90.06,2272
445.0,click,62,85.89,2273
57.0,purchase,422,312.16,2274
462.0,purchase,401,345.15,2275
840.0,click,108,277.46,2276
225.0,view,347,349.89,2277
,view,473,322.72,2278
382.0,purchase,209,401.49,2279
322.0,purchase,280,454.36,2280
20.0,view,320,350.88,2281
152.0,view,277,28.81,2282
62.0,view,369,219.54,2283
577.0,view,207,20.1,2284
167.0,purchase,371,294.52,2285
834.0,view,479,273.3,2286
756.0,purchase,123,50.87,2287
888.0,purchase,441,25.77,2288
233.0,purchase,430,360.04,2289
252.0,click,22,102.84,2290
296.0,view,145,427.14,2291
504.0,purchase,282,481.84,2292
546.0,view,332,4623.123516607858,2293
940.0,view,126,14.68,2294
847.0,click,248,139.01,2295
174.0,click,495,234.01,2296
720.0,purchase,110,45.38,2297
240.0,purchase,370,136.65,2298
82.0,click,289,135.27,2299
727.0,purchase,290,199.1,2300
614.0,view,359,-411.76,2301
185.0,view,148,162.51,2302
446.0,view,473,,2303
393.0,view,418,366.01,2304
423.0,purchase,362,366.0,2305
177.0,purchase,13,226.2,2306
785.0,view,452,109.52,2307
,view,68,246.25,2308
647.0,purchase,229,421.54,2309
637.0,purchase,383,90.53,2310
60.0,click,87,190.59,2311
760.0,purchase,207,432.79,2312
857.0,click,343,430.74,2313
153.0,purchase,291,195.99,2314
640.0,purchase,152,217.78,2315
889.0,view,195,48.56,2316
276.0,view,441,174.2,2317
569.0,view,204,378.88,2318
292.0,purchase,139,364.49,2319
2.0,purchase,463,143.22,2320
656.0,purchase,141,178.73,2321
409.0,purchase,177,49.62,2322
570.0,view,269,113.84,2323
400.0,click,462,451.71,2324
333.0,click,214,5895.104454045827,2325
103.0,click,360,402.92,2326
259.0,view,410,320.7,2327
97.0,unknown_event,157,310.86,2328
598.0,purchase,477,346.58,2329
716.0,view,83,20.71,2330
649.0,view,141,60.63,2331
126.0,purchase,76,266.95,2332
798.0,view,109,202.67,2333
906.0,view,379,270.63,2334
432.0,view,367,81.74,2335
646.0,purchase,464,19.54,2336
206.0,click,220,,2337
905.0,purchase,344,139.93,2338
158.0,view,209,305.91,2339
547.0,view,195,89.8,2340
753.0,click,436,213.96,2341
159.0,purchase,343,342.34,2342
448.0,click,176,77.02,2343
308.0,purchase,70,298.55,2344
718.0,purchase,262,7383.533140538265,2345
149.0,purchase,192,366.35,2346
40.0,purchase,487,75.26,2347
730.0,click,419,346.43,2348
176.0,click,107,297.87,2349
852.0,view,308,15.94,2350
384.0,purchase,427,260.0,2351
953.0,purchase,108,455.5,2352
944.0,view,352,483.97,2353
21.0,click,41,384.7,2354
653.0,view,46,155.47,2355
,click,338,499.97,2356
697.0,purchase,292,181.37,2357
446.0,unknown_event,257,480.85,2358
854.0,click,213,492.26,2359
260.0,click,421,334.11,2360
206.0,click,260,285.17,2361
932.0,purchase,125,27.55,2362
996.0,view,411,435.5,2363
899.0,view,304,,2364
497.0,view,6,280.4,2365
294.0,click,332,15.98,2366
507.0,click,372,16.61,2367
322.0,purchase,333,328.71,2368
250.0,view,195,234.74,2369
89.0,view,72,50.19,2370
764.0,view,374,250.58,2371
,click,381,253.58,2372
823.0,view,76,383.67,2373
,view,451,255.13,2374
419.0,view,445,,2375
636.0,view,144,30.99,2376
906.0,view,318,258.57,2377
824.0,click,199,330.52,2378
336.0,click,111,465.34,2379
947.0,view,174,255.91,2380
328.0,view,239,406.16,2381
871.0,view,270,242.22,2382
21.0,click,391,201.84,2383
431.0,purchase,7,48.37,2384
711.0,click,478,433.0,2385
210.0,click,483,334.42,2386
49.0,click,92,34.55,2387
398.0,view,143,,2388
791.0,click,204,109.54,2389
887.0,purchase,136,301.43,2390
461.0,purchase,238,357.86,2391
770.0,click,224,440.17,2392
79.0,view,317,209.18,2393
867.0,view,93,421.62,2394
846.0,view,275,476.14,2395
,click,483,250.59,2396
346.0,purchase,73,471.27,2397
422.0,click,401,226.58,2398
382.0,purchase,100,216.2,2399
992.0,click,365,,2400
567.0,view,411,17.64,2401
715.0,purchase,123,445.45,2402
672.0,click,297,328.14,2403
971.0,click,40,54.38,2404
162.0,click,3,165.3,2405
361.0,click,158,284.42,2406
775.0,click,26,91.63,2407
47.0,click,110,221.23,2408
392.0,view,416,334.75,2409
857.0,view,37,183.88,2410
763.0,view,67,25.34,2411
,purchase,15,5.32,2412
988.0,view,359,346.39,2413
609.0,click,256,175.51,2414
,click,471,7429.734804790786,2415
438.0,click,327,421.57,2416
179.0,purchase,367,473.59,2417
394.0,view,159,30.0,2418
141.0,purchase,230,55.38,2419
172.0,view,143,168.69,2420
386.0,click,251,404.29,2421
428.0,purchase,222,176.95,2422
919.0,purchase,104,224.9,2423
373.0,view,82,170.74,2424
,purchase,173,468.37,2425
394.0,view,77,318.84,2426
838.0,purchase,202,355.82,2427
105.0,purchase,132,5782.105576812427,2428
885.0,click,317,84.4,2429
735.0,purchase,176,104.58,2430
512.0,purchase,189,,2431
22.0,click,258,47.26,2432
959.0,purchase,14,374.56,2433
506.0,unknown_event,401,229.37,2434
601.0,purchase,88,56.81,2435
948.0,click,78,441.86,2436
168.0,view,51,472.48,2437
604.0,click,165,107.79,2438
991.0,purchase,426,351.84,2439
658.0,purchase,326,114.8,2440
651.0,purchase,143,,2441
461.0,view,204,487.06,2442
560.0,click,459,208.81,2443
562.0,unknown_event,134,435.77,2444
154.0,view,79,370.48,2445
242.0,purchase,357,418.45,2446
514.0,view,444,340.69,2447
479.0,view,271,225.82,2448
764.0,purchase,203,250.64,2449
51.0,view,189,375.9,2450
,click,315,208.8,2451
18.0,view,266,157.69,2452
248.0,view,419,188.41,2453
195.0,purchase,320,223.45,2454
340.0,purchase,64,458.92,2455
927.0,purchase,44,292.18,2456
507.0,click,22,431.91,2457
909.0,click,84,342.66,2458
987.0,purchase,439,117.12,2459
167.0,view,18,17.01,2460
695.0,click,328,148.34,2461
904.0,view,332,155.9,2462
748.0,purchase,336,,2463
321.0,view,456,393.27,2464
699.0,purchase,427,121.49,2465
537.0,purchase,342,363.33,2466
909.0,view,483,284.14,2467
161.0,view,171,283.53,2468
104.0,view,172,229.3,2469
,purchase,205,102.33,2470
555.0,view,440,70.08,2471
130.0,click,236,255.22,2472
49.0,purchase,344,364.22,2473
286.0,purchase,230,106.33,2474
,view,315,52.16,2475
184.0,purchase,253,115.86,2476
183.0,purchase,110,62.89,2477
644.0,purchase,262,5.94,2478
919.0,view,238,90.51,2479
151.0,click,227,,2480
520.0,click,456,38.26,2481
969.0,click,372,220.05,2482
33.0,purchase,327,,2483
,purchase,31,245.94,2484
811.0,purchase,481,465.22,2485
733.0,view,70,202.35,2486
398.0,click,472,,2487
555.0,click,320,353.87,2488
32.0,purchase,444,349.96,2489
754.0,purchase,311,55.35,2490
392.0,view,441,150.07,2491
807.0,click,70,325.39,2492
698.0,purchase,21,,2493
262.0,view,426,44.35,2494
588.0,purchase,123,154.92,2495
474.0,purchase,127,378.48,2496
750.0,purchase,243,190.54,2497
713.0,view,121,197.57,2498
126.0,purchase,28,122.62,2499
14.0,click,241,297.9,2500
64.0,click,134,412.02,2501
973.0,view,365,467.89,2502
670.0,click,91,393.86,2503
939.0,view,406,115.96,2504
420.0,view,228,365.97,2505
643.0,purchase,361,348.71,2506
862.0,purchase,431,407.89,2507
193.0,purchase,295,339.52,2508
70.0,view,54,,2509
583.0,view,433,211.28,2510
419.0,purchase,352,16.84,2511
767.0,unknown_event,379,291.29,2512
500.0,purchase,67,491.2,2513
459.0,view,99,463.77,2514
776.0,purchase,272,175.25,2515
286.0,click,72,339.43,2516
141.0,click,129,130.69,2517
544.0,click,362,24.51,2518
300.0,purchase,153,122.96,2519
404.0,click,268,451.26,2520
233.0,click,388,104.61,2521
892.0,view,497,379.02,2522
958.0,purchase,63,,2523
566.0,purchase,268,203.74,2524
638.0,purchase,413,,2525
602.0,view,12,133.95,2526
932.0,click,106,393.87,2527
926.0,view,480,152.75,2528
163.0,purchase,209,422.83,2529
86.0,purchase,49,268.79,2530
507.0,purchase,200,72.92,2531
,purchase,301,160.15,2532
485.0,view,380,387.83,2533
116.0,view,192,416.85,2534
142.0,view,209,435.01,2535
915.0,purchase,337,162.76,2536
447.0,view,458,430.71,2537
415.0,view,185,238.91,2538
255.0,click,496,469.68,2539
751.0,click,422,89.99,2540
653.0,click,172,480.24,2541
10.0,view,249,466.26,2542
831.0,click,197,354.81,2543
86.0,click,286,16.37,2544
669.0,click,413,230.68,2545
831.0,click,80,260.78,2546
323.0,click,403,291.26,2547
75.0,view,50,174.68,2548
851.0,view,444,479.69,2549
351.0,click,23,327.91,2550
716.0,click,200,14.49,2551
603.0,purchase,312,8.09,2552
691.0,click,339,458.19,2553
127.0,click,315,367.07,2554
794.0,view,40,159.79,2555
690.0,view,56,260.53,2556
347.0,purchase,365,10.67,2557
554.0,purchase,418,272.19,2558
142.0,click,491,86.38,2559
928.0,view,229,58.1,2560
674.0,purchase,307,212.31,2561
801.0,purchase,259,443.56,2562
81.0,purchase,447,133.04,2563
970.0,view,325,286.28,2564
534.0,click,372,497.68,2565
462.0,click,382,202.8,2566
916.0,purchase,53,294.71,2567
492.0,view,485,110.0,2568
924.0,click,201,128.27,2569
101.0,purchase,45,315.28,2570
254.0,purchase,318,203.03,2571
222.0,purchase,137,39.84,2572
124.0,click,350,74.79,2573
8.0,purchase,103,425.1,2574
949.0,purchase,110,351.89,2575
874.0,purchase,409,59.51,2576
563.0,click,254,119.9,2577
417.0,view,370,128.6,2578
792.0,view,21,341.47,2579
754.0,purchase,77,59.77,2580
525.0,click,285,102.63,2581
285.0,purchase,67,125.79,2582
866.0,view,417,76.36,2583
717.0,purchase,147,326.34,2584
822.0,purchase,421,487.19,2585
515.0,click,255,105.72,2586
771.0,click,305,470.83,2587
209.0,purchase,138,8213.454025752675,2588
989.0,purchase,57,5072.519767742275,2589
586.0,purchase,109,338.0,2590
906.0,purchase,433,269.86,2591
506.0,purchase,273,223.84,2592
681.0,view,176,368.48,2593
508.0,click,418,260.78,2594
702.0,click,88,343.59,2595
,view,447,372.29,2596
370.0,purchase,43,187.17,2597
248.0,click,125,446.92,2598
210.0,click,244,121.57,2599
860.0,view,102,193.25,2600
63.0,click,201,67.26,2601
244.0,click,38,245.59,2602
387.0,view,241,207.39,2603
713.0,view,362,70.19,2604
,view,230,42.12,2605
606.0,view,332,348.53,2606
868.0,purchase,483,321.57,2607
852.0,view,10,461.57,2608
272.0,click,203,207.54,2609
141.0,view,23,198.18,2610
,click,168,425.65,2611
925.0,click,266,276.89,2612
651.0,view,67,421.09,2613
,purchase,323,189.18,2614
689.0,view,281,163.82,2615
417.0,view,290,403.42,2616
718.0,click,189,296.14,2617
832.0,click,233,219.19,2618
754.0,purchase,139,493.55,2619
174.0,click,355,346.47,2620
675.0,click,407,248.64,2621
,purchase,198,190.89,2622
762.0,unknown_event,310,337.18,2623
877.0,view,241,447.63,2624
592.0,view,203,480.13,2625
984.0,purchase,354,2300.1761406572714,2626
275.0,click,133,124.39,2627
293.0,view,335,363.49,2628
762.0,click,123,306.94,2629
,purchase,143,306.71,2630
379.0,view,280,216.31,2631
,purchase,68,218.54,2632
721.0,view,43,431.85,2633
575.0,view,292,70.36,2634
969.0,view,255,100.55,2635
534.0,view,180,327.86,2636
301.0,purchase,48,216.13,2637
808.0,purchase,31,287.97,2638
71.0,click,498,15.18,2639
572.0,purchase,444,57.4,2640
571.0,purchase,93,383.3,2641
,view,14,353.7,2642
6.0,purchase,273,479.48,2643
560.0,view,422,199.58,2644
,view,238,95.15,2645
585.0,view,26,356.57,2646
369.0,purchase,10,143.11,2647
964.0,purchase,158,167.82,2648
,purchase,134,45.85,2649
860.0,click,180,85.69,2650
281.0,view,331,264.76,2651
210.0,purchase,234,170.17,2652
365.0,click,195,310.91,2653
525.0,click,80,,2654
402.0,click,432,101.19,2655
979.0,click,60,247.17,2656
124.0,purchase,152,395.23,2657
713.0,purchase,444,141.35,2658
995.0,click,170,129.61,2659
684.0,click,150,36.75,2660
830.0,view,358,117.92,2661
436.0,click,128,173.74,2662
825.0,click,465,413.92,2663
949.0,purchase,322,317.18,2664
647.0,view,58,337.77,2665
223.0,click,273,366.44,2666
51.0,view,78,480.63,2667
692.0,click,15,,2668
109.0,purchase,243,34.79,2669
825.0,click,51,260.07,2670
544.0,click,301,216.97,2671
508.0,view,255,261.24,2672
177.0,click,336,431.56,2673
427.0,click,382,388.83,2674
268.0,view,79,100.23,2675
553.0,purchase,249,36.12,2676
46.0,click,81,462.04,2677
833.0,purchase,80,312.98,2678
832.0,purchase,129,230.93,2679
533.0,purchase,393,,2680
697.0,view,149,20.37,2681
439.0,view,234,332.22,2682
148.0,view,498,347.73,2683
476.0,view,11,212.67,2684
,view,473,300.94,2685
42.0,click,115,,2686
615.0,view,280,249.56,2687
124.0,view,54,21.5,2688
929.0,click,326,474.7,2689
994.0,view,200,483.73,2690
668.0,unknown_event,280,389.97,2691
405.0,click,62,354.75,2692
295.0,click,484,,2693
44.0,purchase,474,489.21,2694
946.0,purchase,34,55.9,2695
93.0,purchase,245,126.08,2696
8.0,view,257,322.39,2697
341.0,purchase,309,417.62,2698
510.0,purchase,428,479.49,2699
,view,477,468.36,2700
780.0,purchase,408,199.03,2701
628.0,click,459,20.09,2702
657.0,purchase,42,,2703
371.0,purchase,221,454.77,2704
569.0,purchase,396,257.09,2705
550.0,click,309,179.23,2706
197.0,click,22,446.59,2707
129.0,click,221,329.17,2708
818.0,purchase,20,263.96,2709
400.0,click,471,202.89,2710
732.0,purchase,58,193.47,2711
758.0,click,265,252.16,2712
713.0,view,247,237.02,2713
750.0,click,233,443.9,2714
510.0,click,332,397.79,2715
89.0,purchase,448,52.5,2716
654.0,click,63,252.38,2717
466.0,purchase,364,126.38,2718
804.0,purchase,59,224.52,2719
727.0,click,491,107.61,2720
131.0,view,190,426.27,2721
207.0,view,488,268.79,2722
876.0,purchase,362,159.09,2723
761.0,purchase,179,400.39,2724
833.0,purchase,404,194.65,2725
812.0,click,57,214.22,2726
287.0,view,372,135.42,2727
803.0,view,369,226.55,2728
992.0,purchase,466,158.22,2729
103.0,click,148,-368.39,2730
944.0,click,17,184.15,2731
784.0,click,58,414.59,2732
200.0,click,408,114.87,2733
376.0,purchase,98,290.78,2734
365.0,purchase,99,317.29,2735
892.0,purchase,133,154.28,2736
284.0,view,407,434.8,2737
629.0,click,106,433.22,2738
652.0,click,282,360.38,2739
25.0,click,273,56.2,2740
,view,160,154.5,2741
413.0,click,362,181.66,2742
634.0,view,85,363.48,2743
668.0,view,19,114.92,2744
216.0,click,405,188.02,2745
148.0,purchase,389,265.64,2746
601.0,purchase,341,,2747
646.0,view,447,,2748
428.0,purchase,220,476.99,2749
43.0,purchase,52,116.28,2750
14.0,view,141,449.35,2751
951.0,purchase,262,303.44,2752
320.0,click,339,144.13,2753
798.0,view,26,388.31,2754
387.0,purchase,125,156.02,2755
343.0,view,458,26.92,2756
173.0,click,348,102.1,2757
,view,134,325.8,2758
132.0,view,391,238.3,2759
805.0,click,496,217.45,2760
150.0,purchase,258,455.68,2761
953.0,click,116,109.53,2762
589.0,click,16,338.62,2763
374.0,view,141,86.2,2764
229.0,click,67,396.02,2765
,click,366,485.98,2766
,purchase,11,169.54,2767
292.0,purchase,176,300.39,2768
939.0,click,113,182.2,2769
182.0,view,439,468.0,2770
545.0,purchase,267,-38.22,2771
994.0,click,455,19.63,2772
96.0,purchase,100,263.91,2773
94.0,purchase,297,173.61,2774
618.0,view,474,42.66,2775
704.0,click,332,152.66,2776
642.0,view,122,275.95,2777
615.0,view,355,313.71,2778
208.0,purchase,391,253.71,2779
40.0,purchase,155,421.19,2780
976.0,purchase,327,231.57,2781
821.0,view,472,229.05,2782
331.0,purchase,225,79.47,2783
65.0,click,253,112.23,2784
270.0,purchase,119,413.54,2785
961.0,purchase,246,338.04,2786
42.0,click,389,169.51,2787
856.0,view,68,96.85,2788
605.0,view,434,356.48,2789
173.0,purchase,443,113.57,2790
885.0,purchase,254,203.11,2791
475.0,click,35,341.08,2792
139.0,click,78,100.58,2793
342.0,view,473,355.3,2794
142.0,view,347,110.33,2795
552.0,purchase,79,201.39,2796
501.0,purchase,208,210.1,2797
625.0,click,365,134.02,2798
992.0,click,370,,2799
287.0,purchase,459,127.6,2800
,view,95,174.71,2801
23.0,view,149,480.96,2802
345.0,click,148,410.04,2803
631.0,click,45,,2804
550.0,click,167,156.11,2805
536.0,click,495,450.21,2806
523.0,view,195,446.51,2807
325.0,purchase,60,453.23,2808
328.0,purchase,241,,2809
375.0,click,150,-370.87,2810
113.0,purchase,254,368.14,2811
220.0,click,118,114.57,2812
552.0,click,133,486.88,2813
369.0,view,352,332.33,2814
60.0,view,389,411.32,2815
215.0,view,105,31.28,2816
651.0,view,485,413.92,2817
190.0,purchase,342,487.03,2818
989.0,view,472,408.11,2819
575.0,purchase,126,225.63,2820
688.0,click,222,330.76,2821
865.0,purchase,82,349.99,2822
713.0,view,42,356.5,2823
577.0,view,26,331.7,2824
388.0,click,91,458.33,2825
502.0,view,15,119.55,2826
896.0,click,92,140.98,2827
4.0,purchase,328,1493.0232766829395,2828
140.0,purchase,473,,2829
199.0,purchase,77,31.73,2830
31.0,view,217,266.9,2831
603.0,view,237,4716.437557984166,2832
319.0,purchase,273,331.58,2833
688.0,click,391,198.96,2834
,click,455,81.43,2835
213.0,purchase,382,17.95,2836
690.0,click,478,8.41,2837
623.0,purchase,47,67.85,2838
,view,304,88.04,2839
339.0,purchase,116,374.89,2840
666.0,view,489,473.2,2841
748.0,view,39,71.61,2842
617.0,view,75,385.18,2843
187.0,click,57,317.89,2844
173.0,click,298,59.14,2845
747.0,view,416,51.7,2846
141.0,purchase,374,479.28,2847
822.0,purchase,397,294.11,2848
131.0,click,469,411.65,2849
46.0,view,80,139.9,2850
964.0,click,485,202.67,2851
,view,482,224.95,2852
16.0,click,301,61.9,2853
912.0,click,365,179.21,2854
972.0,purchase,185,254.86,2855
184.0,purchase,77,379.64,2856
404.0,purchase,96,472.94,2857
764.0,click,74,398.99,2858
588.0,click,465,130.13,2859
100.0,view,465,122.14,2860
186.0,purchase,21,200.49,2861
822.0,click,173,442.12,2862
391.0,click,284,201.24,2863
235.0,click,287,259.28,2864
419.0,purchase,260,58.59,2865
836.0,purchase,450,443.53,2866
892.0,view,290,191.83,2867
379.0,view,92,493.58,2868
81.0,purchase,329,316.16,2869
546.0,view,220,125.55,2870
904.0,purchase,59,8.1,2871
907.0,view,45,105.42,2872
423.0,view,82,29.54,2873
918.0,click,348,281.26,2874
981.0,click,36,,2875
760.0,purchase,40,478.58,2876
901.0,view,84,468.23,2877
624.0,view,71,1432.3923355794238,2878
121.0,view,30,483.83,2879
152.0,view,497,444.09,2880
58.0,click,288,203.82,2881
839.0,view,35,370.65,2882
43.0,view,176,208.78,2883
731.0,view,446,70.14,2884
178.0,purchase,429,156.23,2885
598.0,view,159,456.92,2886
469.0,purchase,271,123.26,2887
735.0,click,355,230.32,2888
327.0,click,334,413.77,2889
963.0,purchase,219,201.84,2890
,click,401,,2891
96.0,view,481,408.03,2892
85.0,click,53,155.92,2893
219.0,view,367,11.87,2894
695.0,view,193,338.88,2895
242.0,view,128,487.57,2896
445.0,click,264,255.9,2897
949.0,view,93,125.7,2898
133.0,view,357,397.94,2899
488.0,view,274,191.02,2900
273.0,click,37,216.74,2901
613.0,purchase,276,,2902
364.0,view,457,354.74,2903
981.0,view,208,424.35,2904
833.0,view,428,5791.965243372948,2905
667.0,view,239,345.01,2906
651.0,click,371,335.66,2907
116.0,purchase,13,176.68,2908
649.0,click,22,207.71,2909
39.0,view,472,147.45,2910
,purchase,30,432.43,2911
8.0,click,278,414.46,2912
134.0,purchase,288,92.66,2913
875.0,click,215,421.28,2914
123.0,purchase,250,333.94,2915
,purchase,311,145.76,2916
67.0,click,230,,2917
591.0,click,148,395.13,2918
373.0,view,329,427.82,2919
105.0,purchase,376,245.16,2920
938.0,view,152,396.12,2921
678.0,view,44,249.31,2922
42.0,view,230,145.46,2923
481.0,click,382,,2924
273.0,click,209,212.77,2925
338.0,click,238,207.53,2926
216.0,view,478,170.62,2927
348.0,click,232,9.91,2928
874.0,purchase,479,97.17,2929
533.0,view,308,19.7,2930
753.0,click,385,171.95,2931
138.0,view,369,359.52,2932
922.0,purchase,476,75.74,2933
,view,459,133.62,2934
448.0,click,39,,2935
311.0,view,39,325.59,2936
602.0,purchase,295,80.19,2937
143.0,click,286,475.41,2938
548.0,view,257,169.41,2939
410.0,view,150,463.55,2940
408.0,purchase,429,207.15,2941
185.0,purchase,97,258.54,2942
796.0,view,87,341.34,2943
654.0,click,134,491.36,2944
423.0,click,417,265.72,2945
851.0,purchase,365,49.35,2946
583.0,purchase,402,301.31,2947
533.0,view,309,171.19,2948
94.0,view,145,262.29,2949
359.0,click,439,20.98,2950
98.0,purchase,363,77.03,2951
565.0,click,185,261.69,2952
752.0,click,1,,2953
772.0,click,175,62.61,2954
317.0,purchase,422,110.36,2955
23.0,view,248,99.23,2956
43.0,view,467,307.24,2957
,view,388,285.96,2958
999.0,click,279,132.09,2959
599.0,click,297,262.09,2960
268.0,click,230,269.11,2961
615.0,click,430,471.81,2962
286.0,view,93,153.28,2963
548.0,view,104,108.72,2964
665.0,purchase,434,225.18,2965
827.0,purchase,390,188.32,2966
293.0,purchase,330,198.62,2967
544.0,purchase,19,441.1,2968
426.0,purchase,7,144.32,2969
369.0,click,469,,2970
318.0,purchase,81,12.97,2971
783.0,view,90,412.46,2972
181.0,purchase,77,393.8,2973
580.0,click,262,115.62,2974
423.0,purchase,201,123.26,2975
970.0,view,14,468.03,2976
27.0,purchase,24,57.3,2977
426.0,purchase,205,421.69,2978
355.0,view,159,81.99,2979
946.0,purchase,196,74.32,2980
236.0,purchase,492,440.55,2981
979.0,view,7,179.36,2982
65.0,purchase,38,455.58,2983
8.0,view,220,430.73,2984
756.0,view,293,8.65,2985
670.0,view,372,460.21,2986
816.0,view,142,40.64,2987
822.0,click,14,125.25,2988
,click,244,148.24,2989
,view,193,408.84,2990
352.0,purchase,451,127.59,2991
474.0,click,365,414.08,2992
928.0,purchase,17,174.99,2993
450.0,view,98,149.75,2994
863.0,view,276,179.37,2995
270.0,click,198,384.89,2996
361.0,purchase,136,475.22,2997
526.0,purchase,61,290.15,2998
462.0,purchase,280,337.44,2999
660.0,view,327,361.42,3000
636.0,view,246,,3001
907.0,click,193,439.65,3002
123.0,view,293,,3003
724.0,purchase,232,416.13,3004
75.0,view,264,416.71,3005
682.0,click,222,412.66,3006
,view,321,112.23,3007
747.0,click,166,264.13,3008
812.0,purchase,253,134.4,3009
911.0,purchase,266,228.1,3010
77.0,purchase,180,254.3,3011
925.0,view,36,99.21,3012
451.0,purchase,139,121.21,3013
869.0,purchase,247,105.66,3014
651.0,view,169,18.06,3015
932.0,click,3,36.1,3016
835.0,click,91,274.59,3017
521.0,purchase,166,,3018
571.0,purchase,71,244.14,3019
323.0,purchase,344,240.69,3020
557.0,purchase,244,389.75,3021
125.0,purchase,432,71.54,3022
522.0,click,119,120.99,3023
438.0,click,437,407.29,3024
571.0,view,275,250.0,3025
932.0,purchase,108,38.44,3026
313.0,purchase,429,17.26,3027
544.0,purchase,127,405.23,3028
628.0,click,348,159.42,3029
706.0,view,308,499.96,3030
55.0,view,388,185.95,3031
879.0,click,299,6.48,3032
584.0,purchase,72,135.25,3033
595.0,view,424,382.9,3034
679.0,purchase,491,479.9,3035
793.0,purchase,136,477.59,3036
359.0,view,410,14.79,3037
973.0,click,125,109.13,3038
223.0,view,416,64.07,3039
344.0,view,417,81.02,3040
609.0,view,122,467.94,3041
729.0,view,376,401.52,3042
407.0,purchase,40,382.59,3043
233.0,click,46,406.95,3044
797.0,view,378,414.4,3045
846.0,view,213,213.28,3046
241.0,view,163,,3047
176.0,click,259,147.94,3048
664.0,click,435,240.51,3049
51.0,unknown_event,41,261.17,3050
182.0,view,242,242.55,3051
502.0,purchase,179,,3052
947.0,purchase,496,37.35,3053
68.0,click,273,273.55,3054
47.0,view,255,173.83,3055
693.0,purchase,415,235.88,3056
768.0,purchase,360,389.71,3057
764.0,view,17,243.92,3058
947.0,purchase,345,188.1,3059
974.0,click,339,178.92,3060
,view,184,50.84,3061
,view,197,312.72,3062
418.0,view,334,139.91,3063
,view,497,79.37,3064
693.0,view,66,67.04,3065
736.0,click,441,62.15,3066
871.0,click,406,-90.32,3067
214.0,view,126,328.52,3068
71.0,click,148,4597.058147407191,3069
356.0,click,115,439.35,3070
275.0,view,106,108.22,3071
266.0,click,131,377.7,3072
280.0,purchase,326,49.48,3073
68.0,view,341,299.48,3074
242.0,purchase,131,233.48,3075
44.0,click,283,174.76,3076
971.0,purchase,484,68.79,3077
312.0,purchase,5,140.94,3078
890.0,view,266,415.23,3079
425.0,purchase,44,263.59,3080
776.0,click,457,,3081
392.0,view,485,281.0,3082
257.0,purchase,300,459.81,3083
604.0,click,423,127.43,3084
776.0,purchase,480,69.72,3085
120.0,view,130,413.05,3086
698.0,purchase,419,367.72,3087
,view,458,284.48,3088
51.0,click,200,65.89,3089
916.0,view,131,430.49,3090
176.0,purchase,56,497.72,3091
615.0,click,80,449.94,3092
864.0,click,190,39.97,3093
432.0,view,111,46.21,3094
868.0,view,441,407.81,3095
303.0,purchase,301,58.67,3096
113.0,view,288,199.98,3097
759.0,click,383,118.7,3098
509.0,view,399,108.86,3099
291.0,unknown_event,56,420.31,3100
180.0,purchase,23,357.16,3101
552.0,view,374,253.92,3102
946.0,view,83,51.13,3103
755.0,view,100,414.04,3104
212.0,view,442,347.59,3105
,click,144,10.31,3106
54.0,view,483,10.34,3107
30.0,view,197,480.0,3108
189.0,view,429,211.52,3109
162.0,view,400,150.56,3110
900.0,click,122,137.65,3111
,click,428,375.55,3112
426.0,purchase,111,336.56,3113
372.0,purchase,63,13.61,3114
,view,38,288.21,3115
771.0,purchase,98,24.69,3116
,purchase,3,283.47,3117
538.0,click,215,100.41,3118
436.0,click,362,380.86,3119
474.0,purchase,187,195.37,3120
835.0,click,307,375.6,3121
217.0,purchase,492,289.79,3122
747.0,click,168,,3123
529.0,click,190,274.71,3124
87.0,view,452,67.15,3125
195.0,click,207,199.59,3126
669.0,purchase,475,66.13,3127
434.0,view,457,246.11,3128
494.0,click,312,466.03,3129
331.0,purchase,30,129.27,3130
991.0,purchase,499,260.24,3131
569.0,click,76,288.36,3132
133.0,purchase,473,239.99,3133
643.0,click,230,344.16,3134
228.0,view,420,37.32,3135
332.0,purchase,287,168.03,3136
443.0,click,16,248.27,3137
788.0,purchase,120,258.98,3138
756.0,purchase,24,,3139
603.0,purchase,57,117.13,3140
993.0,view,44,461.79,3141
185.0,click,379,54.31,3142
366.0,click,161,7388.976740981516,3143
107.0,click,223,307.75,3144
342.0,click,117,222.19,3145
933.0,purchase,350,303.7,3146
218.0,click,216,197.3,3147
901.0,view,339,229.76,3148
282.0,purchase,439,223.09,3149
690.0,purchase,79,184.39,3150
760.0,click,326,164.05,3151
540.0,purchase,94,403.06,3152
852.0,click,151,463.92,3153
771.0,view,28,276.24,3154
219.0,click,441,276.1,3155
707.0,purchase,44,57.25,3156
153.0,click,305,359.27,3157
390.0,view,34,446.82,3158
253.0,click,21,401.95,3159
962.0,purchase,275,,3160
481.0,click,298,489.72,3161
,click,40,,3162
762.0,click,149,152.73,3163
305.0,purchase,186,48.47,3164
570.0,purchase,266,50.61,3165
631.0,purchase,276,8.3,3166
797.0,purchase,152,456.09,3167
650.0,view,422,346.58,3168
311.0,view,240,209.93,3169
355.0,view,92,157.25,3170
946.0,purchase,489,144.96,3171
597.0,purchase,338,383.52,3172
998.0,click,274,-302.48,3173
356.0,click,124,189.1,3174
216.0,click,11,407.04,3175
379.0,purchase,15,222.89,3176
,click,279,136.78,3177
147.0,purchase,197,384.82,3178
580.0,view,421,216.96,3179
990.0,click,491,81.14,3180
688.0,view,66,,3181
739.0,purchase,194,410.89,3182
805.0,view,258,81.52,3183
766.0,view,124,448.52,3184
628.0,view,159,108.85,3185
,purchase,340,,3186
449.0,view,198,436.05,3187
329.0,purchase,333,14.6,3188
222.0,view,52,348.86,3189
927.0,purchase,57,411.47,3190
709.0,click,481,252.1,3191
756.0,purchase,489,238.91,3192
671.0,purchase,256,15.47,3193
184.0,view,499,146.91,3194
198.0,view,272,57.85,3195
86.0,view,117,42.97,3196
599.0,click,467,492.71,3197
986.0,purchase,324,407.2,3198
275.0,view,478,,3199
523.0,view,318,47.27,3200
57.0,click,138,261.44,3201
276.0,view,258,295.13,3202
945.0,click,318,327.93,3203
785.0,click,388,,3204
550.0,click,57,257.28,3205
360.0,purchase,359,193.82,3206
64.0,purchase,174,144.45,3207
359.0,click,348,8939.018014334868,3208
643.0,purchase,91,81.18,3209
401.0,view,173,185.01,3210
100.0,click,308,65.65,3211
683.0,view,230,29.47,3212
684.0,click,418,488.38,3213
382.0,view,57,220.3,3214
,view,302,41.89,3215
661.0,click,280,346.28,3216
804.0,purchase,62,311.1,3217
668.0,purchase,427,47.79,3218
836.0,click,481,364.37,3219
892.0,view,472,203.71,3220
466.0,purchase,449,108.16,3221
522.0,view,338,58.65,3222
733.0,click,256,323.91,3223
833.0,click,53,454.17,3224
763.0,view,400,147.5,3225
13.0,view,121,239.11,3226
908.0,purchase,67,135.27,3227
135.0,view,454,332.96,3228
53.0,purchase,478,493.81,3229
665.0,click,207,41.68,3230
,view,108,71.1,3231
811.0,purchase,488,370.5,3232
685.0,purchase,320,-403.51,3233
490.0,view,429,392.8,3234
554.0,click,435,484.05,3235
512.0,click,64,379.0,3236
761.0,purchase,376,53.79,3237
93.0,purchase,88,350.41,3238
189.0,purchase,65,,3239
162.0,purchase,215,81.15,3240
366.0,view,319,311.98,3241
,view,308,216.52,3242
824.0,click,118,447.85,3243
374.0,click,270,321.26,3244
798.0,view,414,441.65,3245
647.0,purchase,36,80.26,3246
904.0,purchase,356,142.62,3247
129.0,view,215,188.16,3248
37.0,purchase,97,437.28,3249
603.0,view,289,195.88,3250
598.0,purchase,110,239.79,3251
822.0,click,129,242.59,3252
318.0,click,4,11.65,3253
652.0,view,467,92.71,3254
121.0,click,330,196.07,3255
804.0,view,140,411.4,3256
771.0,view,353,314.82,3257
179.0,view,351,69.68,3258
14.0,click,488,484.45,3259
815.0,view,394,,3260
689.0,view,351,175.69,3261
538.0,view,428,478.44,3262
385.0,purchase,227,479.26,3263
425.0,view,94,345.26,3264
318.0,click,493,340.91,3265
,purchase,1,53.06,3266
,view,299,100.81,3267
495.0,click,177,126.07,3268
902.0,click,52,498.16,3269
487.0,purchase,71,76.89,3270
584.0,view,88,63.85,3271
859.0,purchase,80,362.29,3272
777.0,click,259,443.65,3273
,click,251,72.83,3274
83.0,click,104,326.69,3275
665.0,purchase,64,403.88,3276
29.0,purchase,150,41.6,3277
794.0,view,290,320.54,3278
863.0,click,186,245.62,3279
838.0,view,486,149.84,3280
614.0,click,185,139.3,3281
771.0,click,362,461.14,3282
616.0,view,395,109.76,3283
858.0,purchase,208,19.55,3284
385.0,view,90,65.99,3285
252.0,purchase,385,474.64,3286
773.0,click,480,87.74,3287
618.0,purchase,322,307.25,3288
761.0,view,269,271.99,3289
785.0,purchase,224,277.2,3290
905.0,purchase,118,169.15,3291
121.0,purchase,24,,3292
899.0,view,319,310.77,3293
573.0,purchase,403,39.62,3294
,click,234,436.49,3295
89.0,purchase,441,142.46,3296
717.0,click,424,5.34,3297
396.0,view,354,211.18,3298
179.0,click,454,202.06,3299
776.0,view,314,437.93,3300
142.0,purchase,20,229.53,3301
739.0,click,379,122.82,3302
727.0,click,40,339.97,3303
669.0,view,248,407.58,3304
787.0,view,245,102.59,3305
978.0,view,47,298.09,3306
912.0,purchase,173,36.54,3307
821.0,view,13,489.47,3308
718.0,click,49,273.93,3309
463.0,purchase,321,333.76,3310
688.0,purchase,381,460.6,3311
822.0,view,2,186.74,3312
84.0,view,204,2327.460818660322,3313
501.0,view,355,480.28,3314
355.0,purchase,388,,3315
802.0,purchase,14,451.48,3316
825.0,click,98,357.41,3317
8.0,view,332,420.83,3318
129.0,click,487,371.62,3319
25.0,click,282,56.88,3320
564.0,view,85,428.43,3321
153.0,view,336,99.6,3322
541.0,click,168,440.07,3323
367.0,purchase,366,197.92,3324
826.0,click,282,205.84,3325
388.0,click,408,316.95,3326
871.0,click,399,247.97,3327
770.0,view,301,440.17,3328
568.0,view,61,320.31,3329
982.0,click,145,194.76,3330
708.0,view,407,164.72,3331
985.0,click,467,282.89,3332
928.0,click,473,,3333
668.0,click,3,315.99,3334
818.0,view,93,-95.49,3335
360.0,purchase,486,91.52,3336
109.0,purchase,494,496.54,3337
396.0,purchase,158,285.28,3338
305.0,purchase,162,127.62,3339
30.0,view,160,429.06,3340
112.0,purchase,240,288.77,3341
969.0,purchase,216,487.38,3342
52.0,view,167,56.68,3343
205.0,purchase,244,132.45,3344
223.0,view,353,,3345
195.0,view,132,39.6,3346
52.0,click,407,102.85,3347
21.0,view,336,79.72,3348
345.0,click,252,438.0,3349
176.0,purchase,163,42.54,3350
985.0,click,231,387.32,3351
202.0,purchase,322,106.13,3352
697.0,click,280,358.07,3353
817.0,click,140,102.97,3354
659.0,view,166,282.83,3355
679.0,click,421,205.41,3356
727.0,click,147,22.86,3357
490.0,purchase,115,278.39,3358
605.0,view,445,13.99,3359
891.0,view,452,233.6,3360
,view,265,60.94,3361
940.0,click,399,259.54,3362
820.0,click,194,46.25,3363
899.0,click,168,311.9,3364
340.0,view,475,456.59,3365
926.0,purchase,154,241.11,3366
522.0,purchase,81,499.04,3367
293.0,click,274,99.58,3368
616.0,purchase,405,382.76,3369
963.0,purchase,340,425.35,3370
440.0,click,382,451.48,3371
478.0,purchase,112,367.67,3372
697.0,view,369,8.34,3373
453.0,unknown_event,245,314.95,3374
399.0,purchase,51,200.95,3375
985.0,purchase,38,421.97,3376
882.0,view,225,309.79,3377
60.0,view,363,446.12,3378
255.0,click,455,487.87,3379
,click,393,431.85,3380
54.0,click,270,397.03,3381
365.0,click,471,205.51,3382
254.0,click,159,-153.77,3383
781.0,click,226,102.66,3384
966.0,view,257,435.14,3385
742.0,view,224,88.79,3386
519.0,purchase,407,405.23,3387
699.0,click,264,232.12,3388
222.0,click,388,167.24,3389
954.0,view,86,98.73,3390
49.0,click,304,40.67,3391
59.0,purchase,354,169.0,3392
876.0,view,5,459.13,3393
336.0,click,168,462.57,3394
499.0,purchase,278,174.2,3395
961.0,view,462,154.59,3396
193.0,purchase,101,107.51,3397
567.0,purchase,56,70.4,3398
340.0,click,61,265.86,3399
124.0,click,339,367.77,3400
516.0,click,43,118.81,3401
180.0,view,83,140.59,3402
220.0,view,246,228.64,3403
729.0,click,166,327.09,3404
69.0,click,157,95.93,3405
687.0,click,86,438.76,3406
462.0,purchase,75,316.24,3407
,view,26,287.21,3408
563.0,view,479,150.03,3409
923.0,view,288,187.1,3410
882.0,click,309,253.46,3411
7.0,purchase,137,45.67,3412
648.0,purchase,441,30.31,3413
83.0,purchase,193,117.1,3414
481.0,view,4,276.42,3415
,click,69,483.67,3416
794.0,view,431,164.13,3417
851.0,purchase,284,389.83,3418
596.0,purchase,492,113.62,3419
85.0,click,144,214.61,3420
753.0,view,435,139.28,3421
518.0,view,216,484.41,3422
7.0,view,202,287.75,3423
92.0,view,87,427.41,3424
79.0,view,450,220.87,3425
244.0,purchase,245,231.9,3426
671.0,view,401,369.59,3427
816.0,purchase,72,138.56,3428
721.0,click,230,310.61,3429
594.0,purchase,326,325.19,3430
374.0,click,317,453.55,3431
487.0,purchase,317,474.88,3432
696.0,unknown_event,113,30.66,3433
,view,183,143.63,3434
18.0,purchase,144,390.14,3435
875.0,click,156,138.9,3436
247.0,purchase,291,247.21,3437
190.0,click,207,156.24,3438
361.0,purchase,485,74.35,3439
791.0,view,176,252.2,3440
725.0,view,136,63.1,3441
378.0,view,111,250.14,3442
197.0,view,66,444.7,3443
38.0,purchase,454,491.04,3444
646.0,view,420,477.27,3445
518.0,purchase,367,187.79,3446
510.0,purchase,348,383.19,3447
411.0,click,453,452.39,3448
698.0,view,460,438.99,3449
476.0,view,129,286.15,3450
119.0,view,242,,3451
940.0,purchase,104,198.64,3452
105.0,view,329,376.17,3453
348.0,click,237,467.86,3454
961.0,view,175,78.85,3455
161.0,purchase,440,336.61,3456
913.0,view,299,107.25,3457
54.0,purchase,184,141.5,3458
70.0,purchase,109,114.12,3459
623.0,click,437,481.69,3460
209.0,click,449,445.46,3461
401.0,view,219,386.82,3462
590.0,click,218,141.93,3463
,purchase,197,73.84,3464
616.0,purchase,310,228.8,3465
837.0,view,293,297.9,3466
274.0,click,347,149.63,3467
454.0,click,24,472.64,3468
89.0,view,219,270.88,3469
949.0,purchase,112,372.5,3470
116.0,view,145,222.83,3471
413.0,click,353,6.1,3472
72.0,click,51,408.47,3473
412.0,click,499,189.04,3474
330.0,click,212,292.85,3475
311.0,click,481,292.31,3476
340.0,view,259,101.19,3477
,click,221,398.32,3478
339.0,view,118,482.4,3479
68.0,purchase,394,442.88,3480
635.0,click,481,317.11,3481
113.0,view,214,367.55,3482
169.0,purchase,312,82.04,3483
828.0,purchase,158,417.83,3484
31.0,purchase,431,103.96,3485
701.0,purchase,366,17.14,3486
745.0,click,138,490.76,3487
567.0,view,216,291.07,3488
46.0,click,247,176.25,3489
841.0,purchase,316,175.17,3490
193.0,purchase,315,458.93,3491
660.0,purchase,418,477.42,3492
527.0,click,440,429.44,3493
871.0,unknown_event,346,454.97,3494
,purchase,353,225.57,3495
505.0,view,334,232.39,3496
305.0,view,20,59.57,3497
302.0,click,292,19.05,3498
607.0,click,76,114.65,3499
165.0,view,235,373.73,3500
959.0,purchase,266,,3501
19.0,click,157,204.47,3502
75.0,purchase,143,246.18,3503
438.0,click,12,330.11,3504
222.0,click,77,310.21,3505
904.0,click,308,298.88,3506
431.0,view,62,27.45,3507
97.0,purchase,488,4048.597836122103,3508
845.0,click,203,490.25,3509
475.0,view,492,124.23,3510
255.0,view,203,310.77,3511
309.0,view,91,,3512
247.0,purchase,121,467.95,3513
171.0,view,160,92.71,3514
128.0,purchase,301,345.33,3515
236.0,purchase,42,190.6,3516
473.0,purchase,131,83.16,3517
874.0,purchase,407,150.03,3518
394.0,click,87,95.52,3519
840.0,view,343,374.84,3520
439.0,click,370,,3521
991.0,view,426,13.4,3522
661.0,view,42,10.19,3523
265.0,click,468,479.67,3524
250.0,view,75,377.96,3525
115.0,click,281,496.98,3526
961.0,purchase,436,21.54,3527
200.0,view,260,359.57,3528
41.0,click,359,8.21,3529
,purchase,61,158.25,3530
846.0,purchase,430,204.31,3531
938.0,click,475,163.34,3532
352.0,purchase,406,153.03,3533
961.0,click,13,444.5,3534
169.0,click,272,273.31,3535
352.0,purchase,414,480.83,3536
796.0,click,30,329.49,3537
,purchase,265,430.63,3538
973.0,view,137,119.93,3539
461.0,purchase,414,374.31,3540
218.0,view,236,142.81,3541
707.0,purchase,187,268.99,3542
842.0,view,278,306.73,3543
827.0,purchase,347,352.88,3544
898.0,click,308,298.34,3545
644.0,purchase,244,195.76,3546
608.0,click,375,307.85,3547
994.0,click,155,395.38,3548
843.0,purchase,348,453.48,3549
38.0,purchase,381,489.98,3550
904.0,view,373,256.15,3551
727.0,click,127,31.71,3552
458.0,purchase,73,160.83,3553
170.0,view,65,,3554
686.0,view,306,297.85,3555
511.0,click,416,,3556
457.0,click,136,188.84,3557
463.0,view,87,390.59,3558
112.0,click,243,441.46,3559
236.0,click,354,79.67,3560
752.0,purchase,3,49.56,3561
22.0,view,433,173.64,3562
455.0,purchase,188,335.01,3563
894.0,purchase,24,63.8,3564
272.0,view,293,258.97,3565
677.0,view,12,59.12,3566
213.0,view,306,25.49,3567
,purchase,95,461.71,3568
697.0,view,57,72.29,3569
264.0,click,437,108.73,3570
341.0,click,421,294.65,3571
258.0,view,6,267.19,3572
103.0,purchase,65,133.85,3573
301.0,click,342,478.34,3574
480.0,purchase,426,312.44,3575
257.0,purchase,152,34.79,3576
270.0,click,246,135.59,3577
243.0,view,327,361.71,3578
,click,424,323.79,3579
126.0,view,169,426.61,3580
630.0,purchase,423,495.88,3581
596.0,purchase,329,374.96,3582
526.0,click,436,395.05,3583
660.0,purchase,293,81.4,3584
286.0,view,445,68.92,3585
253.0,view,267,349.95,3586
734.0,purchase,35,339.44,3587
836.0,click,231,327.47,3588
804.0,purchase,87,8.18,3589
266.0,view,412,468.81,3590
760.0,view,33,376.73,3591
643.0,click,354,457.54,3592
798.0,purchase,22,228.87,3593
627.0,click,171,486.29,3594
774.0,click,245,359.38,3595
669.0,click,9,413.88,3596
,purchase,21,283.13,3597
636.0,purchase,171,120.65,3598
422.0,view,387,256.03,3599
268.0,purchase,139,147.67,3600
752.0,view,249,295.86,3601
477.0,purchase,311,131.72,3602
725.0,view,436,28.76,3603
143.0,click,384,192.39,3604
647.0,purchase,481,189.17,3605
675.0,purchase,372,437.21,3606
455.0,purchase,289,273.88,3607
3.0,click,271,350.95,3608
499.0,click,23,440.34,3609
850.0,click,347,272.25,3610
376.0,view,476,226.55,3611
820.0,click,296,293.63,3612
796.0,click,308,266.31,3613
513.0,click,264,201.42,3614
367.0,click,320,363.52,3615
510.0,view,151,487.16,3616
368.0,purchase,127,427.36,3617
757.0,purchase,42,472.6,3618
118.0,click,6,1861.575831203369,3619
257.0,view,319,330.67,3620
66.0,click,214,61.67,3621
838.0,view,334,9071.259791802007,3622
523.0,view,399,366.6,3623
507.0,view,168,334.62,3624
919.0,purchase,68,380.44,3625
635.0,view,171,331.84,3626
774.0,purchase,239,-43.28,3627
327.0,purchase,68,218.39,3628
,click,70,225.37,3629
78.0,click,14,277.47,3630
515.0,view,122,397.29,3631
429.0,purchase,184,334.75,3632
627.0,view,44,119.99,3633
927.0,purchase,16,134.92,3634
769.0,view,100,418.09,3635
106.0,click,307,447.17,3636
670.0,purchase,332,97.81,3637
488.0,click,379,386.13,3638
534.0,click,60,90.79,3639
402.0,click,271,34.72,3640
993.0,view,68,63.9,3641
415.0,purchase,308,444.36,3642
44.0,click,111,97.17,3643
762.0,purchase,269,,3644
240.0,purchase,346,115.7,3645
518.0,purchase,300,105.89,3646
686.0,purchase,498,204.83,3647
895.0,view,468,425.55,3648
77.0,purchase,486,338.01,3649
539.0,view,63,342.27,3650
812.0,view,192,226.43,3651
452.0,view,89,142.76,3652
97.0,click,2,320.74,3653
899.0,purchase,287,135.49,3654
219.0,click,460,237.32,3655
338.0,click,327,168.58,3656
269.0,view,284,84.08,3657
240.0,purchase,384,262.72,3658
477.0,purchase,103,279.82,3659
835.0,purchase,478,98.52,3660
569.0,click,275,284.23,3661
877.0,click,251,403.71,3662
773.0,click,50,144.83,3663
784.0,purchase,308,122.88,3664
986.0,purchase,399,66.08,3665
30.0,view,279,3261.8616549455332,3666
483.0,view,276,168.39,3667
617.0,view,310,464.1,3668
215.0,click,389,30.05,3669
706.0,view,441,461.75,3670
299.0,purchase,109,18.41,3671
561.0,view,425,380.41,3672
923.0,purchase,100,403.64,3673
117.0,view,207,178.94,3674
665.0,purchase,455,,3675
162.0,purchase,429,208.52,3676
602.0,purchase,185,397.98,3677
930.0,click,463,42.91,3678
878.0,view,384,80.35,3679
,click,200,408.93,3680
713.0,click,408,460.8,3681
415.0,click,102,447.47,3682
292.0,purchase,366,387.92,3683
664.0,purchase,439,61.21,3684
812.0,view,193,215.14,3685
819.0,purchase,1,225.67,3686
495.0,view,132,,3687
30.0,purchase,239,450.38,3688
22.0,purchase,229,390.48,3689
853.0,purchase,462,,3690
853.0,click,47,83.26,3691
875.0,view,102,471.3,3692
802.0,click,421,212.84,3693
286.0,purchase,150,496.83,3694
382.0,click,225,488.73,3695
684.0,click,486,224.59,3696
624.0,purchase,69,252.29,3697
288.0,view,477,406.24,3698
196.0,purchase,267,277.72,3699
706.0,click,70,34.11,3700
789.0,view,344,363.23,3701
547.0,purchase,92,447.96,3702
862.0,click,143,187.08,3703
208.0,purchase,302,418.22,3704
474.0,view,144,370.98,3705
779.0,click,31,352.06,3706
959.0,click,371,236.34,3707
722.0,click,104,252.03,3708
856.0,purchase,391,263.3,3709
453.0,purchase,116,,3710
532.0,purchase,9,441.84,3711
250.0,purchase,211,257.12,3712
635.0,purchase,252,343.13,3713
638.0,purchase,105,53.69,3714
767.0,purchase,238,399.84,3715
388.0,click,24,86.19,3716
541.0,purchase,405,,3717
176.0,purchase,253,441.45,3718
491.0,click,384,272.18,3719
893.0,view,162,283.18,3720
126.0,click,406,223.69,3721
784.0,view,210,24.51,3722
257.0,purchase,312,91.64,3723
866.0,view,29,24.82,3724
812.0,view,297,425.01,3725
568.0,purchase,491,369.22,3726
80.0,purchase,171,362.66,3727
428.0,view,448,135.75,3728
844.0,purchase,303,28.67,3729
566.0,click,258,246.34,3730
672.0,click,279,426.21,3731
222.0,purchase,372,214.84,3732
749.0,click,305,2856.3401419463125,3733
787.0,click,281,35.9,3734
98.0,view,66,224.25,3735
388.0,click,459,226.08,3736
982.0,click,277,376.67,3737
482.0,purchase,479,,3738
41.0,purchase,12,387.76,3739
197.0,click,155,,3740
498.0,purchase,75,148.92,3741
857.0,click,220,,3742
293.0,view,463,208.77,3743
632.0,purchase,208,473.05,3744
251.0,purchase,395,274.34,3745
166.0,purchase,35,359.09,3746
665.0,click,168,16.59,3747
479.0,click,141,334.9,3748
,click,312,425.3,3749
954.0,purchase,321,143.36,3750
344.0,click,13,94.16,3751
252.0,view,492,52.23,3752
373.0,view,280,,3753
399.0,view,307,251.86,3754
691.0,click,284,312.35,3755
496.0,click,248,321.52,3756
,purchase,157,6322.435744434152,3757
55.0,click,339,255.39,3758
58.0,view,309,362.93,3759
3.0,view,109,181.42,3760
520.0,view,286,262.04,3761
489.0,purchase,8,165.37,3762
306.0,purchase,204,79.95,3763
829.0,click,499,130.54,3764
282.0,view,383,355.86,3765
971.0,view,263,498.58,3766
528.0,click,333,104.84,3767
957.0,unknown_event,14,485.61,3768
615.0,view,359,469.45,3769
322.0,click,72,34.87,3770
22.0,click,17,485.54,3771
167.0,purchase,97,263.45,3772
418.0,view,434,170.81,3773
128.0,view,428,210.44,3774
268.0,purchase,374,363.45,3775
507.0,click,220,193.87,3776
927.0,click,256,249.01,3777
247.0,purchase,354,355.58,3778
624.0,view,119,413.3,3779
767.0,purchase,427,25.76,3780
932.0,view,25,155.28,3781
745.0,click,186,100.44,3782
200.0,view,449,133.6,3783
87.0,click,133,148.64,3784
328.0,click,367,477.82,3785
131.0,view,267,332.35,3786
989.0,click,60,13.67,3787
437.0,click,386,476.88,3788
413.0,purchase,285,74.02,3789
98.0,purchase,56,409.9,3790
979.0,click,220,21.84,3791
194.0,view,203,134.35,3792
967.0,purchase,495,191.66,3793
686.0,view,38,400.31,3794
307.0,view,214,184.5,3795
147.0,click,263,499.19,3796
814.0,click,450,416.21,3797
665.0,purchase,388,67.18,3798
831.0,click,76,44.74,3799
920.0,view,312,324.12,3800
429.0,view,293,420.75,3801
133.0,view,181,204.87,3802
794.0,view,173,266.13,3803
339.0,purchase,177,427.91,3804
464.0,view,365,388.13,3805
315.0,click,260,369.66,3806
190.0,purchase,65,471.99,3807
43.0,view,49,299.17,3808
214.0,view,144,180.42,3809
586.0,purchase,78,364.06,3810
450.0,purchase,293,456.21,3811
927.0,click,329,341.72,3812
895.0,purchase,316,102.19,3813
911.0,click,299,,3814
987.0,click,232,48.89,3815
351.0,view,21,84.42,3816
466.0,click,160,64.15,3817
754.0,purchase,292,480.39,3818
153.0,view,135,,3819
435.0,view,353,95.41,3820
400.0,purchase,269,,3821
813.0,view,138,289.7,3822
297.0,view,130,402.9,3823
298.0,view,139,237.75,3824
990.0,view,343,163.52,3825
,view,77,480.04,3826
225.0,view,316,345.05,3827
418.0,click,79,471.78,3828
253.0,view,33,8.61,3829
152.0,click,148,358.77,3830
320.0,purchase,409,429.71,3831
420.0,purchase,117,420.94,3832
933.0,click,174,9.54,3833
521.0,purchase,190,406.03,3834
897.0,purchase,402,497.01,3835
,click,317,498.17,3836
99.0,view,101,45.36,3837
117.0,view,309,456.85,3838
595.0,purchase,17,154.48,3839
944.0,view,410,132.66,3840
705.0,click,268,278.65,3841
137.0,click,255,,3842
887.0,click,245,352.22,3843
320.0,click,208,,3844
364.0,purchase,476,5.14,3845
118.0,click,193,122.84,3846
113.0,click,322,15.71,3847
976.0,view,380,107.87,3848
327.0,click,456,295.81,3849
17.0,view,360,391.23,3850
,purchase,494,,3851
432.0,click,166,318.19,3852
364.0,click,294,17.02,3853
271.0,purchase,99,458.01,3854
345.0,click,2,19.4,3855
945.0,view,260,464.59,3856
207.0,click,153,216.98,3857
139.0,view,425,64.86,3858
421.0,click,290,285.49,3859
817.0,purchase,339,63.22,3860
977.0,purchase,382,229.89,3861
263.0,click,449,310.75,3862
,view,284,268.55,3863
279.0,view,409,264.17,3864
301.0,view,316,143.56,3865
965.0,purchase,476,13.38,3866
687.0,click,18,199.02,3867
730.0,purchase,422,,3868
6.0,purchase,90,396.7,3869
885.0,view,409,,3870
151.0,view,485,-459.87,3871
760.0,click,237,140.8,3872
776.0,click,253,,3873
918.0,view,169,108.97,3874
,click,492,300.62,3875
338.0,purchase,140,188.17,3876
268.0,purchase,242,286.89,3877
602.0,click,399,396.07,3878
94.0,view,452,42.64,3879
33.0,click,460,,3880
367.0,view,37,283.51,3881
226.0,click,354,13.0,3882
994.0,click,9,391.41,3883
323.0,view,396,90.9,3884
83.0,view,378,120.6,3885
798.0,click,403,109.91,3886
284.0,purchase,337,299.28,3887
273.0,view,293,97.57,3888
872.0,click,445,217.38,3889
184.0,view,125,174.83,3890
572.0,purchase,193,,3891
,purchase,28,366.59,3892
727.0,view,336,460.33,3893
545.0,click,56,140.88,3894
156.0,view,410,491.99,3895
359.0,purchase,472,332.05,3896
315.0,purchase,434,221.96,3897
469.0,purchase,84,,3898
591.0,click,264,,3899
19.0,click,189,-20.35,3900
656.0,click,1,78.12,3901
755.0,purchase,16,214.8,3902
124.0,purchase,45,282.55,3903
773.0,purchase,221,69.6,3904
134.0,view,441,256.65,3905
530.0,click,370,1529.1992668880534,3906
780.0,purchase,289,140.19,3907
917.0,view,408,427.69,3908
405.0,click,388,63.68,3909
417.0,purchase,30,499.08,3910
365.0,purchase,453,226.27,3911
267.0,purchase,107,456.57,3912
432.0,view,9,439.94,3913
,click,32,458.2,3914
318.0,view,394,123.1,3915
113.0,purchase,347,6707.670765052376,3916
378.0,click,79,314.49,3917
224.0,click,69,57.19,3918
524.0,purchase,90,285.4,3919
58.0,click,221,188.17,3920
,view,92,361.79,3921
289.0,purchase,309,142.79,3922
636.0,purchase,489,17.06,3923
476.0,purchase,310,7.54,3924
700.0,click,332,50.51,3925
490.0,view,127,399.59,3926
541.0,click,90,460.91,3927
492.0,click,393,39.62,3928
555.0,view,257,178.66,3929
950.0,click,309,95.93,3930
494.0,purchase,452,423.85,3931
91.0,click,200,420.85,3932
762.0,click,472,18.64,3933
455.0,click,11,336.66,3934
188.0,click,425,461.11,3935
265.0,view,95,413.7,3936
105.0,view,383,175.06,3937
182.0,click,155,442.78,3938
984.0,view,430,424.88,3939
788.0,click,291,116.69,3940
180.0,click,460,19.15,3941
379.0,click,101,147.18,3942
707.0,view,218,180.93,3943
821.0,purchase,168,315.97,3944
811.0,purchase,287,33.7,3945
999.0,purchase,234,132.2,3946
820.0,purchase,163,4263.100618037298,3947
180.0,purchase,385,419.63,3948
684.0,click,487,110.74,3949
781.0,view,351,133.7,3950
753.0,view,393,16.15,3951
749.0,purchase,114,45.99,3952
785.0,purchase,336,251.65,3953
208.0,click,406,319.23,3954
919.0,view,231,209.27,3955
185.0,purchase,128,495.94,3956
640.0,click,6,34.3,3957
518.0,purchase,230,358.27,3958
820.0,click,74,185.44,3959
186.0,purchase,465,319.51,3960
117.0,click,489,,3961
760.0,view,156,146.44,3962
668.0,view,4,390.98,3963
417.0,view,301,277.03,3964
239.0,click,477,25.02,3965
37.0,view,119,241.93,3966
905.0,click,287,41.38,3967
201.0,click,217,146.37,3968
142.0,click,494,57.34,3969
161.0,view,439,326.01,3970
814.0,view,498,257.55,3971
677.0,click,484,237.79,3972
344.0,view,192,330.5,3973
824.0,view,335,281.52,3974
882.0,view,130,29.73,3975
854.0,purchase,116,433.82,3976
445.0,click,155,254.59,3977
92.0,click,19,63.24,3978
31.0,click,450,194.05,3979
288.0,view,455,125.19,3980
492.0,purchase,203,376.46,3981
639.0,click,88,331.69,3982
391.0,view,440,14.01,3983
976.0,unknown_event,13,5625.572185317322,3984
514.0,view,259,6.13,3985
712.0,purchase,145,112.88,3986
199.0,view,267,124.83,3987
,view,108,174.16,3988
809.0,view,240,4247.659807616341,3989
642.0,view,409,289.87,3990
952.0,view,27,358.31,3991
855.0,view,31,436.69,3992
854.0,purchase,477,429.69,3993
966.0,view,374,446.5,3994
472.0,click,274,388.16,3995
838.0,purchase,310,408.06,3996
496.0,view,229,126.91,3997
870.0,unknown_event,202,7297.278518382247,3998
222.0,view,403,273.94,3999
750.0,purchase,329,61.29,4000
147.0,view,40,,4001
769.0,click,18,306.87,4002
706.0,click,16,415.93,4003
517.0,view,28,479.95,4004
523.0,click,170,139.56,4005
696.0,purchase,94,342.63,4006
,purchase,407,278.48,4007
74.0,view,17,,4008
950.0,view,174,312.82,4009
424.0,purchase,216,,4010
118.0,purchase,261,71.98,4011
197.0,purchase,31,192.81,4012
,click,83,19.61,4013
531.0,purchase,399,23.95,4014
871.0,click,382,253.55,4015
974.0,view,397,78.76,4016
628.0,purchase,480,407.62,4017
896.0,view,218,142.8,4018
546.0,click,249,281.97,4019
395.0,purchase,106,245.03,4020
846.0,click,223,435.08,4021
446.0,click,96,341.38,4022
715.0,view,14,199.74,4023
390.0,click,499,196.14,4024
457.0,purchase,96,379.49,4025
530.0,click,452,143.48,4026
722.0,view,305,53.4,4027
,purchase,367,12.91,4028
254.0,click,432,7849.243773806405,4029
637.0,view,11,271.68,4030
133.0,purchase,104,310.24,4031
941.0,purchase,406,152.17,4032
744.0,purchase,88,183.75,4033
910.0,view,87,283.44,4034
981.0,click,378,304.57,4035
506.0,view,105,482.46,4036
326.0,view,314,422.64,4037
206.0,purchase,453,328.91,4038
984.0,purchase,296,,4039
447.0,purchase,60,468.81,4040
204.0,click,137,143.38,4041
655.0,click,147,242.06,4042
446.0,purchase,375,51.95,4043
537.0,purchase,118,64.2,4044
169.0,click,414,,4045
31.0,click,172,319.39,4046
382.0,click,298,,4047
494.0,click,304,379.66,4048
121.0,click,273,95.55,4049
385.0,click,28,,4050
316.0,click,185,175.55,4051
552.0,click,451,416.07,4052
621.0,click,474,72.34,4053
43.0,purchase,107,397.36,4054
,click,314,453.69,4055
205.0,view,429,466.75,4056
27.0,unknown_event,288,91.57,4057
780.0,view,281,196.84,4058
,view,185,296.62,4059
370.0,click,231,55.2,4060
544.0,purchase,452,34.77,4061
,purchase,220,221.74,4062
558.0,view,329,31.48,4063
178.0,purchase,352,440.45,4064
222.0,purchase,214,467.05,4065
450.0,purchase,84,493.36,4066
810.0,view,395,17.29,4067
476.0,click,101,397.25,4068
334.0,click,234,11.34,4069
,purchase,443,55.08,4070
942.0,click,83,279.43,4071
333.0,click,340,450.71,4072
744.0,view,417,273.74,4073
690.0,view,257,192.7,4074
759.0,purchase,16,489.58,4075
302.0,click,455,499.07,4076
704.0,view,56,217.6,4077
966.0,purchase,29,61.02,4078
199.0,view,84,,4079
914.0,click,363,140.65,4080
272.0,view,374,178.06,4081
738.0,purchase,332,42.77,4082
395.0,purchase,376,407.27,4083
656.0,click,282,318.1,4084
482.0,purchase,55,332.0,4085
866.0,purchase,275,163.26,4086
853.0,view,319,163.94,4087
920.0,click,3,322.79,4088
392.0,click,196,74.69,4089
228.0,view,406,195.11,4090
914.0,view,237,110.86,4091
269.0,view,16,89.52,4092
677.0,view,208,272.49,4093
277.0,purchase,106,228.69,4094
645.0,view,301,277.71,4095
796.0,click,367,98.31,4096
727.0,click,455,329.57,4097
780.0,view,167,233.76,4098
532.0,purchase,346,,4099
784.0,view,344,7491.321770669789,4100
201.0,click,116,35.18,4101
295.0,view,8,240.8,4102
,purchase,353,116.67,4103
,click,9,34.53,4104
867.0,click,71,230.55,4105
452.0,view,121,288.61,4106
857.0,click,368,319.81,4107
301.0,click,338,476.7,4108
637.0,click,369,41.82,4109
311.0,view,351,179.65,4110
65.0,click,326,261.39,4111
382.0,click,147,159.25,4112
512.0,view,87,90.07,4113
805.0,view,379,34.06,4114
206.0,click,299,367.95,4115
284.0,click,455,459.1,4116
166.0,click,330,229.4,4117
133.0,click,307,317.54,4118
185.0,click,447,315.83,4119
583.0,view,73,119.76,4120
332.0,view,49,162.35,4121
994.0,view,219,,4122
274.0,purchase,161,308.77,4123
752.0,view,223,443.25,4124
585.0,view,61,147.99,4125
259.0,purchase,267,490.16,4126
554.0,view,481,243.5,4127
652.0,click,176,,4128
262.0,purchase,32,21.71,4129
789.0,view,46,127.38,4130
408.0,view,72,220.38,4131
267.0,view,198,14.61,4132
252.0,click,82,416.61,4133
145.0,purchase,355,83.74,4134
,view,420,135.33,4135
298.0,purchase,284,209.1,4136
657.0,purchase,390,488.1,4137
215.0,view,241,208.53,4138
885.0,view,32,135.65,4139
437.0,purchase,482,377.32,4140
,view,28,449.48,4141
677.0,click,122,320.09,4142
459.0,view,263,51.8,4143
645.0,purchase,98,52.3,4144
383.0,view,6,256.87,4145
463.0,purchase,127,374.44,4146
320.0,view,456,,4147
243.0,view,300,237.83,4148
130.0,purchase,455,388.7,4149
939.0,view,208,,4150
343.0,click,299,121.82,4151
978.0,purchase,12,450.32,4152
246.0,click,355,90.97,4153
213.0,click,335,433.53,4154
991.0,purchase,89,414.96,4155
60.0,click,75,460.66,4156
217.0,click,15,454.44,4157
954.0,purchase,465,328.21,4158
690.0,view,495,444.7,4159
586.0,click,394,312.55,4160
434.0,click,311,360.22,4161
457.0,click,304,40.4,4162
379.0,view,64,489.99,4163
164.0,click,81,386.77,4164
892.0,view,390,280.49,4165
910.0,purchase,259,78.43,4166
691.0,view,480,39.6,4167
915.0,purchase,6,39.94,4168
67.0,view,440,246.41,4169
119.0,purchase,290,389.79,4170
527.0,click,391,70.49,4171
7.0,click,336,442.69,4172
369.0,click,85,408.54,4173
683.0,view,79,479.17,4174
491.0,purchase,172,68.91,4175
499.0,purchase,396,135.91,4176
165.0,view,253,356.32,4177
179.0,view,59,-425.22,4178
127.0,purchase,41,109.71,4179
254.0,click,185,468.65,4180
698.0,view,271,379.41,4181
284.0,view,254,314.95,4182
412.0,view,44,469.61,4183
327.0,purchase,478,328.57,4184
955.0,purchase,308,9158.250445725022,4185
,view,199,483.95,4186
943.0,view,467,305.14,4187
139.0,click,478,-333.84,4188
538.0,purchase,307,,4189
656.0,view,320,19.89,4190
52.0,view,357,433.94,4191
156.0,view,283,146.03,4192
588.0,purchase,244,22.59,4193
633.0,click,395,387.01,4194
205.0,view,320,153.53,4195
289.0,click,190,57.84,4196
757.0,click,445,459.93,4197
,unknown_event,130,243.9,4198
562.0,click,191,440.76,4199
12.0,purchase,498,465.58,4200
137.0,click,40,294.88,4201
798.0,click,108,257.62,4202
698.0,view,134,489.44,4203
717.0,click,473,334.67,4204
542.0,view,148,431.91,4205
919.0,purchase,34,263.73,4206
507.0,click,460,273.76,4207
500.0,purchase,260,117.32,4208
481.0,view,120,187.77,4209
32.0,view,358,181.94,4210
657.0,click,485,475.56,4211
417.0,purchase,75,221.39,4212
,click,317,83.36,4213
894.0,click,151,181.89,4214
86.0,view,96,457.93,4215
423.0,view,398,198.34,4216
913.0,view,271,449.74,4217
563.0,view,485,72.28,4218
764.0,click,351,273.16,4219
615.0,click,169,447.22,4220
,click,185,234.0,4221
81.0,purchase,388,343.35,4222
288.0,view,28,470.22,4223
788.0,purchase,78,108.66,4224
632.0,purchase,81,2768.881034239037,4225
120.0,view,217,385.07,4226
,purchase,295,414.34,4227
163.0,purchase,67,85.09,4228
,purchase,131,194.83,4229
794.0,purchase,111,272.56,4230
574.0,click,321,434.81,4231
134.0,purchase,240,339.94,4232
984.0,purchase,71,398.13,4233
640.0,purchase,52,102.7,4234
132.0,purchase,319,468.73,4235
783.0,view,2,84.91,4236
,click,213,251.09,4237
33.0,click,354,176.9,4238
582.0,view,63,368.79,4239
800.0,purchase,108,364.09,4240
123.0,click,377,87.78,4241
445.0,view,93,144.56,4242
151.0,purchase,225,85.04,4243
794.0,purchase,284,484.53,4244
445.0,click,29,185.21,4245
896.0,click,434,418.97,4246
169.0,purchase,498,422.49,4247
721.0,purchase,216,234.04,4248
385.0,purchase,465,144.78,4249
858.0,purchase,414,274.85,4250
610.0,click,347,30.1,4251
375.0,view,296,317.18,4252
838.0,view,2,6636.775246037437,4253
85.0,view,282,404.58,4254
585.0,view,77,344.06,4255
730.0,click,436,221.13,4256
201.0,purchase,113,382.71,4257
584.0,view,66,412.58,4258
514.0,view,185,83.09,4259
453.0,view,23,94.27,4260
236.0,view,80,5210.58752284578,4261
427.0,purchase,450,72.94,4262
142.0,click,128,496.61,4263
66.0,click,190,339.03,4264
756.0,click,274,324.46,4265
242.0,click,271,281.35,4266
223.0,purchase,63,413.01,4267
736.0,click,263,363.82,4268
545.0,click,323,125.94,4269
862.0,click,362,124.82,4270
552.0,click,491,91.44,4271
948.0,purchase,413,367.86,4272
535.0,click,487,493.95,4273
557.0,click,448,419.87,4274
205.0,view,130,463.66,4275
158.0,purchase,326,144.28,4276
937.0,purchase,101,282.46,4277
453.0,purchase,311,491.4,4278
17.0,view,388,322.54,4279
410.0,view,104,180.13,4280
99.0,purchase,486,449.14,4281
366.0,view,78,369.34,4282
696.0,view,47,439.66,4283
264.0,click,495,284.35,4284
175.0,purchase,98,385.62,4285
564.0,purchase,348,186.76,4286
552.0,view,124,499.84,4287
326.0,view,309,287.0,4288
64.0,click,2,341.52,4289
154.0,view,2,69.07,4290
226.0,unknown_event,129,250.98,4291
127.0,click,423,58.81,4292
864.0,purchase,21,415.38,4293
141.0,view,121,117.0,4294
656.0,purchase,150,332.67,4295
933.0,purchase,87,485.97,4296
99.0,click,45,260.45,4297
359.0,view,322,314.36,4298
42.0,click,300,239.72,4299
738.0,click,75,,4300
213.0,purchase,479,286.81,4301
948.0,purchase,238,7699.7608380355305,4302
524.0,view,187,132.6,4303
515.0,click,205,104.5,4304
798.0,purchase,115,178.89,4305
479.0,purchase,199,102.03,4306
587.0,view,50,452.17,4307
950.0,purchase,445,386.19,4308
77.0,view,234,371.77,4309
911.0,click,57,202.49,4310
513.0,view,130,170.04,4311
,view,43,453.41,4312
544.0,purchase,27,365.94,4313
,view,322,378.01,4314
885.0,purchase,430,440.36,4315
68.0,click,453,230.4,4316
285.0,purchase,230,208.96,4317
604.0,view,485,455.76,4318
46.0,view,192,169.06,4319
405.0,purchase,99,76.45,4320
146.0,view,389,405.15,4321
966.0,click,211,444.15,4322
205.0,purchase,232,82.97,4323
51.0,view,329,366.29,4324
410.0,view,240,82.93,4325
391.0,view,375,4009.406723767954,4326
,click,487,-366.97,4327
789.0,view,89,12.01,4328
420.0,click,480,75.04,4329
743.0,view,71,213.33,4330
338.0,click,60,176.05,4331
751.0,click,71,449.79,4332
80.0,click,460,412.04,4333
820.0,purchase,402,73.96,4334
46.0,view,454,,4335
604.0,click,448,82.23,4336
383.0,view,137,453.17,4337
300.0,click,46,234.83,4338
407.0,purchase,171,163.18,4339
463.0,purchase,386,230.42,4340
866.0,purchase,330,145.11,4341
542.0,purchase,400,237.44,4342
409.0,view,67,20.08,4343
602.0,view,284,11.0,4344
850.0,purchase,454,84.96,4345
464.0,purchase,202,467.0,4346
654.0,view,267,318.76,4347
331.0,purchase,175,45.85,4348
,purchase,337,246.41,4349
969.0,click,413,185.89,4350
386.0,click,96,131.17,4351
222.0,purchase,467,7057.249051108927,4352
384.0,click,378,85.42,4353
503.0,purchase,109,459.04,4354
739.0,view,117,427.17,4355
775.0,purchase,383,372.89,4356
525.0,view,383,53.42,4357
980.0,view,265,209.7,4358
658.0,click,395,286.14,4359
705.0,view,402,464.1,4360
83.0,click,183,,4361
198.0,view,409,165.54,4362
929.0,purchase,31,403.34,4363
988.0,view,360,209.91,4364
585.0,view,421,322.17,4365
636.0,purchase,295,484.94,4366
177.0,view,339,204.12,4367
791.0,view,332,294.98,4368
999.0,click,370,232.93,4369
351.0,view,445,459.05,4370
456.0,purchase,122,76.78,4371
664.0,purchase,225,396.03,4372
448.0,purchase,258,6.52,4373
197.0,view,144,86.15,4374
531.0,click,92,371.5,4375
312.0,view,123,,4376
893.0,view,339,355.98,4377
132.0,purchase,153,10.95,4378
391.0,click,479,286.26,4379
857.0,purchase,45,130.11,4380
387.0,purchase,399,333.64,4381
531.0,view,259,247.77,4382
,click,44,314.77,4383
420.0,unknown_event,217,15.03,4384
22.0,click,323,492.68,4385
224.0,purchase,235,11.93,4386
863.0,view,21,366.4,4387
38.0,view,354,223.6,4388
334.0,click,347,345.5,4389
959.0,purchase,284,,4390
545.0,purchase,153,167.42,4391
78.0,purchase,41,271.88,4392
820.0,view,286,,4393
716.0,purchase,303,160.12,4394
57.0,click,188,5.45,4395
112.0,purchase,136,6491.095604155964,4396
604.0,click,452,454.42,4397
389.0,view,362,438.42,4398
771.0,click,86,169.15,4399
485.0,click,486,367.44,4400
725.0,click,434,92.46,4401
460.0,view,180,227.47,4402
721.0,view,346,,4403
145.0,click,496,4821.362086018323,4404
85.0,view,495,173.89,4405
321.0,purchase,424,6242.28258570384,4406
297.0,click,182,496.9,4407
406.0,click,23,241.4,4408
198.0,purchase,307,231.69,4409
808.0,view,122,239.64,4410
990.0,purchase,16,484.76,4411
704.0,click,308,428.9,4412
789.0,view,255,72.59,4413
795.0,view,271,96.79,4414
214.0,click,282,12.12,4415
810.0,purchase,405,387.47,4416
840.0,purchase,18,,4417
903.0,view,85,365.28,4418
327.0,click,252,244.21,4419
583.0,purchase,197,413.23,4420
627.0,view,295,97.83,4421
840.0,view,232,443.02,4422
217.0,purchase,59,306.51,4423
882.0,view,298,494.56,4424
677.0,view,323,169.62,4425
845.0,purchase,329,372.7,4426
582.0,click,393,66.94,4427
751.0,purchase,82,144.03,4428
532.0,purchase,45,336.64,4429
328.0,click,221,94.58,4430
848.0,purchase,102,301.26,4431
683.0,view,272,485.61,4432
185.0,click,189,328.36,4433
285.0,view,275,78.69,4434
562.0,purchase,256,168.79,4435
755.0,click,475,80.75,4436
683.0,purchase,303,477.27,4437
410.0,view,190,172.43,4438
998.0,view,16,195.01,4439
122.0,purchase,321,351.34,4440
743.0,purchase,339,-127.56,4441
169.0,click,192,7.77,4442
242.0,click,80,229.56,4443
369.0,purchase,169,32.5,4444
881.0,purchase,271,402.03,4445
16.0,purchase,48,,4446
544.0,click,122,357.91,4447
90.0,view,398,107.01,4448
451.0,click,338,309.07,4449
45.0,view,96,491.94,4450
230.0,click,350,316.07,4451
848.0,purchase,124,471.75,4452
166.0,click,176,430.21,4453
624.0,click,116,44.1,4454
939.0,purchase,31,144.16,4455
778.0,view,274,344.82,4456
72.0,view,186,71.81,4457
799.0,purchase,233,424.32,4458
520.0,purchase,221,355.46,4459
204.0,purchase,370,77.81,4460
94.0,purchase,66,306.42,4461
885.0,click,29,147.25,4462
51.0,unknown_event,26,393.09,4463
82.0,click,488,445.77,4464
535.0,view,378,41.34,4465
416.0,click,72,266.8,4466
463.0,unknown_event,136,208.48,4467
533.0,click,468,420.07,4468
704.0,click,436,10.41,4469
867.0,click,185,82.23,4470
86.0,view,41,96.04,4471
281.0,purchase,184,391.92,4472
330.0,view,459,420.21,4473
197.0,view,204,482.39,4474
440.0,click,414,140.41,4475
,view,353,9273.115645146761,4476
631.0,click,310,206.5,4477
979.0,purchase,423,379.18,4478
239.0,click,206,440.38,4479
177.0,click,448,313.34,4480
667.0,view,463,292.36,4481
678.0,purchase,72,287.89,4482
343.0,view,231,408.57,4483
13.0,purchase,278,111.39,4484
375.0,view,42,189.4,4485
175.0,click,376,207.16,4486
940.0,purchase,110,269.5,4487
753.0,purchase,8,18.14,4488
421.0,click,248,369.43,4489
742.0,view,290,5844.663733676625,4490
876.0,view,398,108.63,4491
739.0,click,466,205.81,4492
77.0,purchase,299,424.27,4493
842.0,purchase,165,178.82,4494
690.0,purchase,477,287.83,4495
739.0,view,76,137.99,4496
787.0,click,210,323.95,4497
93.0,view,82,102.45,4498
358.0,view,166,,4499
755.0,purchase,132,155.51,4500
7.0,click,28,220.58,4501
306.0,view,161,,4502
913.0,view,398,,4503
385.0,purchase,8,30.61,4504
156.0,click,291,134.92,4505
668.0,purchase,204,330.91,4506
868.0,click,234,358.07,4507
257.0,click,140,150.24,4508
774.0,view,94,231.01,4509
227.0,view,429,344.79,4510
,purchase,495,337.76,4511
699.0,purchase,324,244.47,4512
11.0,view,266,420.47,4513
,click,196,447.99,4514
396.0,view,349,154.6,4515
564.0,view,429,420.77,4516
,click,322,,4517
991.0,view,423,389.44,4518
480.0,view,488,122.3,4519
781.0,view,452,51.18,4520
755.0,view,442,170.19,4521
263.0,purchase,494,213.62,4522
318.0,purchase,151,243.46,4523
827.0,purchase,101,226.71,4524
814.0,purchase,123,418.06,4525
785.0,view,146,161.54,4526
203.0,click,254,,4527
47.0,purchase,11,176.47,4528
524.0,purchase,71,455.69,4529
658.0,purchase,93,135.98,4530
50.0,click,452,495.9,4531
799.0,click,454,49.18,4532
760.0,click,97,420.43,4533
435.0,purchase,205,125.42,4534
341.0,view,106,16.11,4535
319.0,purchase,86,253.59,4536
9.0,click,113,343.71,4537
581.0,view,390,272.3,4538
211.0,view,493,298.28,4539
283.0,click,426,318.35,4540
595.0,click,228,310.94,4541
269.0,purchase,144,90.54,4542
34.0,view,4,159.53,4543
404.0,purchase,370,286.32,4544
332.0,view,162,155.77,4545
471.0,view,279,185.42,4546
513.0,click,207,,4547
121.0,view,319,453.46,4548
77.0,purchase,253,37.1,4549
215.0,purchase,48,138.57,4550
930.0,click,8,,4551
260.0,view,114,129.91,4552
240.0,click,142,208.49,4553
895.0,purchase,468,344.77,4554
614.0,view,379,,4555
185.0,purchase,471,-140.53,4556
306.0,click,425,165.97,4557
894.0,purchase,21,300.65,4558
987.0,view,53,84.89,4559
929.0,view,428,454.0,4560
18.0,view,445,156.32,4561
878.0,view,117,171.51,4562
790.0,click,414,32.7,4563
321.0,click,81,206.74,4564
845.0,purchase,339,498.35,4565
70.0,click,307,314.97,4566
985.0,click,24,166.07,4567
361.0,click,30,189.11,4568
803.0,purchase,219,227.66,4569
145.0,view,93,105.56,4570
937.0,purchase,116,170.06,4571
548.0,view,466,275.23,4572
764.0,purchase,217,270.18,4573
399.0,view,106,,4574
,view,346,291.92,4575
604.0,click,8,485.37,4576
83.0,view,395,55.24,4577
605.0,click,392,,4578
108.0,view,470,414.66,4579
921.0,view,200,115.45,4580
509.0,view,335,203.63,4581
724.0,view,270,113.09,4582
522.0,click,82,149.94,4583
906.0,click,403,107.6,4584
943.0,click,115,242.57,4585
266.0,purchase,78,,4586
687.0,click,239,220.69,4587
851.0,view,287,345.28,4588
287.0,purchase,181,376.12,4589
820.0,view,2,,4590
701.0,click,213,305.87,4591
956.0,click,64,450.72,4592
740.0,view,364,102.78,4593
,click,41,231.23,4594
947.0,view,86,433.04,4595
519.0,click,56,395.12,4596
98.0,purchase,434,173.74,4597
576.0,purchase,53,,4598
172.0,click,312,,4599
416.0,click,193,111.88,4600
600.0,click,63,-367.24,4601
555.0,view,210,270.59,4602
801.0,purchase,359,129.56,4603
486.0,purchase,68,425.31,4604
740.0,view,25,69.4,4605
665.0,purchase,69,459.02,4606
687.0,click,381,233.31,4607
998.0,view,159,,4608
185.0,view,77,495.85,4609
368.0,purchase,76,373.29,4610
158.0,view,395,5.26,4611
875.0,view,413,290.92,4612
631.0,click,189,165.91,4613
369.0,click,193,124.36,4614
582.0,click,431,5860.450582903756,4615
209.0,view,346,452.8,4616
483.0,view,269,233.45,4617
874.0,click,439,11.16,4618
804.0,purchase,386,27.82,4619
244.0,purchase,493,126.08,4620
755.0,purchase,239,69.64,4621
821.0,view,260,455.84,4622
984.0,purchase,349,414.44,4623
943.0,view,384,59.81,4624
462.0,purchase,179,441.31,4625
954.0,purchase,10,443.52,4626
282.0,purchase,348,229.51,4627
345.0,click,125,233.91,4628
968.0,click,329,252.97,4629
333.0,click,291,288.89,4630
731.0,purchase,453,,4631
465.0,view,229,289.85,4632
909.0,purchase,76,53.44,4633
894.0,purchase,131,252.75,4634
428.0,click,246,124.8,4635
878.0,click,127,2040.9192853975455,4636
101.0,purchase,217,486.63,4637
800.0,click,459,218.11,4638
985.0,view,364,158.74,4639
895.0,view,371,456.57,4640
646.0,purchase,484,147.59,4641
891.0,click,63,243.54,4642
62.0,view,105,343.97,4643
897.0,purchase,243,490.19,4644
577.0,view,388,,4645
74.0,purchase,384,72.32,4646
724.0,click,119,260.69,4647
198.0,purchase,200,112.64,4648
954.0,purchase,214,45.22,4649
486.0,click,357,277.21,4650
585.0,view,408,329.92,4651
707.0,view,466,76.54,4652
412.0,purchase,28,164.22,4653
350.0,purchase,277,221.55,4654
808.0,purchase,443,109.67,4655
644.0,purchase,373,251.13,4656
414.0,view,277,222.09,4657
426.0,view,174,,4658
13.0,purchase,136,278.53,4659
823.0,view,66,165.38,4660
948.0,purchase,454,433.69,4661
28.0,view,326,75.27,4662
883.0,click,132,120.07,4663
196.0,purchase,313,443.37,4664
920.0,click,189,488.06,4665
732.0,view,149,444.9,4666
,view,278,132.09,4667
626.0,click,328,355.17,4668
687.0,click,23,176.37,4669
114.0,click,314,273.92,4670
460.0,view,338,12.6,4671
378.0,click,457,470.49,4672
994.0,unknown_event,33,334.48,4673
920.0,view,157,170.86,4674
348.0,view,320,10.87,4675
532.0,purchase,107,187.72,4676
951.0,purchase,285,8029.508097070223,4677
399.0,purchase,290,289.69,4678
793.0,click,276,413.63,4679
607.0,click,25,321.72,4680
619.0,purchase,220,50.0,4681
839.0,view,54,104.58,4682
265.0,click,138,355.81,4683
934.0,purchase,120,351.12,4684
344.0,purchase,6,487.94,4685
,click,120,253.38,4686
408.0,view,262,350.29,4687
503.0,view,290,301.05,4688
469.0,view,375,399.72,4689
378.0,purchase,256,117.35,4690
842.0,click,380,183.14,4691
14.0,click,112,485.95,4692
474.0,view,21,84.2,4693
886.0,purchase,320,214.74,4694
767.0,purchase,460,363.21,4695
356.0,view,163,442.27,4696
45.0,click,25,21.61,4697
12.0,view,345,108.88,4698
76.0,view,339,221.77,4699
625.0,view,135,393.38,4700
143.0,purchase,64,472.27,4701
920.0,purchase,354,131.89,4702
603.0,unknown_event,28,198.32,4703
699.0,purchase,101,358.45,4704
901.0,view,95,179.4,4705
130.0,purchase,468,58.78,4706
239.0,view,449,130.14,4707
948.0,view,297,97.03,4708
281.0,click,19,433.28,4709
,view,491,230.39,4710
995.0,purchase,117,377.12,4711
329.0,purchase,122,418.26,4712
149.0,click,350,183.27,4713
7.0,click,431,498.03,4714
394.0,purchase,173,383.67,4715
399.0,purchase,446,335.29,4716
235.0,click,481,61.21,4717
47.0,view,403,306.44,4718
348.0,purchase,197,465.35,4719
191.0,purchase,440,416.32,4720
317.0,view,415,167.02,4721
736.0,view,499,281.31,4722
693.0,purchase,360,408.68,4723
744.0,purchase,470,31.89,4724
86.0,view,334,385.41,4725
122.0,purchase,94,332.95,4726
219.0,click,226,68.44,4727
338.0,view,56,83.09,4728
755.0,purchase,318,365.61,4729
815.0,view,219,394.85,4730
679.0,click,495,455.83,4731
820.0,view,8,387.25,4732
414.0,view,223,337.68,4733
988.0,purchase,53,107.96,4734
84.0,purchase,169,165.06,4735
654.0,purchase,445,458.73,4736
473.0,purchase,445,159.65,4737
410.0,purchase,26,114.59,4738
863.0,view,245,104.08,4739
370.0,purchase,128,296.74,4740
,click,225,412.99,4741
183.0,click,135,188.22,4742
883.0,click,290,305.72,4743
590.0,click,355,168.16,4744
173.0,view,325,422.6,4745
956.0,click,174,497.93,4746
244.0,click,190,59.67,4747
291.0,click,423,190.63,4748
,view,403,257.37,4749
921.0,purchase,430,434.81,4750
916.0,view,209,147.11,4751
354.0,view,255,352.96,4752
830.0,view,221,220.59,4753
983.0,view,20,436.32,4754
80.0,unknown_event,12,87.68,4755
,view,498,277.62,4756
460.0,click,43,20.86,4757
631.0,purchase,344,423.98,4758
886.0,view,302,193.15,4759
379.0,click,416,460.98,4760
585.0,view,402,32.29,4761
369.0,view,484,262.4,4762
31.0,purchase,355,130.73,4763
797.0,purchase,8,398.86,4764
350.0,view,56,326.64,4765
859.0,purchase,57,115.41,4766
156.0,purchase,368,37.99,4767
847.0,click,12,216.65,4768
299.0,click,339,391.78,4769
202.0,view,98,86.06,4770
283.0,purchase,367,159.76,4771
40.0,view,77,425.94,4772
525.0,click,344,379.41,4773
761.0,click,298,416.21,4774
591.0,click,335,100.15,4775
170.0,view,441,,4776
718.0,purchase,201,,4777
336.0,view,268,334.1,4778
296.0,click,187,463.68,4779
925.0,click,180,316.96,4780
186.0,purchase,478,195.7,4781
647.0,view,372,52.12,4782
666.0,view,417,402.87,4783
776.0,view,492,432.52,4784
601.0,click,207,59.92,4785
892.0,purchase,170,8.08,4786
693.0,view,262,388.65,4787
773.0,view,150,311.82,4788
91.0,view,206,489.1,4789
514.0,click,355,83.07,4790
904.0,click,166,60.76,4791
520.0,view,373,159.39,4792
539.0,purchase,154,135.59,4793
638.0,purchase,34,78.19,4794
551.0,purchase,47,362.5,4795
437.0,purchase,407,426.18,4796
545.0,purchase,408,323.52,4797
,click,485,365.27,4798
979.0,view,277,400.66,4799
937.0,purchase,159,464.19,4800
944.0,view,282,498.22,4801
246.0,purchase,466,27.99,4802
357.0,purchase,141,,4803
924.0,click,463,271.27,4804
461.0,view,248,25.05,4805
335.0,purchase,133,43.05,4806
162.0,purchase,38,233.15,4807
97.0,view,150,50.82,4808
,click,18,285.98,4809
221.0,click,417,71.77,4810
284.0,purchase,297,20.42,4811
312.0,view,479,115.9,4812
928.0,click,292,362.44,4813
509.0,view,413,134.7,4814
223.0,purchase,195,17.16,4815
482.0,view,275,412.42,4816
137.0,view,12,343.01,4817
964.0,purchase,206,240.13,4818
614.0,click,198,428.68,4819
768.0,click,305,482.36,4820
518.0,purchase,313,387.67,4821
,click,50,-307.93,4822
123.0,purchase,14,42.28,4823
288.0,purchase,356,431.76,4824
432.0,click,94,322.08,4825
409.0,click,362,485.29,4826
236.0,purchase,203,333.97,4827
289.0,click,404,265.61,4828
592.0,click,129,291.68,4829
676.0,view,395,-55.92,4830
97.0,click,189,279.36,4831
451.0,unknown_event,444,-236.13,4832
689.0,purchase,429,6.37,4833
693.0,view,317,6.52,4834
848.0,purchase,473,443.17,4835
440.0,click,359,414.67,4836
771.0,purchase,456,76.82,4837
,unknown_event,439,195.64,4838
756.0,purchase,186,,4839
716.0,click,454,459.04,4840
164.0,view,388,382.25,4841
449.0,purchase,451,223.98,4842
837.0,purchase,216,-387.39,4843
944.0,purchase,1,395.95,4844
432.0,view,381,234.01,4845
977.0,purchase,449,267.53,4846
223.0,purchase,9,27.99,4847
834.0,purchase,258,418.36,4848
54.0,click,194,181.74,4849
311.0,click,80,411.3,4850
504.0,click,316,48.64,4851
968.0,view,297,418.93,4852
225.0,view,434,231.97,4853
321.0,view,248,93.47,4854
608.0,view,52,268.09,4855
105.0,click,267,313.94,4856
460.0,click,372,416.38,4857
992.0,view,128,351.34,4858
732.0,view,16,422.47,4859
361.0,click,304,478.04,4860
185.0,view,154,290.74,4861
511.0,click,444,407.34,4862
551.0,view,367,253.28,4863
,purchase,15,197.84,4864
476.0,purchase,40,381.34,4865
185.0,view,207,48.13,4866
733.0,click,380,421.5,4867
682.0,purchase,114,19.6,4868
28.0,purchase,98,219.53,4869
709.0,purchase,157,43.11,4870
2.0,purchase,429,457.13,4871
909.0,click,331,96.16,4872
496.0,purchase,53,74.29,4873
97.0,view,40,262.31,4874
185.0,click,227,,4875
364.0,click,88,368.95,4876
936.0,click,373,204.61,4877
626.0,purchase,16,85.0,4878
266.0,view,207,335.32,4879
,click,441,109.54,4880
214.0,purchase,296,15.88,4881
968.0,purchase,158,102.37,4882
669.0,purchase,24,88.8,4883
61.0,view,455,381.44,4884
796.0,click,56,,4885
787.0,view,448,69.18,4886
836.0,purchase,17,203.48,4887
629.0,view,145,7705.310749301804,4888
426.0,purchase,148,327.85,4889
948.0,purchase,39,337.38,4890
549.0,purchase,346,352.66,4891
575.0,purchase,261,207.06,4892
814.0,click,237,130.59,4893
507.0,click,439,489.06,4894
377.0,view,289,49.27,4895
876.0,purchase,206,127.49,4896
198.0,purchase,327,437.37,4897
978.0,view,307,92.11,4898
,purchase,395,444.37,4899
884.0,view,475,255.77,4900
267.0,view,195,431.85,4901
9.0,click,140,200.72,4902
,click,497,382.09,4903
212.0,view,207,,4904
979.0,click,459,249.56,4905
749.0,purchase,8,476.19,4906
794.0,view,493,223.51,4907
636.0,purchase,474,299.53,4908
321.0,purchase,110,434.82,4909
519.0,purchase,118,429.24,4910
465.0,view,126,99.54,4911
576.0,purchase,405,217.44,4912
923.0,click,332,430.08,4913
326.0,click,313,80.96,4914
462.0,purchase,366,138.74,4915
340.0,view,277,308.67,4916
155.0,purchase,224,211.69,4917
228.0,view,365,489.3,4918
379.0,click,330,326.9,4919
205.0,view,175,249.77,4920
824.0,view,149,362.2,4921
494.0,click,14,107.53,4922
451.0,view,127,44.8,4923
167.0,purchase,404,,4924
520.0,purchase,158,206.02,4925
1.0,view,82,97.43,4926
805.0,click,193,18.2,4927
106.0,purchase,285,251.96,4928
231.0,view,335,218.16,4929
701.0,view,365,17.15,4930
643.0,purchase,215,278.8,4931
277.0,view,206,359.54,4932
9.0,purchase,430,254.32,4933
437.0,click,443,497.69,4934
433.0,click,38,430.91,4935
139.0,click,129,31.43,4936
214.0,purchase,377,297.2,4937
686.0,purchase,473,349.7,4938
,click,346,151.46,4939
480.0,view,343,125.47,4940
293.0,click,484,173.69,4941
684.0,view,234,439.3,4942
142.0,purchase,140,454.88,4943
510.0,view,451,324.35,4944
816.0,purchase,131,492.26,4945
936.0,purchase,281,476.54,4946
981.0,view,499,267.12,4947
98.0,view,79,15.85,4948
204.0,view,248,232.49,4949
258.0,purchase,190,19.96,4950
689.0,click,108,470.65,4951
102.0,click,390,187.13,4952
571.0,view,4,437.26,4953
353.0,view,137,172.8,4954
982.0,unknown_event,383,121.65,4955
174.0,view,490,152.66,4956
768.0,view,493,77.24,4957
505.0,click,425,123.71,4958
75.0,click,340,73.98,4959
338.0,view,430,297.05,4960
729.0,view,202,211.1,4961
273.0,view,167,256.21,4962
974.0,view,466,483.64,4963
235.0,click,56,285.46,4964
306.0,click,16,109.27,4965
387.0,click,271,258.05,4966
702.0,view,362,100.3,4967
342.0,click,234,431.38,4968
,view,318,,4969
414.0,click,446,28.84,4970
645.0,view,463,238.87,4971
111.0,click,312,91.0,4972
204.0,click,201,281.58,4973
458.0,click,14,268.25,4974
916.0,click,141,406.41,4975
332.0,click,203,411.22,4976
752.0,view,456,,4977
42.0,view,144,235.41,4978
,view,453,198.4,4979
744.0,view,388,198.67,4980
562.0,purchase,443,69.67,4981
538.0,click,76,64.31,4982
557.0,purchase,426,192.01,4983
64.0,view,267,302.61,4984
457.0,view,174,286.78,4985
473.0,purchase,147,233.22,4986
,purchase,128,247.52,4987
10.0,purchase,308,124.48,4988
25.0,purchase,430,,4989
384.0,click,458,403.42,4990
534.0,view,270,316.62,4991
239.0,click,137,,4992
882.0,click,16,96.14,4993
162.0,purchase,184,117.96,4994
971.0,click,357,413.11,4995
,click,421,150.86,4996
988.0,purchase,380,140.4,4997
49.0,view,239,250.81,4998
743.0,purchase,449,67.07,4999
67.0,view,466,118.2,5000
567.0,view,192,247.88,5001
363.0,view,152,209.02,5002
403.0,purchase,1,188.13,5003
650.0,click,69,25.18,5004
333.0,click,356,361.85,5005
235.0,view,250,449.14,5006
769.0,view,24,462.31,5007
82.0,purchase,304,287.8,5008
623.0,view,459,93.94,5009
420.0,purchase,232,320.94,5010
646.0,view,436,323.71,5011
64.0,click,487,253.07,5012
112.0,click,310,84.15,5013
480.0,purchase,153,175.61,5014
554.0,click,22,325.66,5015
675.0,click,102,461.92,5016
793.0,click,75,487.63,5017
523.0,view,60,65.36,5018
19.0,purchase,229,8.7,5019
556.0,click,279,371.91,5020
235.0,purchase,488,300.78,5021
555.0,click,451,196.8,5022
266.0,view,114,447.45,5023
765.0,view,353,498.95,5024
141.0,purchase,9,96.87,5025
308.0,click,86,268.46,5026
578.0,view,174,86.86,5027
34.0,purchase,397,396.95,5028
612.0,view,37,139.81,5029
585.0,click,386,246.02,5030
80.0,click,306,239.0,5031
703.0,view,352,129.21,5032
277.0,view,449,128.9,5033
116.0,click,415,328.75,5034
59.0,click,348,259.4,5035
609.0,purchase,231,168.26,5036
,click,372,463.08,5037
335.0,purchase,195,185.4,5038
215.0,purchase,104,470.09,5039
972.0,click,147,118.18,5040
426.0,click,4,375.72,5041
278.0,click,5,27.25,5042
331.0,view,203,-248.01,5043
216.0,view,383,428.39,5044
205.0,click,441,192.06,5045
86.0,purchase,237,336.27,5046
120.0,purchase,465,473.65,5047
459.0,purchase,62,409.73,5048
124.0,view,144,147.07,5049
6.0,click,429,321.54,5050
914.0,view,424,432.7,5051
443.0,click,354,425.28,5052
679.0,view,461,497.06,5053
256.0,click,443,233.77,5054
627.0,purchase,61,190.49,5055
959.0,view,375,165.64,5056
929.0,purchase,126,302.33,5057
697.0,purchase,475,426.88,5058
,purchase,497,225.64,5059
,click,93,312.64,5060
503.0,purchase,333,,5061
976.0,click,480,78.74,5062
30.0,purchase,18,164.37,5063
12.0,view,460,64.0,5064
230.0,click,372,141.94,5065
81.0,purchase,442,161.79,5066
1.0,purchase,248,184.49,5067
23.0,purchase,175,260.36,5068
331.0,view,379,71.5,5069
430.0,click,106,165.45,5070
206.0,click,247,443.03,5071
883.0,purchase,257,433.15,5072
646.0,purchase,466,199.5,5073
403.0,click,333,272.74,5074
386.0,click,322,82.0,5075
28.0,purchase,406,489.45,5076
660.0,click,147,393.86,5077
432.0,purchase,143,249.89,5078
511.0,click,284,339.26,5079
98.0,purchase,136,55.81,5080
139.0,purchase,495,80.56,5081
905.0,purchase,374,253.31,5082
148.0,click,319,230.07,5083
763.0,view,341,251.98,5084
184.0,click,417,81.77,5085
824.0,view,165,339.49,5086
992.0,click,382,29.76,5087
619.0,view,185,190.94,5088
816.0,view,302,489.72,5089
978.0,purchase,491,290.36,5090
875.0,click,219,,5091
374.0,purchase,389,368.01,5092
430.0,click,471,383.01,5093
461.0,view,292,355.11,5094
348.0,click,417,7444.350805878241,5095
247.0,view,322,318.84,5096
35.0,click,441,207.92,5097
923.0,purchase,346,32.73,5098
822.0,click,411,297.94,5099
657.0,view,493,48.79,5100
101.0,purchase,486,211.47,5101
32.0,click,52,143.74,5102
455.0,click,349,239.11,5103
376.0,purchase,66,380.52,5104
543.0,purchase,106,97.74,5105
872.0,view,485,38.7,5106
824.0,click,232,327.01,5107
748.0,click,357,310.67,5108
345.0,purchase,24,130.07,5109
289.0,purchase,263,145.61,5110
862.0,purchase,296,123.17,5111
87.0,purchase,380,214.26,5112
361.0,purchase,164,59.45,5113
180.0,click,164,242.84,5114
546.0,view,217,-23.31,5115
941.0,purchase,143,213.87,5116
12.0,view,148,286.52,5117
521.0,click,252,107.05,5118
248.0,click,163,98.67,5119
313.0,click,11,189.65,5120
228.0,view,111,161.84,5121
720.0,click,275,272.53,5122
667.0,purchase,351,274.39,5123
520.0,click,278,94.53,5124
373.0,purchase,281,102.42,5125
402.0,purchase,26,15.81,5126
239.0,click,235,23.41,5127
917.0,view,336,438.52,5128
260.0,purchase,288,164.87,5129
465.0,view,455,327.88,5130
391.0,view,59,145.19,5131
725.0,purchase,469,131.82,5132
353.0,click,313,314.61,5133
137.0,view,215,102.08,5134
633.0,view,481,407.38,5135
915.0,purchase,466,325.45,5136
794.0,view,342,136.51,5137
932.0,click,109,127.25,5138
929.0,view,76,470.1,5139
,click,187,19.64,5140
733.0,click,22,319.53,5141
734.0,click,245,238.77,5142
223.0,view,171,10.76,5143
654.0,click,154,227.81,5144
712.0,purchase,132,217.95,5145
726.0,click,302,266.56,5146
352.0,click,324,,5147
11.0,purchase,453,354.74,5148
23.0,click,216,200.41,5149
171.0,purchase,48,352.3,5150
171.0,view,74,394.03,5151
876.0,view,75,355.97,5152
649.0,click,244,17.23,5153
228.0,click,270,497.75,5154
139.0,click,252,,5155
717.0,view,25,79.24,5156
795.0,purchase,106,248.19,5157
695.0,view,36,33.48,5158
787.0,view,50,464.05,5159
667.0,click,348,189.1,5160
836.0,view,260,175.71,5161
328.0,click,282,158.05,5162
961.0,purchase,250,152.68,5163
889.0,click,101,411.24,5164
360.0,view,287,,5165
855.0,unknown_event,19,48.29,5166
721.0,unknown_event,69,422.11,5167
106.0,click,8,159.06,5168
199.0,click,34,424.68,5169
830.0,view,205,141.47,5170
988.0,purchase,305,131.06,5171
873.0,purchase,426,215.52,5172
887.0,purchase,371,291.32,5173
178.0,click,348,125.85,5174
,click,213,22.98,5175
446.0,click,138,45.27,5176
66.0,purchase,466,98.38,5177
1.0,view,469,416.01,5178
608.0,purchase,5,138.28,5179
845.0,click,99,56.03,5180
,view,256,33.97,5181
382.0,click,236,273.89,5182
228.0,view,335,399.05,5183
430.0,view,327,191.04,5184
805.0,purchase,486,53.94,5185
239.0,view,273,383.84,5186
27.0,purchase,283,375.8,5187
532.0,purchase,4,396.1,5188
416.0,view,217,264.76,5189
,click,208,302.74,5190
279.0,purchase,484,,5191
312.0,purchase,462,487.2,5192
236.0,view,403,419.84,5193
741.0,purchase,228,466.16,5194
490.0,click,360,344.65,5195
573.0,purchase,50,308.03,5196
252.0,click,439,163.38,5197
928.0,click,147,266.63,5198
296.0,click,177,459.03,5199
427.0,click,167,394.18,5200
989.0,click,339,433.21,5201
640.0,click,189,,5202
954.0,click,299,,5203
152.0,click,89,293.49,5204
590.0,view,437,,5205
787.0,purchase,453,174.21,5206
254.0,view,399,492.05,5207
79.0,click,480,300.75,5208
,click,249,307.75,5209
653.0,purchase,16,430.75,5210
664.0,click,162,3306.997601001291,5211
22.0,purchase,171,391.92,5212
646.0,purchase,189,412.53,5213
863.0,view,436,447.47,5214
974.0,click,488,83.26,5215
395.0,view,46,365.44,5216
694.0,purchase,368,264.9,5217
62.0,purchase,442,480.72,5218
192.0,purchase,374,53.34,5219
609.0,click,254,414.32,5220
53.0,purchase,382,435.94,5221
,purchase,109,423.0,5222
107.0,purchase,362,488.63,5223
,view,59,399.47,5224
676.0,view,322,26.86,5225
158.0,view,99,396.17,5226
970.0,click,290,2683.5744375828517,5227
316.0,purchase,113,29.28,5228
612.0,view,397,185.06,5229
428.0,purchase,358,232.6,5230
762.0,click,39,420.8,5231
594.0,purchase,493,201.35,5232
,view,306,297.07,5233
385.0,click,364,405.13,5234
60.0,purchase,331,3380.6835864692475,5235
227.0,purchase,116,21.63,5236
249.0,view,353,271.12,5237
262.0,click,303,275.66,5238
646.0,view,336,413.39,5239
,click,178,384.0,5240
824.0,click,101,81.44,5241
575.0,purchase,388,482.11,5242
299.0,click,290,75.35,5243
,click,10,233.83,5244
907.0,view,275,306.2,5245
223.0,purchase,271,97.75,5246
,purchase,466,162.53,5247
810.0,purchase,300,144.49,5248
81.0,view,476,162.9,5249
422.0,purchase,428,31.58,5250
127.0,view,420,307.89,5251
11.0,click,111,483.04,5252
833.0,view,349,486.0,5253
501.0,click,45,94.93,5254
697.0,purchase,57,243.76,5255
73.0,view,485,470.49,5256
87.0,view,32,75.33,5257
835.0,view,211,264.65,5258
672.0,view,224,266.16,5259
141.0,purchase,376,339.65,5260
720.0,purchase,230,85.11,5261
338.0,view,477,258.26,5262
517.0,view,341,37.81,5263
334.0,click,306,427.84,5264
951.0,purchase,345,62.72,5265
542.0,click,221,165.92,5266
865.0,view,270,115.19,5267
366.0,click,254,342.18,5268
236.0,view,354,346.54,5269
159.0,purchase,111,475.58,5270
336.0,purchase,50,120.63,5271
552.0,purchase,37,274.55,5272
850.0,purchase,339,417.67,5273
137.0,unknown_event,104,472.26,5274
420.0,view,411,344.4,5275
,purchase,272,263.4,5276
697.0,purchase,107,494.36,5277
587.0,purchase,301,138.31,5278
433.0,view,26,301.58,5279
181.0,view,84,138.63,5280
270.0,view,398,496.08,5281
422.0,view,432,38.99,5282
838.0,purchase,34,166.87,5283
662.0,click,227,404.62,5284
744.0,click,368,174.47,5285
581.0,view,101,33.42,5286
615.0,unknown_event,156,105.48,5287
892.0,view,282,247.03,5288
577.0,view,167,174.32,5289
789.0,click,426,283.75,5290
877.0,purchase,107,157.22,5291
134.0,view,187,41.68,5292
491.0,click,218,306.19,5293
345.0,click,250,206.52,5294
716.0,view,253,2351.0273156600238,5295
533.0,view,437,270.89,5296
329.0,view,343,419.99,5297
457.0,click,406,434.65,5298
470.0,purchase,253,193.99,5299
839.0,click,477,49.94,5300
666.0,click,363,210.14,5301
94.0,click,189,261.58,5302
606.0,purchase,251,264.63,5303
587.0,view,155,172.05,5304
408.0,purchase,209,14.99,5305
202.0,click,8,467.42,5306
33.0,purchase,130,470.84,5307
451.0,purchase,135,79.29,5308
447.0,unknown_event,453,336.52,5309
575.0,click,139,313.42,5310
660.0,view,477,92.97,5311
541.0,purchase,462,419.43,5312
105.0,purchase,231,180.83,5313
50.0,view,122,3103.1975567977142,5314
982.0,click,282,332.29,5315
585.0,click,179,138.21,5316
266.0,click,269,102.0,5317
103.0,view,368,48.05,5318
164.0,click,136,80.77,5319
824.0,click,148,134.94,5320
858.0,click,70,400.56,5321
59.0,click,302,120.07,5322
114.0,view,87,5.76,5323
361.0,purchase,317,174.32,5324
554.0,view,480,108.72,5325
,view,442,354.17,5326
197.0,purchase,391,242.64,5327
515.0,view,440,406.07,5328
123.0,click,360,71.1,5329
765.0,purchase,61,111.22,5330
41.0,click,363,347.6,5331
49.0,purchase,382,119.32,5332
606.0,view,384,281.1,5333
782.0,purchase,208,61.49,5334
443.0,purchase,143,369.66,5335
480.0,purchase,462,486.41,5336
733.0,view,299,137.65,5337
304.0,click,342,408.74,5338
392.0,click,102,250.84,5339
930.0,view,383,307.47,5340
734.0,view,453,281.12,5341
,purchase,472,418.96,5342
575.0,purchase,499,117.97,5343
973.0,purchase,24,407.02,5344
878.0,view,317,195.79,5345
855.0,purchase,499,421.93,5346
536.0,view,353,340.72,5347
198.0,click,31,242.46,5348
46.0,click,335,155.16,5349
418.0,click,367,303.26,5350
646.0,view,229,388.38,5351
744.0,purchase,202,97.41,5352
91.0,purchase,282,7820.6986204706955,5353
27.0,click,201,218.89,5354
236.0,click,174,428.5,5355
578.0,purchase,258,374.83,5356
238.0,purchase,461,464.44,5357
498.0,click,197,388.48,5358
291.0,view,396,362.95,5359
689.0,click,135,169.51,5360
272.0,click,389,373.1,5361
112.0,view,449,426.72,5362
213.0,view,2,210.94,5363
605.0,view,478,224.98,5364
693.0,purchase,196,242.32,5365
319.0,click,178,250.74,5366
530.0,view,32,359.71,5367
876.0,purchase,186,351.95,5368
200.0,click,191,,5369
552.0,purchase,213,444.08,5370
296.0,view,329,152.33,5371
549.0,click,248,476.54,5372
442.0,click,169,108.99,5373
763.0,purchase,326,476.93,5374
790.0,purchase,351,147.47,5375
184.0,view,280,208.36,5376
9.0,click,475,304.53,5377
746.0,view,280,449.2,5378
834.0,purchase,310,485.64,5379
117.0,click,127,,5380
654.0,view,194,125.27,5381
531.0,purchase,451,5.64,5382
843.0,purchase,347,429.21,5383
881.0,click,396,119.85,5384
832.0,click,43,454.47,5385
853.0,click,116,174.9,5386
570.0,view,50,82.51,5387
143.0,purchase,375,62.01,5388
960.0,purchase,235,110.21,5389
437.0,purchase,51,,5390
189.0,view,273,187.95,5391
94.0,click,171,209.98,5392
582.0,purchase,20,238.03,5393
418.0,purchase,193,270.47,5394
,click,233,119.93,5395
598.0,view,258,449.2,5396
794.0,click,45,92.51,5397
237.0,click,473,,5398
560.0,purchase,85,391.43,5399
296.0,click,176,270.61,5400
938.0,purchase,444,73.22,5401
611.0,purchase,247,109.0,5402
427.0,unknown_event,338,162.44,5403
925.0,view,17,169.77,5404
222.0,click,220,92.69,5405
200.0,view,497,316.38,5406
486.0,view,455,47.66,5407
24.0,view,76,404.19,5408
784.0,purchase,296,308.21,5409
282.0,view,425,250.33,5410
489.0,purchase,361,102.64,5411
734.0,view,154,63.67,5412
987.0,purchase,292,311.05,5413
835.0,view,409,37.83,5414
793.0,purchase,280,322.04,5415
298.0,click,237,63.3,5416
940.0,view,284,27.3,5417
819.0,view,478,411.28,5418
744.0,click,173,207.66,5419
898.0,click,422,296.92,5420
256.0,view,104,141.29,5421
207.0,view,313,8.34,5422
547.0,view,452,204.12,5423
98.0,purchase,75,317.41,5424
,purchase,98,189.09,5425
686.0,view,29,288.45,5426
735.0,view,194,36.64,5427
433.0,view,203,134.56,5428
587.0,purchase,177,277.29,5429
337.0,click,144,467.68,5430
866.0,click,476,42.86,5431
536.0,purchase,359,67.08,5432
837.0,view,380,191.83,5433
299.0,click,246,116.01,5434
759.0,purchase,277,322.26,5435
525.0,click,377,297.61,5436
356.0,view,202,92.64,5437
709.0,click,448,311.92,5438
323.0,click,462,263.17,5439
695.0,click,380,42.39,5440
459.0,view,394,394.59,5441
673.0,click,210,109.47,5442
51.0,click,432,255.99,5443
466.0,view,17,390.11,5444
32.0,unknown_event,343,44.26,5445
996.0,view,327,,5446
282.0,click,339,53.1,5447
247.0,click,4,113.77,5448
141.0,click,25,164.82,5449
419.0,purchase,301,332.29,5450
458.0,view,223,338.89,5451
643.0,click,273,318.63,5452
958.0,view,96,336.96,5453
769.0,click,462,488.41,5454
914.0,click,42,49.02,5455
161.0,click,332,46.17,5456
195.0,view,487,486.08,5457
307.0,click,20,160.56,5458
712.0,click,5,243.97,5459
833.0,purchase,80,377.15,5460
,purchase,255,193.54,5461
658.0,click,278,361.63,5462
,click,174,23.68,5463
184.0,view,438,229.28,5464
87.0,purchase,445,44.63,5465
647.0,purchase,421,3222.5077270552933,5466
795.0,purchase,314,168.22,5467
468.0,click,431,420.16,5468
555.0,click,369,267.19,5469
19.0,purchase,359,122.16,5470
896.0,view,270,178.1,5471
994.0,click,22,343.25,5472
,click,77,186.65,5473
939.0,purchase,328,221.15,5474
366.0,view,134,-15.38,5475
485.0,click,392,,5476
557.0,click,410,87.99,5477
988.0,purchase,10,380.34,5478
330.0,purchase,16,211.29,5479
259.0,click,178,400.5,5480
34.0,view,385,441.08,5481
966.0,view,252,407.67,5482
375.0,click,432,416.72,5483
425.0,purchase,384,214.39,5484
529.0,click,69,322.93,5485
631.0,purchase,354,-9.49,5486
765.0,view,203,177.89,5487
134.0,view,419,119.9,5488
565.0,click,162,329.58,5489
691.0,view,412,451.59,5490
221.0,click,125,109.84,5491
878.0,click,420,79.2,5492
508.0,purchase,316,352.56,5493
,view,191,405.56,5494
,view,271,225.95,5495
663.0,click,23,128.94,5496
,purchase,84,320.79,5497
504.0,click,475,190.38,5498
588.0,click,25,173.02,5499
646.0,click,308,,5500
935.0,view,194,128.52,5501
108.0,click,253,354.34,5502
,view,185,,5503
821.0,purchase,403,223.12,5504
851.0,purchase,489,455.5,5505
196.0,purchase,446,233.72,5506
14.0,view,470,450.61,5507
859.0,purchase,144,153.51,5508
312.0,view,454,246.68,5509
396.0,purchase,259,82.54,5510
701.0,purchase,385,472.63,5511
880.0,view,388,140.52,5512
793.0,view,315,298.16,5513
616.0,click,297,46.35,5514
70.0,view,273,460.24,5515
13.0,click,496,,5516
569.0,purchase,494,91.39,5517
622.0,click,368,433.73,5518
240.0,view,120,236.65,5519
663.0,click,148,349.87,5520
780.0,purchase,17,147.64,5521
77.0,purchase,292,340.96,5522
123.0,click,112,457.97,5523
604.0,purchase,158,161.11,5524
262.0,purchase,107,73.39,5525
106.0,view,485,134.47,5526
106.0,click,222,185.35,5527
836.0,view,277,239.76,5528
506.0,purchase,316,206.7,5529
938.0,click,483,322.08,5530
671.0,purchase,13,89.07,5531
955.0,click,431,224.81,5532
511.0,purchase,33,31.89,5533
585.0,click,416,437.74,5534
968.0,purchase,378,7.6,5535
600.0,unknown_event,428,271.97,5536
348.0,purchase,29,382.06,5537
273.0,click,278,61.8,5538
459.0,click,218,452.56,5539
432.0,view,238,376.79,5540
828.0,purchase,30,400.41,5541
566.0,click,152,497.97,5542
622.0,click,195,215.29,5543
70.0,view,240,162.76,5544
828.0,purchase,220,152.22,5545
350.0,click,411,206.43,5546
253.0,purchase,356,236.01,5547
737.0,click,350,85.28,5548
277.0,view,111,312.83,5549
215.0,click,402,470.76,5550
672.0,click,271,241.59,5551
319.0,view,6,55.04,5552
645.0,view,410,396.6,5553
482.0,view,286,40.0,5554
959.0,click,161,385.46,5555
451.0,view,266,308.54,5556
620.0,purchase,409,22.7,5557
853.0,click,78,,5558
711.0,purchase,184,263.25,5559
867.0,click,98,323.27,5560
408.0,view,77,238.5,5561
208.0,click,17,417.39,5562
5.0,click,77,237.57,5563
655.0,purchase,422,218.76,5564
217.0,view,320,247.98,5565
68.0,view,492,242.78,5566
814.0,purchase,343,309.28,5567
504.0,purchase,57,470.59,5568
649.0,view,37,311.15,5569
872.0,view,4,354.43,5570
230.0,click,35,478.92,5571
218.0,purchase,143,439.09,5572
104.0,click,469,331.06,5573
,click,174,36.66,5574
556.0,view,17,296.72,5575
487.0,purchase,178,370.29,5576
769.0,purchase,129,251.36,5577
972.0,click,422,293.0,5578
764.0,view,377,456.74,5579
,click,210,469.36,5580
673.0,view,169,338.81,5581
947.0,view,495,432.8,5582
159.0,purchase,214,96.89,5583
136.0,view,238,483.71,5584
928.0,purchase,469,328.61,5585
111.0,view,353,30.97,5586
597.0,purchase,50,194.4,5587
238.0,purchase,213,196.65,5588
810.0,view,495,379.92,5589
135.0,view,227,166.8,5590
335.0,click,303,499.93,5591
186.0,purchase,334,36.02,5592
589.0,click,61,28.62,5593
350.0,purchase,5,32.48,5594
646.0,purchase,362,275.73,5595
629.0,purchase,425,89.77,5596
347.0,view,312,173.94,5597
194.0,click,207,17.13,5598
9.0,view,236,349.57,5599
15.0,view,74,329.34,5600
167.0,click,493,404.48,5601
332.0,purchase,127,472.94,5602
243.0,view,286,470.85,5603
989.0,view,3,320.3,5604
367.0,view,114,309.79,5605
878.0,view,212,15.88,5606
269.0,click,130,366.92,5607
651.0,click,18,170.83,5608
99.0,view,365,20.94,5609
723.0,click,98,307.36,5610
351.0,purchase,55,207.52,5611
299.0,purchase,223,435.57,5612
749.0,click,364,96.43,5613
989.0,view,102,487.77,5614
313.0,view,268,252.72,5615
294.0,view,298,133.33,5616
299.0,view,76,436.22,5617
348.0,purchase,116,53.32,5618
799.0,purchase,395,373.22,5619
562.0,click,119,222.94,5620
809.0,purchase,372,451.43,5621
899.0,view,203,50.2,5622
242.0,view,451,55.99,5623
208.0,view,9,320.66,5624
544.0,view,459,410.7,5625
148.0,view,111,,5626
266.0,click,461,49.31,5627
214.0,purchase,245,444.38,5628
149.0,click,258,199.32,5629
,purchase,77,51.32,5630
846.0,view,137,476.96,5631
277.0,click,318,274.86,5632
499.0,purchase,333,106.72,5633
919.0,view,167,230.03,5634
460.0,view,73,435.13,5635
207.0,view,287,8862.352918474651,5636
654.0,click,230,170.01,5637
34.0,view,195,316.11,5638
887.0,purchase,479,46.05,5639
137.0,purchase,456,,5640
982.0,view,313,121.82,5641
958.0,purchase,51,193.44,5642
910.0,click,273,237.95,5643
407.0,view,257,176.15,5644
997.0,purchase,102,282.95,5645
567.0,view,170,9.92,5646
936.0,view,206,,5647
883.0,purchase,222,289.35,5648
900.0,click,459,88.89,5649
87.0,view,2,5558.28018127709,5650
355.0,view,117,202.85,5651
157.0,click,11,293.19,5652
408.0,view,423,267.36,5653
83.0,purchase,401,8753.763212264515,5654
,click,271,46.2,5655
268.0,click,84,348.06,5656
492.0,view,409,289.33,5657
493.0,click,438,271.19,5658
168.0,view,291,337.37,5659
989.0,view,204,356.5,5660
76.0,purchase,105,291.54,5661
659.0,click,492,245.39,5662
109.0,view,198,309.47,5663
241.0,click,174,259.21,5664
689.0,purchase,7,403.72,5665
87.0,click,150,316.0,5666
6.0,click,385,361.3,5667
691.0,purchase,84,443.62,5668
401.0,purchase,199,384.45,5669
145.0,click,427,268.71,5670
135.0,click,214,84.68,5671
635.0,view,256,399.42,5672
475.0,view,158,367.89,5673
712.0,view,246,95.72,5674
248.0,purchase,105,213.43,5675
,click,64,129.15,5676
125.0,click,153,316.34,5677
479.0,view,60,447.05,5678
597.0,view,304,199.28,5679
256.0,click,31,456.26,5680
156.0,purchase,483,294.48,5681
141.0,view,458,352.76,5682
306.0,click,32,67.93,5683
601.0,purchase,328,252.24,5684
552.0,click,230,499.46,5685
956.0,view,229,311.6,5686
797.0,view,257,415.88,5687
597.0,view,105,12.13,5688
579.0,purchase,328,52.07,5689
320.0,view,377,297.93,5690
20.0,purchase,104,177.9,5691
967.0,purchase,314,176.79,5692
682.0,unknown_event,77,225.89,5693
297.0,click,264,263.79,5694
600.0,click,273,74.82,5695
85.0,purchase,276,28.67,5696
116.0,view,246,187.37,5697
912.0,view,221,,5698
851.0,click,484,207.26,5699
731.0,click,93,,5700
658.0,click,227,373.98,5701
,view,32,418.84,5702
842.0,click,56,-65.54,5703
30.0,click,373,227.88,5704
413.0,purchase,28,176.63,5705
964.0,purchase,308,364.86,5706
881.0,purchase,298,270.82,5707
803.0,click,44,113.34,5708
936.0,click,149,204.34,5709
476.0,click,478,50.24,5710
472.0,view,173,421.75,5711
350.0,view,106,398.08,5712
952.0,purchase,305,354.97,5713
182.0,purchase,282,384.55,5714
620.0,purchase,65,204.27,5715
90.0,purchase,128,225.56,5716
718.0,purchase,273,146.52,5717
970.0,purchase,203,411.05,5718
319.0,purchase,138,343.79,5719
202.0,click,64,389.85,5720
907.0,view,152,234.05,5721
92.0,view,169,499.03,5722
843.0,purchase,236,232.6,5723
746.0,click,156,151.61,5724
239.0,click,1,142.64,5725
977.0,purchase,89,204.13,5726
74.0,click,279,9.49,5727
263.0,click,377,109.05,5728
532.0,click,182,323.6,5729
995.0,click,402,80.01,5730
705.0,click,419,204.27,5731
893.0,purchase,170,254.71,5732
3.0,click,234,378.76,5733
698.0,purchase,120,32.71,5734
287.0,purchase,96,93.38,5735
334.0,view,265,2887.5288222356703,5736
548.0,view,185,389.05,5737
544.0,view,350,211.44,5738
388.0,purchase,215,95.09,5739
315.0,view,159,84.56,5740
78.0,click,18,59.92,5741
622.0,purchase,402,27.53,5742
758.0,click,262,392.07,5743
883.0,click,396,353.51,5744
637.0,purchase,372,301.51,5745
759.0,purchase,353,67.21,5746
643.0,view,304,134.37,5747
67.0,purchase,406,84.74,5748
568.0,purchase,476,349.9,5749
653.0,purchase,99,128.36,5750
,click,266,484.98,5751
597.0,view,386,437.42,5752
170.0,click,223,106.29,5753
63.0,view,276,60.88,5754
249.0,view,150,319.16,5755
339.0,view,243,316.92,5756
62.0,click,127,-282.89,5757
559.0,view,348,92.0,5758
773.0,unknown_event,2,373.93,5759
310.0,purchase,95,145.98,5760
428.0,click,428,268.1,5761
,click,74,309.53,5762
550.0,click,190,403.54,5763
982.0,click,448,127.37,5764
952.0,click,397,187.6,5765
222.0,click,405,143.73,5766
416.0,view,56,,5767
575.0,view,476,302.31,5768
760.0,click,440,312.92,5769
42.0,purchase,154,205.03,5770
159.0,purchase,379,333.45,5771
18.0,purchase,373,118.02,5772
947.0,click,324,199.43,5773
188.0,view,426,256.33,5774
274.0,purchase,175,,5775
692.0,click,149,283.34,5776
473.0,purchase,125,131.55,5777
555.0,view,61,1258.8416543515177,5778
654.0,view,111,357.67,5779
285.0,view,76,198.19,5780
560.0,click,423,395.22,5781
833.0,purchase,325,471.13,5782
,view,23,229.63,5783
790.0,purchase,47,288.98,5784
667.0,click,14,462.26,5785
606.0,click,240,29.63,5786
441.0,purchase,324,148.88,5787
335.0,click,475,47.53,5788
907.0,click,315,357.74,5789
170.0,purchase,69,387.82,5790
402.0,purchase,248,355.15,5791
277.0,view,70,12.66,5792
777.0,click,299,225.02,5793
206.0,purchase,301,98.35,5794
,view,442,324.68,5795
902.0,view,204,141.11,5796
255.0,click,14,18.13,5797
,view,386,259.17,5798
50.0,purchase,51,143.21,5799
920.0,click,163,403.22,5800
320.0,purchase,489,8.6,5801
77.0,view,435,362.31,5802
421.0,click,390,,5803
716.0,view,209,92.35,5804
492.0,click,341,245.04,5805
902.0,view,267,-35.22,5806
668.0,purchase,336,448.91,5807
930.0,view,43,,5808
396.0,purchase,463,265.57,5809
467.0,view,172,453.73,5810
419.0,click,288,60.2,5811
812.0,purchase,96,148.14,5812
959.0,purchase,111,350.35,5813
680.0,purchase,77,3414.586945503917,5814
61.0,purchase,399,5.03,5815
887.0,purchase,285,399.9,5816
469.0,purchase,426,430.46,5817
271.0,click,436,13.41,5818
313.0,click,442,266.55,5819
68.0,click,270,36.54,5820
597.0,view,109,202.02,5821
673.0,purchase,394,136.28,5822
313.0,purchase,6,21.41,5823
598.0,click,194,219.24,5824
490.0,click,210,312.51,5825
87.0,click,286,371.1,5826
618.0,view,107,51.49,5827
613.0,view,110,464.89,5828
893.0,view,150,,5829
861.0,click,147,414.66,5830
44.0,view,211,199.17,5831
368.0,view,362,40.97,5832
74.0,purchase,348,146.46,5833
970.0,click,378,224.39,5834
933.0,view,83,362.13,5835
87.0,view,402,237.71,5836
301.0,purchase,13,290.6,5837
113.0,click,13,419.44,5838
852.0,view,235,309.48,5839
321.0,click,151,269.78,5840
942.0,click,464,80.22,5841
793.0,view,293,338.83,5842
247.0,view,270,191.56,5843
379.0,purchase,146,381.26,5844
551.0,click,336,176.03,5845
837.0,click,492,454.73,5846
,purchase,132,5899.694754685973,5847
305.0,view,205,187.21,5848
325.0,view,236,193.13,5849
552.0,purchase,216,490.73,5850
574.0,purchase,470,98.14,5851
57.0,click,412,146.45,5852
424.0,purchase,269,389.07,5853
909.0,purchase,307,,5854
333.0,view,57,172.55,5855
626.0,click,281,6.13,5856
200.0,click,452,103.53,5857
240.0,click,103,177.46,5858
97.0,click,250,196.81,5859
27.0,purchase,332,333.3,5860
264.0,view,323,-411.32,5861
386.0,view,389,-61.03,5862
,click,202,320.7,5863
884.0,view,86,344.29,5864
733.0,view,438,362.52,5865
831.0,view,77,13.75,5866
913.0,click,271,236.23,5867
418.0,purchase,84,354.15,5868
397.0,click,205,129.8,5869
123.0,purchase,220,91.22,5870
17.0,view,278,444.16,5871
157.0,view,378,324.31,5872
436.0,unknown_event,12,265.85,5873
464.0,click,69,422.01,5874
93.0,view,217,409.82,5875
599.0,view,396,453.37,5876
371.0,view,239,205.35,5877
864.0,purchase,132,296.83,5878
651.0,click,276,25.32,5879
146.0,purchase,468,135.74,5880
968.0,click,46,499.21,5881
242.0,purchase,262,28.11,5882
39.0,view,94,455.82,5883
86.0,click,388,49.22,5884
731.0,click,118,423.91,5885
,click,129,354.42,5886
276.0,view,259,379.26,5887
480.0,click,165,379.56,5888
347.0,click,238,195.82,5889
14.0,view,6,390.72,5890
990.0,view,64,279.72,5891
703.0,view,104,413.2,5892
555.0,purchase,385,410.93,5893
543.0,purchase,426,184.03,5894
652.0,purchase,40,1018.9823413805129,5895
463.0,click,392,285.07,5896
960.0,view,389,64.39,5897
593.0,view,284,-262.11,5898
265.0,view,386,369.64,5899
474.0,view,95,46.66,5900
242.0,view,10,453.06,5901
360.0,click,310,137.58,5902
,purchase,316,261.64,5903
842.0,view,37,123.96,5904
657.0,purchase,108,,5905
344.0,purchase,404,225.32,5906
327.0,view,73,185.33,5907
542.0,view,203,96.92,5908
433.0,purchase,211,66.01,5909
153.0,click,457,147.46,5910
405.0,click,306,289.2,5911
527.0,view,142,245.17,5912
109.0,view,60,436.56,5913
44.0,view,424,270.87,5914
157.0,click,304,226.65,5915
967.0,click,255,414.26,5916
978.0,view,460,143.31,5917
968.0,view,85,,5918
725.0,purchase,189,59.11,5919
727.0,view,131,290.39,5920
530.0,view,13,316.01,5921
318.0,purchase,117,392.33,5922
902.0,purchase,243,323.65,5923
250.0,click,188,8554.319377431679,5924
,click,405,,5925
9.0,view,443,301.54,5926
214.0,view,294,281.98,5927
235.0,view,156,20.28,5928
352.0,purchase,239,436.28,5929
847.0,click,157,129.49,5930
65.0,view,23,258.52,5931
595.0,purchase,109,94.38,5932
53.0,click,122,43.03,5933
794.0,view,397,,5934
544.0,purchase,219,4590.552283736408,5935
672.0,view,340,446.8,5936
464.0,view,250,481.78,5937
434.0,click,368,294.23,5938
128.0,click,331,327.62,5939
192.0,view,201,367.95,5940
371.0,unknown_event,481,327.53,5941
450.0,purchase,272,185.13,5942
223.0,view,224,171.5,5943
484.0,click,213,349.21,5944
160.0,click,103,15.71,5945
264.0,click,186,290.55,5946
859.0,view,239,293.19,5947
863.0,purchase,489,71.03,5948
667.0,view,183,86.77,5949
199.0,view,301,107.55,5950
186.0,purchase,264,285.92,5951
878.0,view,365,,5952
51.0,click,326,6413.474921377336,5953
339.0,view,2,353.29,5954
254.0,purchase,361,346.9,5955
436.0,view,472,87.83,5956
439.0,click,131,389.14,5957
300.0,view,248,162.53,5958
81.0,purchase,141,342.02,5959
118.0,purchase,288,319.73,5960
,view,31,175.35,5961
,purchase,236,483.75,5962
437.0,view,189,41.06,5963
828.0,click,357,469.53,5964
378.0,click,386,62.05,5965
74.0,view,365,456.52,5966
930.0,purchase,290,263.56,5967
164.0,click,312,228.19,5968
626.0,purchase,161,263.74,5969
595.0,purchase,210,294.14,5970
98.0,view,161,128.23,5971
695.0,click,441,296.58,5972
487.0,purchase,138,433.2,5973
,click,425,317.1,5974
683.0,purchase,250,,5975
646.0,view,150,265.72,5976
616.0,click,230,292.26,5977
,click,156,496.84,5978
332.0,view,178,495.62,5979
341.0,purchase,253,118.85,5980
,click,261,127.59,5981
642.0,view,33,308.55,5982
373.0,view,324,378.58,5983
128.0,view,277,245.98,5984
546.0,click,268,278.05,5985
567.0,purchase,296,296.31,5986
373.0,click,286,487.11,5987
955.0,click,436,307.38,5988
28.0,purchase,130,349.1,5989
974.0,click,339,363.74,5990
454.0,click,128,333.4,5991
470.0,purchase,117,182.66,5992
109.0,click,459,461.02,5993
315.0,click,324,325.94,5994
,view,211,180.46,5995
891.0,view,79,,5996
609.0,purchase,52,161.98,5997
449.0,purchase,120,365.34,5998
951.0,click,4,134.04,5999
61.0,purchase,422,216.64,6000
442.0,click,485,25.71,6001
570.0,click,108,2648.2239717473485,6002
890.0,click,347,248.61,6003
876.0,click,422,151.6,6004
226.0,click,59,473.67,6005
349.0,purchase,267,172.77,6006
898.0,click,282,,6007
78.0,click,345,28.34,6008
79.0,purchase,215,203.85,6009
608.0,click,396,461.45,6010
656.0,purchase,90,,6011
22.0,view,463,96.21,6012
864.0,click,202,366.88,6013
146.0,view,339,139.62,6014
800.0,click,144,26.27,6015
152.0,click,401,23.63,6016
221.0,view,286,405.02,6017
956.0,click,428,341.81,6018
567.0,view,458,474.96,6019
176.0,view,412,198.28,6020
313.0,purchase,378,463.75,6021
477.0,purchase,402,339.61,6022
411.0,purchase,83,436.91,6023
857.0,view,5,217.98,6024
428.0,purchase,149,201.84,6025
502.0,view,9,9.51,6026
910.0,purchase,202,334.62,6027
,purchase,176,68.17,6028
971.0,purchase,253,142.8,6029
451.0,purchase,73,444.37,6030
814.0,view,67,5098.8081830066285,6031
748.0,view,299,,6032
153.0,purchase,183,10.64,6033
975.0,view,30,423.57,6034
845.0,click,245,210.78,6035
544.0,click,86,438.39,6036
382.0,unknown_event,268,208.0,6037
979.0,click,318,5.56,6038
690.0,click,207,294.48,6039
,purchase,483,349.37,6040
635.0,view,168,231.89,6041
825.0,click,204,480.07,6042
633.0,click,12,66.54,6043
484.0,click,140,209.74,6044
26.0,view,64,414.19,6045
393.0,purchase,371,394.18,6046
211.0,view,164,56.97,6047
29.0,purchase,69,264.84,6048
385.0,click,301,135.56,6049
628.0,purchase,325,219.52,6050
109.0,click,190,73.07,6051
563.0,view,102,452.6,6052
349.0,purchase,256,394.64,6053
623.0,view,324,,6054
749.0,purchase,18,199.7,6055
67.0,purchase,128,357.54,6056
587.0,click,401,426.75,6057
604.0,purchase,152,280.1,6058
319.0,view,102,235.04,6059
573.0,click,490,463.99,6060
557.0,purchase,402,,6061
76.0,view,450,223.52,6062
457.0,click,290,340.39,6063
896.0,click,437,312.06,6064
156.0,purchase,380,414.31,6065
679.0,click,146,130.22,6066
549.0,purchase,251,472.41,6067
622.0,click,11,321.46,6068
342.0,purchase,248,68.77,6069
326.0,purchase,296,190.75,6070
495.0,purchase,390,294.42,6071
646.0,purchase,206,369.72,6072
57.0,view,429,430.99,6073
22.0,purchase,354,277.81,6074
944.0,view,387,289.22,6075
835.0,click,440,359.05,6076
647.0,purchase,230,245.73,6077
309.0,view,174,234.62,6078
397.0,purchase,175,69.49,6079
838.0,click,468,417.27,6080
721.0,click,183,461.95,6081
816.0,view,487,388.47,6082
93.0,purchase,483,386.54,6083
722.0,view,423,290.79,6084
724.0,click,321,34.11,6085
620.0,purchase,205,9.26,6086
293.0,purchase,460,128.74,6087
731.0,click,213,60.51,6088
758.0,purchase,82,93.65,6089
833.0,click,187,298.5,6090
877.0,purchase,233,425.94,6091
566.0,click,433,288.4,6092
105.0,purchase,31,283.01,6093
659.0,click,207,41.94,6094
453.0,purchase,319,401.6,6095
754.0,view,454,292.01,6096
342.0,unknown_event,389,256.32,6097
599.0,click,199,105.51,6098
213.0,click,68,345.66,6099
379.0,view,104,447.3,6100
498.0,view,43,305.16,6101
,purchase,152,481.16,6102
728.0,purchase,41,177.51,6103
596.0,view,455,42.79,6104
287.0,purchase,103,190.65,6105
546.0,view,172,440.49,6106
903.0,view,300,467.27,6107
341.0,view,471,187.5,6108
10.0,click,91,130.98,6109
477.0,purchase,121,362.3,6110
618.0,purchase,489,208.22,6111
761.0,click,357,73.69,6112
703.0,purchase,251,,6113
192.0,click,135,196.82,6114
385.0,purchase,205,263.95,6115
302.0,click,259,470.65,6116
326.0,click,445,402.92,6117
327.0,purchase,486,135.95,6118
833.0,unknown_event,371,423.71,6119
712.0,view,408,396.87,6120
234.0,click,320,383.06,6121
13.0,click,134,427.27,6122
48.0,click,34,92.28,6123
763.0,view,156,168.84,6124
953.0,click,345,14.47,6125
554.0,click,336,36.29,6126
191.0,purchase,97,203.63,6127
,view,247,281.94,6128
528.0,view,374,280.92,6129
239.0,view,396,444.67,6130
879.0,click,277,264.79,6131
468.0,view,151,208.19,6132
320.0,purchase,410,60.26,6133
411.0,view,195,314.31,6134
483.0,view,215,452.82,6135
795.0,click,65,372.49,6136
669.0,click,416,442.15,6137
527.0,view,250,313.83,6138
455.0,view,346,82.73,6139
868.0,purchase,368,99.46,6140
56.0,click,266,132.31,6141
945.0,click,366,53.46,6142
655.0,click,451,300.16,6143
639.0,purchase,20,398.86,6144
679.0,purchase,377,-58.5,6145
773.0,purchase,422,395.37,6146
357.0,view,436,221.41,6147
561.0,purchase,50,361.46,6148
947.0,click,297,454.25,6149
485.0,view,95,459.52,6150
651.0,view,20,408.92,6151
295.0,click,370,325.47,6152
833.0,click,79,286.23,6153
642.0,view,49,487.25,6154
317.0,view,354,347.96,6155
637.0,purchase,360,104.78,6156
579.0,view,73,,6157
,view,106,488.18,6158
440.0,purchase,108,298.44,6159
348.0,click,395,439.38,6160
159.0,click,258,8.78,6161
384.0,purchase,136,13.0,6162
559.0,purchase,3,403.66,6163
12.0,purchase,239,475.76,6164
144.0,purchase,192,43.3,6165
157.0,purchase,492,-298.46,6166
658.0,view,31,363.57,6167
607.0,click,311,417.65,6168
507.0,click,179,270.28,6169
234.0,view,172,157.75,6170
239.0,click,273,175.07,6171
39.0,purchase,478,54.74,6172
683.0,purchase,312,,6173
960.0,click,157,338.64,6174
374.0,click,210,4879.026665685533,6175
638.0,click,78,33.12,6176
376.0,purchase,477,292.16,6177
536.0,view,84,410.2,6178
386.0,click,397,34.82,6179
347.0,purchase,369,9.41,6180
54.0,click,54,-269.22,6181
822.0,purchase,125,231.86,6182
751.0,purchase,262,,6183
355.0,purchase,208,52.65,6184
504.0,view,424,320.81,6185
223.0,view,357,452.87,6186
187.0,click,271,457.95,6187
124.0,click,194,133.79,6188
851.0,click,279,209.87,6189
74.0,purchase,154,440.39,6190
409.0,view,85,290.56,6191
952.0,purchase,455,24.42,6192
792.0,click,33,184.97,6193
555.0,view,160,47.58,6194
368.0,view,68,369.77,6195
720.0,purchase,348,301.26,6196
936.0,purchase,252,275.39,6197
619.0,purchase,18,127.78,6198
768.0,click,64,39.05,6199
573.0,purchase,368,455.35,6200
55.0,click,370,203.05,6201
228.0,click,314,,6202
579.0,purchase,121,475.21,6203
585.0,view,384,326.38,6204
792.0,click,348,,6205
425.0,click,289,131.12,6206
927.0,purchase,150,360.13,6207
707.0,purchase,201,218.83,6208
655.0,purchase,41,293.62,6209
872.0,purchase,260,310.98,6210
629.0,view,96,179.49,6211
92.0,purchase,187,360.95,6212
457.0,view,265,268.33,6213
222.0,view,129,402.46,6214
270.0,click,243,329.56,6215
662.0,purchase,364,19.95,6216
185.0,click,412,345.55,6217
237.0,click,498,181.13,6218
686.0,view,112,154.33,6219
567.0,view,474,251.2,6220
483.0,view,477,49.14,6221
551.0,purchase,2,74.84,6222
38.0,purchase,141,382.08,6223
460.0,view,263,394.31,6224
199.0,click,369,186.07,6225
55.0,purchase,124,274.01,6226
,purchase,113,355.88,6227
842.0,purchase,82,171.05,6228
308.0,purchase,275,41.14,6229
758.0,purchase,259,447.03,6230
76.0,purchase,18,133.41,6231
49.0,purchase,163,210.64,6232
512.0,view,111,49.77,6233
592.0,view,106,325.59,6234
457.0,purchase,155,482.66,6235
594.0,purchase,438,233.92,6236
22.0,click,375,480.26,6237
,view,277,307.88,6238
,purchase,278,311.52,6239
38.0,click,255,30.64,6240
863.0,click,253,,6241
338.0,click,74,237.31,6242
157.0,purchase,149,474.72,6243
111.0,click,286,184.76,6244
53.0,purchase,273,306.36,6245
16.0,view,328,259.09,6246
661.0,click,67,220.57,6247
,click,119,242.17,6248
96.0,purchase,331,376.86,6249
594.0,view,458,484.9,6250
562.0,view,15,5945.938617366572,6251
50.0,purchase,171,319.62,6252
121.0,view,319,81.79,6253
633.0,click,183,140.28,6254
401.0,view,202,115.43,6255
271.0,click,72,496.69,6256
662.0,purchase,22,,6257
237.0,view,366,249.71,6258
278.0,purchase,284,192.87,6259
416.0,click,103,113.76,6260
153.0,view,325,,6261
23.0,click,253,403.84,6262
505.0,view,330,228.88,6263
636.0,view,324,11.17,6264
956.0,click,47,,6265
885.0,click,360,,6266
753.0,view,183,401.26,6267
,click,232,264.3,6268
61.0,view,204,234.32,6269
344.0,purchase,407,265.42,6270
14.0,click,61,158.53,6271
572.0,view,226,53.47,6272
959.0,view,213,375.81,6273
389.0,click,336,313.81,6274
815.0,purchase,483,111.89,6275
606.0,view,33,235.7,6276
847.0,click,143,489.65,6277
537.0,purchase,214,228.28,6278
681.0,purchase,75,93.12,6279
990.0,click,205,187.98,6280
229.0,view,132,101.4,6281
732.0,click,122,299.3,6282
414.0,purchase,122,187.92,6283
227.0,click,219,322.62,6284
555.0,purchase,461,137.24,6285
817.0,purchase,439,442.7,6286
106.0,view,358,256.9,6287
902.0,click,380,55.38,6288
163.0,view,403,317.44,6289
,view,178,440.7,6290
,purchase,10,167.3,6291
472.0,purchase,270,117.31,6292
943.0,purchase,168,159.63,6293
555.0,view,311,432.52,6294
775.0,click,64,61.24,6295
495.0,click,365,467.57,6296
348.0,purchase,74,16.4,6297
226.0,click,48,364.41,6298
852.0,click,183,395.29,6299
445.0,purchase,343,462.49,6300
736.0,view,334,54.84,6301
241.0,view,53,150.24,6302
377.0,click,150,244.44,6303
,click,21,425.87,6304
47.0,click,182,391.63,6305
910.0,click,219,272.32,6306
257.0,view,58,5699.294162319405,6307
424.0,purchase,134,39.01,6308
811.0,purchase,405,185.82,6309
263.0,click,277,223.13,6310
298.0,click,452,,6311
660.0,purchase,301,439.31,6312
583.0,click,89,128.54,6313
796.0,click,464,487.64,6314
540.0,purchase,402,24.98,6315
863.0,view,419,24.82,6316
252.0,click,117,444.66,6317
400.0,view,238,437.18,6318
733.0,view,85,429.29,6319
,click,302,271.71,6320
578.0,view,278,-6628.138065988109,6321
108.0,purchase,108,461.69,6322
560.0,view,176,23.19,6323
126.0,purchase,416,204.72,6324
239.0,view,405,376.43,6325
567.0,click,121,6.5,6326
923.0,click,209,456.62,6327
810.0,click,351,434.46,6328
185.0,click,434,118.39,6329
404.0,purchase,105,347.09,6330
224.0,click,152,67.76,6331
270.0,click,97,408.84,6332
104.0,click,173,,6333
368.0,purchase,419,277.28,6334
165.0,click,150,319.63,6335
901.0,view,373,319.18,6336
200.0,click,325,288.75,6337
443.0,click,105,141.95,6338
509.0,view,20,397.4,6339
866.0,click,471,136.6,6340
320.0,view,225,85.31,6341
338.0,view,386,6.14,6342
845.0,click,53,173.13,6343
553.0,purchase,76,101.49,6344
,view,467,438.37,6345
48.0,view,165,22.59,6346
92.0,purchase,369,12.2,6347
98.0,view,177,470.34,6348
600.0,click,144,,6349
705.0,view,319,290.87,6350
277.0,purchase,344,239.35,6351
319.0,view,415,391.73,6352
137.0,click,36,258.98,6353
282.0,view,70,47.16,6354
468.0,view,330,187.7,6355
190.0,view,7,,6356
136.0,click,11,314.11,6357
426.0,view,353,138.68,6358
886.0,purchase,197,71.14,6359
95.0,click,265,4441.514449161596,6360
798.0,purchase,138,420.61,6361
886.0,view,491,,6362
187.0,purchase,262,73.7,6363
952.0,click,469,14.39,6364
346.0,click,281,141.19,6365
172.0,view,373,372.11,6366
633.0,click,479,435.35,6367
970.0,purchase,120,,6368
526.0,click,407,103.42,6369
858.0,click,190,259.41,6370
912.0,view,164,87.51,6371
769.0,purchase,124,459.07,6372
359.0,purchase,102,360.17,6373
241.0,unknown_event,360,452.16,6374
434.0,view,138,210.15,6375
481.0,click,388,453.24,6376
796.0,click,51,431.27,6377
762.0,click,488,111.53,6378
666.0,view,85,8.92,6379
206.0,purchase,163,245.58,6380
901.0,click,465,425.3,6381
175.0,click,337,282.19,6382
430.0,view,90,368.09,6383
876.0,click,163,49.79,6384
653.0,view,94,224.38,6385
71.0,view,189,467.85,6386
1.0,view,94,52.18,6387
908.0,purchase,163,105.75,6388
639.0,view,130,426.75,6389
374.0,purchase,193,199.09,6390
224.0,purchase,283,402.64,6391
717.0,click,265,97.8,6392
559.0,click,117,320.34,6393
573.0,click,65,285.54,6394
686.0,purchase,190,220.23,6395
,view,368,410.71,6396
63.0,click,5,134.32,6397
732.0,view,161,471.46,6398
472.0,click,157,274.91,6399
932.0,view,155,226.55,6400
953.0,view,176,25.94,6401
557.0,purchase,232,178.9,6402
590.0,click,105,63.46,6403
,click,472,438.12,6404
184.0,click,94,129.62,6405
230.0,click,189,323.38,6406
574.0,view,466,113.91,6407
32.0,purchase,406,6926.392090842396,6408
396.0,click,87,302.56,6409
63.0,view,313,189.97,6410
497.0,click,164,294.01,6411
704.0,click,129,31.0,6412
883.0,purchase,419,145.59,6413
706.0,view,57,160.24,6414
720.0,purchase,33,248.68,6415
89.0,purchase,227,-292.77,6416
862.0,purchase,218,236.01,6417
65.0,purchase,110,393.47,6418
905.0,click,267,345.79,6419
,view,59,14.2,6420
2.0,click,204,145.07,6421
405.0,unknown_event,421,16.51,6422
244.0,view,35,380.88,6423
614.0,view,129,50.22,6424
553.0,unknown_event,138,255.11,6425
479.0,click,285,236.72,6426
479.0,purchase,168,219.76,6427
757.0,purchase,276,298.57,6428
942.0,view,283,167.43,6429
713.0,click,334,474.76,6430
860.0,purchase,264,188.15,6431
345.0,click,304,105.32,6432
,click,237,268.1,6433
445.0,click,63,200.88,6434
375.0,purchase,310,140.85,6435
,purchase,419,318.2,6436
41.0,click,244,7637.819834309005,6437
636.0,purchase,60,239.68,6438
828.0,click,300,74.95,6439
625.0,view,375,374.46,6440
179.0,view,282,126.11,6441
639.0,click,431,418.72,6442
195.0,view,191,420.88,6443
408.0,purchase,21,270.34,6444
76.0,view,161,91.44,6445
751.0,view,429,319.09,6446
308.0,click,77,,6447
115.0,click,378,120.38,6448
634.0,view,339,231.34,6449
848.0,purchase,117,60.57,6450
482.0,view,353,398.8,6451
62.0,click,229,35.23,6452
140.0,view,268,491.0,6453
238.0,purchase,167,198.71,6454
731.0,click,176,420.51,6455
3.0,click,362,294.78,6456
728.0,click,498,395.53,6457
119.0,click,346,494.49,6458
991.0,purchase,274,112.5,6459
185.0,purchase,263,372.81,6460
499.0,click,22,288.29,6461
144.0,click,107,173.24,6462
639.0,purchase,44,31.58,6463
63.0,click,375,368.04,6464
358.0,click,482,434.94,6465
112.0,purchase,39,303.73,6466
44.0,click,341,87.26,6467
8.0,click,221,426.8,6468
703.0,purchase,355,131.48,6469
477.0,view,276,404.69,6470
686.0,view,103,216.46,6471
56.0,purchase,360,217.08,6472
505.0,click,488,317.47,6473
,click,19,181.48,6474
432.0,purchase,471,110.32,6475
924.0,view,471,272.82,6476
711.0,purchase,492,,6477
299.0,view,446,310.97,6478
401.0,click,449,412.17,6479
939.0,view,271,379.71,6480
831.0,click,324,411.73,6481
491.0,purchase,52,405.29,6482
267.0,purchase,272,77.33,6483
965.0,purchase,150,25.47,6484
389.0,view,50,93.57,6485
861.0,purchase,202,157.87,6486
702.0,purchase,123,423.22,6487
595.0,click,435,59.85,6488
,view,166,415.6,6489
707.0,click,329,388.52,6490
,click,386,431.56,6491
719.0,purchase,274,127.38,6492
111.0,view,162,322.35,6493
706.0,click,350,95.29,6494
316.0,purchase,267,380.7,6495
656.0,view,441,193.18,6496
196.0,click,270,77.1,6497
663.0,click,101,475.75,6498
64.0,click,216,5.13,6499
66.0,view,82,332.91,6500
447.0,view,146,459.35,6501
746.0,purchase,477,474.18,6502
718.0,click,99,215.42,6503
677.0,purchase,297,388.62,6504
168.0,view,496,397.35,6505
931.0,view,109,24.14,6506
96.0,view,438,136.4,6507
751.0,purchase,195,218.28,6508
590.0,view,329,349.64,6509
43.0,click,192,18.33,6510
805.0,click,52,220.29,6511
256.0,click,330,465.93,6512
775.0,click,301,388.5,6513
289.0,purchase,70,315.93,6514
526.0,click,493,264.34,6515
978.0,purchase,296,396.83,6516
479.0,purchase,497,85.53,6517
322.0,click,20,63.76,6518
105.0,purchase,398,449.98,6519
165.0,purchase,478,206.78,6520
503.0,view,409,277.61,6521
863.0,click,391,326.18,6522
654.0,click,238,90.77,6523
677.0,purchase,155,38.29,6524
28.0,click,39,493.29,6525
265.0,click,54,300.1,6526
262.0,click,38,254.59,6527
845.0,purchase,63,481.08,6528
51.0,click,222,278.63,6529
786.0,purchase,184,92.45,6530
388.0,click,89,,6531
706.0,purchase,3,180.32,6532
611.0,click,349,123.37,6533
60.0,click,13,12.11,6534
27.0,click,350,104.41,6535
854.0,purchase,130,160.82,6536
170.0,purchase,428,42.93,6537
226.0,view,454,257.76,6538
465.0,unknown_event,36,239.27,6539
694.0,click,381,58.76,6540
895.0,click,247,80.67,6541
342.0,click,78,9308.126413077272,6542
859.0,view,177,425.12,6543
,view,482,,6544
553.0,view,360,80.64,6545
883.0,view,394,320.93,6546
193.0,purchase,400,153.8,6547
826.0,purchase,47,239.95,6548
712.0,view,169,284.08,6549
783.0,purchase,124,432.4,6550
431.0,click,371,435.63,6551
208.0,view,125,125.18,6552
375.0,purchase,110,130.08,6553
125.0,purchase,252,69.35,6554
294.0,purchase,25,76.29,6555
38.0,purchase,40,222.26,6556
784.0,purchase,96,278.66,6557
675.0,purchase,446,477.44,6558
531.0,view,484,183.85,6559
545.0,click,192,481.02,6560
15.0,view,289,483.87,6561
221.0,click,252,395.95,6562
,purchase,366,76.87,6563
692.0,purchase,248,415.46,6564
865.0,purchase,270,162.48,6565
470.0,click,86,329.94,6566
988.0,click,212,63.08,6567
258.0,purchase,78,147.85,6568
655.0,unknown_event,479,42.94,6569
846.0,purchase,448,475.97,6570
60.0,view,382,296.85,6571
550.0,view,101,444.06,6572
816.0,view,297,270.75,6573
355.0,click,313,314.6,6574
,view,462,477.47,6575
429.0,click,481,441.79,6576
378.0,click,76,43.7,6577
849.0,purchase,302,325.38,6578
498.0,purchase,461,18.4,6579
165.0,view,9,357.36,6580
649.0,unknown_event,48,217.44,6581
549.0,view,263,25.17,6582
468.0,purchase,340,133.02,6583
44.0,purchase,323,217.43,6584
46.0,purchase,11,151.73,6585
278.0,click,489,27.72,6586
777.0,click,159,219.18,6587
173.0,view,260,69.28,6588
34.0,purchase,279,226.84,6589
510.0,view,463,487.09,6590
252.0,purchase,427,432.97,6591
890.0,click,122,68.42,6592
435.0,click,366,407.11,6593
90.0,click,79,225.32,6594
966.0,view,129,398.28,6595
715.0,view,129,81.91,6596
329.0,click,32,492.17,6597
141.0,click,471,243.19,6598
342.0,purchase,191,215.42,6599
46.0,purchase,318,29.15,6600
,click,160,275.29,6601
33.0,purchase,353,250.66,6602
250.0,click,342,262.93,6603
536.0,view,266,326.65,6604
835.0,click,224,389.47,6605
282.0,purchase,95,168.16,6606
853.0,view,217,91.53,6607
799.0,view,298,442.5,6608
116.0,view,47,137.23,6609
637.0,click,216,316.38,6610
344.0,view,465,412.6,6611
617.0,purchase,198,408.72,6612
53.0,click,478,107.87,6613
238.0,click,47,,6614
972.0,view,431,58.7,6615
647.0,view,26,34.32,6616
525.0,purchase,71,35.52,6617
981.0,purchase,282,451.06,6618
628.0,purchase,71,182.61,6619
588.0,click,158,120.59,6620
981.0,purchase,36,332.71,6621
221.0,click,499,173.19,6622
830.0,purchase,232,445.19,6623
164.0,click,71,250.73,6624
161.0,purchase,224,179.94,6625
65.0,click,255,487.26,6626
575.0,purchase,439,300.95,6627
494.0,view,344,146.18,6628
85.0,click,282,312.3,6629
807.0,purchase,255,243.88,6630
806.0,click,467,172.55,6631
328.0,purchase,364,278.28,6632
784.0,view,243,401.44,6633
774.0,click,66,451.87,6634
,click,468,17.46,6635
638.0,click,294,145.42,6636
539.0,view,487,267.7,6637
523.0,purchase,444,45.04,6638
552.0,view,272,9138.870656350042,6639
337.0,click,424,292.92,6640
372.0,view,161,81.57,6641
588.0,purchase,226,73.23,6642
709.0,purchase,157,,6643
56.0,click,62,472.06,6644
79.0,view,341,198.44,6645
582.0,click,307,485.31,6646
303.0,view,137,352.75,6647
,purchase,178,376.09,6648
72.0,view,126,457.52,6649
855.0,click,283,170.52,6650
640.0,click,494,51.36,6651
645.0,purchase,22,312.72,6652
439.0,view,239,311.95,6653
446.0,view,422,201.05,6654
595.0,click,422,320.5,6655
922.0,click,436,220.05,6656
,click,361,68.98,6657
199.0,purchase,469,478.46,6658
759.0,purchase,194,227.27,6659
128.0,view,257,77.73,6660
60.0,purchase,74,469.64,6661
864.0,click,157,371.12,6662
450.0,click,467,121.01,6663
900.0,click,307,110.76,6664
786.0,view,286,117.67,6665
231.0,purchase,65,310.99,6666
959.0,view,85,208.34,6667
422.0,purchase,372,186.35,6668
265.0,click,462,370.06,6669
119.0,view,2,204.15,6670
257.0,click,2,24.96,6671
241.0,view,355,429.63,6672
84.0,purchase,141,264.31,6673
398.0,purchase,477,7900.789679224723,6674
697.0,view,375,136.27,6675
427.0,view,448,357.95,6676
918.0,click,206,197.39,6677
693.0,view,326,458.86,6678
108.0,click,250,55.89,6679
256.0,view,35,167.53,6680
801.0,click,273,293.84,6681
810.0,purchase,225,364.46,6682
526.0,view,86,62.22,6683
135.0,view,72,21.93,6684
33.0,purchase,351,148.49,6685
265.0,click,140,,6686
684.0,view,370,284.73,6687
811.0,view,484,479.01,6688
381.0,view,47,56.87,6689
195.0,purchase,346,477.95,6690
3.0,click,493,401.83,6691
92.0,view,365,471.23,6692
316.0,purchase,230,112.54,6693
579.0,view,420,111.81,6694
494.0,view,140,226.01,6695
63.0,view,392,52.36,6696
509.0,purchase,190,427.16,6697
806.0,view,346,406.83,6698
485.0,click,86,369.61,6699
582.0,view,104,99.38,6700
464.0,view,91,38.92,6701
224.0,view,239,27.95,6702
625.0,click,256,103.26,6703
588.0,view,192,438.41,6704
,view,93,304.69,6705
317.0,view,368,366.66,6706
652.0,purchase,100,220.56,6707
,view,269,467.96,6708
784.0,view,462,260.14,6709
931.0,click,196,456.8,6710
115.0,click,445,315.92,6711
268.0,click,252,330.7,6712
973.0,view,391,175.68,6713
,click,82,311.06,6714
281.0,view,212,369.41,6715
989.0,click,371,176.97,6716
763.0,view,109,258.93,6717
72.0,purchase,119,200.59,6718
979.0,click,297,290.13,6719
212.0,view,196,45.31,6720
482.0,purchase,108,192.07,6721
249.0,purchase,477,431.19,6722
516.0,click,453,465.6,6723
63.0,view,216,61.75,6724
101.0,purchase,139,,6725
602.0,click,439,17.05,6726
498.0,view,198,436.09,6727
168.0,view,243,341.32,6728
169.0,click,119,309.88,6729
903.0,view,22,74.04,6730
971.0,view,290,107.25,6731
325.0,purchase,334,169.83,6732
683.0,view,34,31.23,6733
513.0,click,386,383.07,6734
2.0,view,387,390.12,6735
996.0,view,94,458.26,6736
383.0,click,323,390.0,6737
592.0,view,35,154.54,6738
675.0,view,183,401.58,6739
681.0,click,357,333.09,6740
112.0,click,214,59.1,6741
,view,335,274.06,6742
527.0,click,247,407.8,6743
629.0,view,281,480.9,6744
,click,413,227.73,6745
375.0,click,413,146.95,6746
312.0,purchase,218,113.9,6747
907.0,purchase,438,319.79,6748
520.0,click,75,152.95,6749
794.0,purchase,216,207.12,6750
551.0,click,8,,6751
746.0,purchase,51,236.71,6752
673.0,view,335,281.36,6753
237.0,view,164,154.48,6754
900.0,click,209,5848.796762764381,6755
120.0,view,67,298.39,6756
6.0,click,167,444.67,6757
596.0,view,268,9306.648248535237,6758
417.0,purchase,242,443.55,6759
654.0,purchase,378,,6760
515.0,click,104,,6761
517.0,purchase,127,,6762
254.0,click,337,417.19,6763
127.0,purchase,92,219.88,6764
809.0,click,19,254.84,6765
59.0,view,427,454.12,6766
21.0,view,39,441.16,6767
708.0,view,18,285.97,6768
72.0,click,86,,6769
324.0,view,27,146.53,6770
852.0,purchase,272,354.6,6771
,purchase,304,386.41,6772
974.0,unknown_event,207,332.55,6773
376.0,click,346,365.01,6774
265.0,view,133,183.5,6775
574.0,purchase,257,370.31,6776
380.0,click,25,67.21,6777
154.0,purchase,99,34.78,6778
43.0,click,326,197.2,6779
484.0,purchase,229,303.91,6780
701.0,view,70,200.75,6781
313.0,purchase,147,60.17,6782
,click,181,466.15,6783
786.0,purchase,207,288.46,6784
942.0,view,115,373.39,6785
364.0,click,92,102.52,6786
691.0,view,404,180.03,6787
931.0,purchase,50,216.91,6788
467.0,purchase,166,473.0,6789
943.0,purchase,418,33.31,6790
426.0,purchase,338,475.84,6791
195.0,view,219,463.57,6792
299.0,click,131,186.29,6793
785.0,click,446,300.4,6794
993.0,purchase,13,373.47,6795
877.0,view,108,-373.77,6796
308.0,unknown_event,360,346.78,6797
532.0,click,292,408.82,6798
773.0,view,308,318.38,6799
845.0,purchase,46,456.83,6800
755.0,view,14,17.04,6801
688.0,purchase,408,228.06,6802
505.0,unknown_event,359,471.09,6803
510.0,purchase,369,333.93,6804
929.0,purchase,148,18.88,6805
132.0,purchase,230,287.08,6806
701.0,purchase,253,166.21,6807
71.0,click,42,330.61,6808
395.0,view,322,57.38,6809
680.0,purchase,254,482.12,6810
153.0,click,22,306.82,6811
65.0,view,20,143.57,6812
480.0,view,340,238.18,6813
707.0,view,111,98.97,6814
249.0,purchase,408,490.21,6815
463.0,purchase,178,155.18,6816
950.0,view,33,87.1,6817
974.0,purchase,281,110.57,6818
958.0,click,353,315.17,6819
986.0,purchase,31,122.65,6820
485.0,view,180,37.9,6821
252.0,view,91,17.0,6822
92.0,purchase,161,342.72,6823
272.0,click,185,216.53,6824
500.0,click,322,243.18,6825
525.0,purchase,289,220.64,6826
981.0,click,344,265.92,6827
901.0,purchase,381,200.13,6828
315.0,purchase,214,256.37,6829
997.0,purchase,403,-213.19,6830
934.0,view,161,400.79,6831
774.0,purchase,324,27.59,6832
678.0,view,393,367.95,6833
258.0,purchase,459,280.98,6834
554.0,purchase,207,359.57,6835
424.0,purchase,27,19.14,6836
682.0,click,202,26.43,6837
683.0,view,299,90.92,6838
131.0,view,58,480.68,6839
719.0,click,481,376.85,6840
589.0,purchase,48,83.94,6841
837.0,purchase,34,261.62,6842
983.0,click,122,499.49,6843
72.0,view,415,218.71,6844
,click,385,184.95,6845
285.0,view,211,,6846
880.0,click,109,189.27,6847
505.0,purchase,260,480.76,6848
872.0,view,314,253.7,6849
926.0,purchase,197,191.55,6850
21.0,purchase,219,497.08,6851
934.0,purchase,288,370.41,6852
757.0,click,495,292.16,6853
110.0,click,253,152.71,6854
304.0,view,118,239.36,6855
124.0,click,163,453.1,6856
726.0,click,118,109.72,6857
,purchase,173,50.84,6858
,purchase,197,413.13,6859
2.0,purchase,172,283.99,6860
994.0,click,348,458.52,6861
536.0,purchase,184,319.57,6862
626.0,view,428,499.72,6863
191.0,purchase,377,9.4,6864
991.0,purchase,493,236.86,6865
955.0,purchase,322,247.52,6866
391.0,view,79,430.86,6867
596.0,click,100,80.39,6868
593.0,click,120,432.07,6869
572.0,view,22,28.01,6870
611.0,click,472,53.6,6871
723.0,click,143,199.62,6872
744.0,purchase,396,276.6,6873
301.0,view,288,488.82,6874
707.0,purchase,189,122.85,6875
452.0,purchase,212,321.4,6876
254.0,view,207,372.15,6877
357.0,view,379,80.74,6878
394.0,purchase,174,10.6,6879
65.0,view,488,80.64,6880
884.0,purchase,247,448.47,6881
88.0,click,2,281.86,6882
181.0,click,370,202.89,6883
656.0,view,422,133.51,6884
535.0,purchase,443,477.98,6885
620.0,purchase,113,435.64,6886
,purchase,358,187.73,6887
2.0,purchase,421,451.32,6888
579.0,purchase,486,204.32,6889
188.0,view,385,114.48,6890
659.0,purchase,200,167.89,6891
916.0,view,62,81.25,6892
190.0,view,341,307.25,6893
506.0,click,82,87.98,6894
20.0,click,430,269.77,6895
668.0,view,198,322.67,6896
955.0,view,71,259.89,6897
706.0,purchase,76,176.37,6898
50.0,click,355,419.51,6899
676.0,purchase,421,218.81,6900
866.0,purchase,168,144.96,6901
665.0,click,435,435.23,6902
,view,132,302.75,6903
847.0,purchase,7,239.62,6904
20.0,purchase,111,176.03,6905
2.0,view,70,149.98,6906
227.0,purchase,48,,6907
219.0,click,392,269.86,6908
789.0,view,54,10.91,6909
137.0,view,264,176.81,6910
25.0,purchase,299,338.41,6911
880.0,purchase,111,313.92,6912
551.0,view,179,248.18,6913
286.0,purchase,177,358.43,6914
130.0,view,194,92.55,6915
239.0,click,193,344.56,6916
165.0,purchase,139,55.54,6917
291.0,view,28,142.39,6918
650.0,purchase,40,227.91,6919
946.0,click,279,366.66,6920
227.0,view,317,386.76,6921
894.0,purchase,293,485.89,6922
64.0,click,490,,6923
310.0,click,236,141.84,6924
,click,166,3402.957433036972,6925
,view,380,420.63,6926
,view,392,299.34,6927
186.0,view,391,291.73,6928
425.0,view,464,277.8,6929
416.0,click,495,393.32,6930
770.0,purchase,294,296.31,6931
116.0,click,456,491.73,6932
574.0,purchase,428,-281.64,6933
755.0,purchase,159,,6934
222.0,view,83,345.27,6935
202.0,purchase,382,,6936
715.0,click,81,107.8,6937
721.0,purchase,375,16.19,6938
998.0,view,257,390.37,6939
538.0,purchase,322,412.06,6940
141.0,click,490,39.3,6941
146.0,view,371,57.11,6942
33.0,click,305,394.71,6943
887.0,view,441,278.64,6944
,click,442,34.58,6945
506.0,click,254,57.22,6946
484.0,view,441,185.54,6947
171.0,purchase,176,198.48,6948
325.0,purchase,163,8.12,6949
74.0,click,48,19.89,6950
207.0,purchase,250,,6951
492.0,view,129,381.75,6952
,click,134,251.18,6953
975.0,view,169,265.75,6954
629.0,purchase,229,316.96,6955
55.0,click,407,352.92,6956
784.0,click,470,30.2,6957
584.0,view,172,,6958
890.0,click,446,93.69,6959
291.0,purchase,469,,6960
522.0,click,92,5921.492901850242,6961
509.0,purchase,357,68.2,6962
131.0,view,255,457.75,6963
900.0,purchase,271,444.99,6964
270.0,click,304,,6965
91.0,view,494,179.39,6966
194.0,view,162,436.08,6967
900.0,purchase,387,438.75,6968
,unknown_event,233,141.72,6969
62.0,view,361,405.77,6970
731.0,view,384,52.5,6971
593.0,view,294,419.74,6972
158.0,view,348,79.62,6973
277.0,purchase,432,,6974
302.0,view,367,232.93,6975
604.0,view,240,,6976
584.0,view,62,38.73,6977
714.0,view,120,423.45,6978
813.0,click,474,14.47,6979
45.0,view,10,311.57,6980
767.0,view,91,,6981
468.0,view,151,173.12,6982
402.0,purchase,25,464.22,6983
146.0,purchase,293,17.45,6984
844.0,purchase,1,425.54,6985
699.0,view,365,475.51,6986
,view,185,447.94,6987
558.0,view,405,169.37,6988
896.0,click,155,420.52,6989
191.0,unknown_event,229,199.4,6990
466.0,click,327,19.95,6991
708.0,purchase,448,307.28,6992
500.0,click,1,356.62,6993
46.0,click,99,192.39,6994
338.0,view,295,29.76,6995
281.0,view,322,299.4,6996
610.0,view,462,102.87,6997
322.0,view,175,141.47,6998
144.0,purchase,29,192.79,6999
198.0,purchase,496,450.83,7000
57.0,click,60,183.14,7001
198.0,purchase,394,125.76,7002
432.0,click,130,200.36,7003
79.0,purchase,153,251.71,7004
620.0,view,5,,7005
,click,212,76.42,7006
402.0,purchase,144,470.33,7007
774.0,view,366,208.18,7008
604.0,view,192,469.8,7009
159.0,click,363,473.93,7010
42.0,purchase,460,136.74,7011
,purchase,188,422.55,7012
91.0,purchase,111,108.44,7013
887.0,purchase,483,20.43,7014
678.0,view,303,113.83,7015
405.0,click,298,90.19,7016
618.0,click,326,287.43,7017
264.0,purchase,454,163.22,7018
636.0,view,478,428.7,7019
28.0,purchase,163,95.5,7020
413.0,click,72,82.11,7021
280.0,view,146,212.95,7022
307.0,purchase,54,251.56,7023
366.0,view,194,103.45,7024
89.0,view,43,473.55,7025
668.0,purchase,469,56.31,7026
302.0,purchase,144,478.24,7027
212.0,click,89,193.17,7028
458.0,view,42,455.66,7029
487.0,view,41,187.56,7030
329.0,view,114,88.31,7031
959.0,click,229,319.26,7032
581.0,click,240,115.93,7033
481.0,view,80,16.72,7034
538.0,view,234,339.08,7035
631.0,purchase,132,396.25,7036
,click,473,183.81,7037
563.0,click,52,29.9,7038
99.0,view,134,,7039
301.0,purchase,18,87.98,7040
578.0,purchase,369,310.03,7041
962.0,purchase,472,6548.588810028592,7042
948.0,click,271,-477.65,7043
408.0,purchase,398,468.57,7044
660.0,click,419,211.96,7045
213.0,purchase,124,67.62,7046
335.0,purchase,166,145.66,7047
815.0,view,77,269.35,7048
613.0,click,112,237.19,7049
622.0,view,227,367.3,7050
798.0,purchase,80,181.01,7051
265.0,view,127,99.66,7052
,click,427,147.34,7053
271.0,click,171,329.78,7054
366.0,view,230,334.3,7055
232.0,view,97,256.09,7056
444.0,purchase,177,492.5,7057
521.0,view,440,231.81,7058
56.0,purchase,336,417.67,7059
214.0,purchase,393,247.24,7060
353.0,click,3,419.41,7061
837.0,view,265,424.48,7062
483.0,click,178,322.49,7063
787.0,view,45,99.4,7064
694.0,view,398,375.87,7065
171.0,purchase,221,21.58,7066
446.0,click,420,22.61,7067
785.0,click,326,133.73,7068
879.0,purchase,441,258.33,7069
41.0,click,159,489.58,7070
158.0,click,353,483.66,7071
378.0,purchase,473,110.6,7072
791.0,click,14,489.51,7073
32.0,click,104,271.88,7074
621.0,purchase,376,281.73,7075
166.0,purchase,99,187.69,7076
857.0,click,489,289.36,7077
321.0,purchase,334,251.44,7078
825.0,purchase,71,411.63,7079
627.0,purchase,456,441.78,7080
494.0,click,484,283.79,7081
304.0,click,416,,7082
598.0,view,79,423.1,7083
158.0,view,321,352.6,7084
121.0,view,455,477.45,7085
528.0,purchase,221,,7086
491.0,view,334,336.69,7087
142.0,view,471,,7088
340.0,purchase,417,176.86,7089
727.0,click,475,352.02,7090
937.0,view,372,166.05,7091
315.0,view,100,391.93,7092
974.0,click,400,101.64,7093
148.0,view,9,409.27,7094
275.0,purchase,461,52.51,7095
332.0,click,314,491.64,7096
922.0,view,21,473.34,7097
849.0,purchase,457,379.66,7098
813.0,view,336,323.35,7099
305.0,view,327,465.8,7100
774.0,view,5,81.88,7101
524.0,purchase,350,190.05,7102
612.0,purchase,294,181.33,7103
662.0,purchase,411,256.82,7104
834.0,click,310,360.94,7105
940.0,purchase,236,201.74,7106
812.0,purchase,449,301.65,7107
,click,27,321.71,7108
226.0,click,68,260.17,7109
369.0,purchase,376,,7110
277.0,view,329,,7111
940.0,click,462,99.21,7112
866.0,view,274,313.81,7113
574.0,view,446,,7114
,view,419,449.05,7115
329.0,view,99,234.44,7116
486.0,purchase,271,431.15,7117
362.0,click,216,143.24,7118
996.0,click,498,4851.890762247,7119
793.0,view,54,387.08,7120
411.0,view,335,369.43,7121
,purchase,302,2664.414802702922,7122
818.0,view,72,8176.85393148063,7123
742.0,click,421,359.66,7124
48.0,click,321,352.85,7125
953.0,view,123,-160.97,7126
877.0,click,72,-428.91,7127
782.0,view,220,81.31,7128
218.0,click,375,260.88,7129
840.0,view,193,242.05,7130
591.0,click,425,401.68,7131
713.0,purchase,40,344.83,7132
189.0,click,460,390.3,7133
456.0,click,400,251.02,7134
612.0,view,42,176.46,7135
979.0,view,317,397.22,7136
874.0,click,476,201.43,7137
161.0,purchase,395,147.17,7138
171.0,click,465,103.29,7139
520.0,view,209,385.23,7140
472.0,view,257,384.0,7141
26.0,click,221,139.74,7142
490.0,view,174,293.48,7143
614.0,purchase,206,436.24,7144
286.0,view,298,209.98,7145
804.0,purchase,154,437.44,7146
712.0,purchase,371,339.33,7147
489.0,purchase,103,411.42,7148
962.0,purchase,244,283.76,7149
15.0,view,110,272.9,7150
815.0,click,14,269.44,7151
186.0,click,256,405.22,7152
,purchase,124,63.94,7153
756.0,click,270,414.04,7154
543.0,click,269,443.02,7155
448.0,click,42,153.43,7156
125.0,view,101,476.41,7157
190.0,view,257,38.34,7158
169.0,view,257,27.47,7159
734.0,purchase,419,458.13,7160
784.0,click,4,179.51,7161
79.0,purchase,164,449.21,7162
287.0,view,47,436.38,7163
558.0,click,433,189.99,7164
186.0,view,181,165.32,7165
280.0,purchase,433,319.31,7166
191.0,click,323,396.39,7167
934.0,click,5,262.95,7168
700.0,purchase,307,396.42,7169
465.0,purchase,178,124.45,7170
259.0,click,44,109.03,7171
198.0,purchase,44,445.27,7172
711.0,click,199,-330.17,7173
757.0,purchase,283,287.15,7174
,purchase,425,160.91,7175
727.0,view,414,-243.83,7176
39.0,click,28,208.25,7177
973.0,purchase,88,251.07,7178
509.0,purchase,151,173.23,7179
621.0,click,435,245.73,7180
22.0,click,192,244.75,7181
694.0,purchase,178,361.38,7182
,purchase,78,378.63,7183
,view,434,450.81,7184
904.0,click,208,15.34,7185
842.0,view,7,236.19,7186
579.0,click,397,146.78,7187
301.0,view,476,373.59,7188
461.0,purchase,428,37.33,7189
718.0,purchase,380,370.26,7190
562.0,view,490,232.27,7191
260.0,click,397,276.14,7192
559.0,purchase,396,29.01,7193
327.0,unknown_event,435,233.23,7194
912.0,purchase,272,4746.107943550904,7195
187.0,click,214,59.66,7196
,purchase,297,77.56,7197
,purchase,65,195.65,7198
472.0,purchase,479,19.61,7199
205.0,purchase,356,127.6,7200
74.0,view,144,454.03,7201
595.0,click,356,152.35,7202
176.0,purchase,340,248.06,7203
959.0,click,194,114.24,7204
846.0,purchase,70,133.24,7205
755.0,click,302,289.08,7206
829.0,purchase,129,310.02,7207
165.0,click,425,38.96,7208
493.0,view,94,20.2,7209
87.0,view,410,15.61,7210
767.0,click,489,162.81,7211
678.0,view,321,190.39,7212
639.0,view,107,,7213
676.0,click,299,107.47,7214
877.0,click,279,181.02,7215
619.0,click,241,65.36,7216
759.0,view,8,410.77,7217
743.0,click,251,472.9,7218
147.0,click,484,304.26,7219
668.0,click,136,308.74,7220
103.0,view,255,110.86,7221
687.0,purchase,395,382.3,7222
553.0,click,497,345.48,7223
395.0,click,183,164.92,7224
70.0,click,193,30.27,7225
743.0,view,39,9495.199867972344,7226
548.0,view,441,79.45,7227
538.0,view,97,237.78,7228
194.0,click,334,5.49,7229
915.0,view,330,353.68,7230
607.0,click,268,266.5,7231
653.0,view,441,416.74,7232
445.0,view,311,12.26,7233
528.0,click,297,144.39,7234
752.0,click,316,223.35,7235
577.0,view,147,300.22,7236
187.0,click,471,231.32,7237
184.0,purchase,214,246.4,7238
,view,451,245.54,7239
799.0,click,109,228.5,7240
29.0,click,214,268.59,7241
660.0,view,322,123.48,7242
349.0,view,184,195.26,7243
759.0,purchase,338,294.81,7244
721.0,purchase,235,276.26,7245
656.0,purchase,2,336.29,7246
255.0,click,485,30.28,7247
958.0,click,55,109.7,7248
237.0,purchase,389,,7249
,purchase,300,350.05,7250
870.0,view,218,188.62,7251
183.0,view,413,295.19,7252
939.0,click,238,6.24,7253
452.0,view,314,306.24,7254
176.0,purchase,320,406.28,7255
76.0,purchase,159,237.95,7256
778.0,click,399,416.65,7257
,view,463,290.75,7258
910.0,view,180,240.31,7259
844.0,purchase,268,288.81,7260
723.0,view,242,466.23,7261
26.0,purchase,397,17.79,7262
338.0,view,484,373.34,7263
542.0,click,79,320.15,7264
,view,25,238.66,7265
492.0,view,166,351.16,7266
769.0,purchase,62,29.85,7267
910.0,view,384,492.19,7268
208.0,view,299,285.32,7269
113.0,click,330,481.88,7270
420.0,view,339,357.78,7271
100.0,view,47,139.18,7272
345.0,purchase,145,282.22,7273
212.0,view,207,386.75,7274
675.0,purchase,325,251.02,7275
662.0,click,402,112.85,7276
252.0,click,73,-57.03,7277
37.0,click,491,330.56,7278
23.0,view,374,467.56,7279
194.0,click,414,277.68,7280
185.0,click,468,183.1,7281
914.0,purchase,441,52.57,7282
692.0,purchase,6,175.8,7283
751.0,click,445,271.42,7284
665.0,view,219,493.03,7285
891.0,view,248,229.48,7286
150.0,view,92,210.92,7287
912.0,click,288,470.55,7288
749.0,purchase,191,262.53,7289
797.0,purchase,126,197.49,7290
410.0,purchase,360,432.62,7291
152.0,click,437,345.59,7292
658.0,view,241,332.03,7293
,purchase,388,163.15,7294
671.0,purchase,50,326.34,7295
213.0,view,277,92.19,7296
269.0,click,426,127.67,7297
80.0,click,491,143.05,7298
,click,90,242.03,7299
499.0,view,245,405.74,7300
488.0,click,68,252.48,7301
184.0,purchase,194,22.57,7302
565.0,purchase,67,85.93,7303
334.0,purchase,491,7445.916526971822,7304
511.0,click,10,444.08,7305
706.0,purchase,431,47.55,7306
436.0,click,185,352.9,7307
363.0,click,391,153.13,7308
901.0,view,299,238.27,7309
251.0,purchase,446,206.77,7310
918.0,purchase,280,129.91,7311
252.0,view,255,-17.49,7312
388.0,click,204,,7313
812.0,click,274,177.43,7314
634.0,click,207,475.19,7315
660.0,click,256,346.83,7316
26.0,purchase,99,374.22,7317
206.0,click,54,143.38,7318
865.0,click,273,,7319
311.0,view,471,446.5,7320
74.0,view,318,197.56,7321
599.0,view,299,7.35,7322
251.0,purchase,153,348.0,7323
529.0,click,328,99.42,7324
421.0,view,92,418.42,7325
,purchase,233,357.61,7326
364.0,view,319,275.98,7327
735.0,purchase,297,60.56,7328
662.0,purchase,460,209.73,7329
738.0,purchase,305,77.89,7330
173.0,click,477,474.22,7331
799.0,click,458,485.47,7332
179.0,view,488,363.35,7333
713.0,click,433,301.55,7334
594.0,purchase,296,31.15,7335
905.0,view,99,48.21,7336
799.0,view,134,165.38,7337
600.0,purchase,318,186.4,7338
259.0,purchase,1,330.16,7339
,click,174,369.18,7340
557.0,click,220,355.95,7341
,view,188,412.31,7342
842.0,purchase,18,485.74,7343
904.0,purchase,239,144.67,7344
,purchase,163,382.01,7345
537.0,purchase,22,435.21,7346
602.0,purchase,88,479.83,7347
421.0,click,79,,7348
574.0,view,359,115.01,7349
434.0,view,405,490.6,7350
125.0,click,475,200.23,7351
625.0,purchase,252,82.17,7352
2.0,purchase,126,443.2,7353
520.0,click,79,291.32,7354
87.0,purchase,245,415.08,7355
579.0,view,240,56.0,7356
588.0,click,222,190.69,7357
980.0,view,87,64.79,7358
781.0,purchase,393,350.65,7359
376.0,click,115,328.75,7360
973.0,click,298,125.53,7361
772.0,click,455,52.86,7362
302.0,view,424,352.69,7363
767.0,view,184,490.65,7364
212.0,click,355,135.23,7365
206.0,view,484,277.41,7366
355.0,view,169,33.54,7367
136.0,view,288,496.94,7368
690.0,purchase,374,323.84,7369
,view,469,276.66,7370
901.0,purchase,338,151.93,7371
83.0,click,87,98.97,7372
330.0,view,388,,7373
278.0,click,247,491.1,7374
327.0,view,406,59.83,7375
552.0,purchase,53,177.22,7376
210.0,view,208,415.78,7377
530.0,click,247,202.93,7378
849.0,purchase,233,427.96,7379
941.0,purchase,291,417.95,7380
995.0,purchase,313,138.98,7381
953.0,view,172,196.37,7382
,purchase,331,95.01,7383
647.0,click,76,171.74,7384
647.0,view,463,81.21,7385
967.0,click,121,141.88,7386
436.0,view,290,163.07,7387
747.0,click,294,308.86,7388
388.0,purchase,307,17.81,7389
376.0,purchase,406,262.82,7390
146.0,view,141,130.19,7391
279.0,purchase,413,489.74,7392
295.0,view,453,413.23,7393
619.0,purchase,451,474.17,7394
334.0,click,27,395.23,7395
193.0,purchase,447,186.2,7396
609.0,click,79,43.71,7397
761.0,view,30,447.13,7398
299.0,purchase,257,137.53,7399
840.0,purchase,202,295.34,7400
796.0,view,145,426.26,7401
702.0,click,148,425.84,7402
,view,109,165.21,7403
,purchase,35,364.91,7404
980.0,click,170,146.89,7405
170.0,purchase,34,368.62,7406
159.0,purchase,270,279.77,7407
833.0,purchase,46,105.28,7408
103.0,purchase,18,,7409
343.0,click,291,104.99,7410
143.0,click,165,87.48,7411
617.0,purchase,118,-316.35,7412
368.0,view,186,407.81,7413
162.0,purchase,166,62.36,7414
583.0,click,365,129.44,7415
220.0,purchase,330,86.05,7416
481.0,click,292,274.53,7417
812.0,purchase,14,323.68,7418
328.0,click,331,9.08,7419
455.0,view,30,255.0,7420
280.0,view,19,365.1,7421
881.0,view,4,69.05,7422
969.0,purchase,131,121.15,7423
230.0,view,482,345.0,7424
220.0,click,178,294.58,7425
909.0,purchase,70,444.57,7426
747.0,click,306,174.28,7427
492.0,click,244,,7428
155.0,view,36,130.55,7429
331.0,purchase,137,101.03,7430
181.0,click,217,266.25,7431
111.0,click,39,227.34,7432
,click,453,253.38,7433
422.0,view,452,11.09,7434
926.0,view,299,141.7,7435
786.0,purchase,209,,7436
75.0,click,178,248.58,7437
562.0,click,185,112.09,7438
746.0,click,225,323.23,7439
415.0,click,208,486.07,7440
505.0,purchase,104,289.53,7441
274.0,click,390,244.96,7442
332.0,view,118,393.7,7443
642.0,purchase,198,123.25,7444
158.0,purchase,29,,7445
943.0,view,362,-83.47,7446
529.0,purchase,182,353.02,7447
324.0,view,70,133.89,7448
480.0,purchase,131,281.28,7449
829.0,click,109,412.71,7450
229.0,click,425,434.26,7451
924.0,purchase,462,284.72,7452
289.0,unknown_event,155,37.44,7453
543.0,view,63,462.72,7454
300.0,click,130,103.55,7455
851.0,purchase,71,151.08,7456
780.0,click,33,6554.011756946077,7457
,view,37,51.53,7458
217.0,purchase,366,450.9,7459
800.0,click,209,382.82,7460
748.0,click,360,359.25,7461
796.0,click,110,41.87,7462
193.0,click,227,209.84,7463
29.0,purchase,292,11.27,7464
246.0,purchase,326,7085.696446357164,7465
108.0,purchase,150,65.61,7466
442.0,purchase,370,321.71,7467
467.0,purchase,398,115.94,7468
52.0,click,312,403.96,7469
517.0,purchase,136,72.95,7470
251.0,click,109,481.14,7471
649.0,click,176,342.99,7472
940.0,click,265,22.04,7473
230.0,click,164,306.76,7474
973.0,purchase,79,356.66,7475
15.0,click,401,,7476
246.0,view,209,32.56,7477
53.0,purchase,432,59.23,7478
297.0,purchase,398,44.65,7479
326.0,click,249,452.86,7480
510.0,view,359,384.22,7481
725.0,purchase,382,,7482
705.0,purchase,438,159.94,7483
195.0,click,457,428.22,7484
333.0,purchase,346,34.83,7485
634.0,click,169,173.6,7486
845.0,click,4,297.05,7487
657.0,view,285,325.54,7488
672.0,click,147,341.1,7489
5.0,purchase,13,244.99,7490
24.0,purchase,376,217.9,7491
185.0,purchase,58,20.64,7492
379.0,view,293,186.91,7493
320.0,purchase,203,423.61,7494
348.0,view,22,,7495
251.0,click,227,,7496
114.0,purchase,423,267.16,7497
436.0,click,207,389.31,7498
483.0,view,474,414.63,7499
917.0,purchase,10,,7500
194.0,click,14,433.11,7501
198.0,purchase,462,151.92,7502
,click,119,367.65,7503
435.0,click,350,20.3,7504
707.0,view,48,184.23,7505
645.0,click,404,-106.66,7506
799.0,view,18,30.96,7507
503.0,view,24,353.69,7508
644.0,purchase,44,39.4,7509
851.0,view,400,126.77,7510
454.0,click,76,275.67,7511
35.0,purchase,85,293.38,7512
289.0,click,134,352.33,7513
838.0,view,200,483.57,7514
256.0,purchase,212,18.42,7515
612.0,view,15,476.81,7516
998.0,view,203,318.63,7517
,view,382,210.28,7518
625.0,purchase,462,399.06,7519
,purchase,381,245.54,7520
644.0,view,2,385.74,7521
671.0,click,373,123.54,7522
877.0,view,197,351.3,7523
818.0,view,37,,7524
944.0,purchase,135,139.2,7525
2.0,view,156,355.8,7526
801.0,view,479,15.26,7527
444.0,click,71,-213.97,7528
776.0,view,91,435.42,7529
91.0,view,445,297.38,7530
,purchase,354,231.28,7531
36.0,purchase,324,366.83,7532
706.0,purchase,100,375.43,7533
765.0,view,66,221.69,7534
88.0,purchase,359,264.62,7535
50.0,click,385,315.66,7536
977.0,view,361,331.86,7537
757.0,purchase,266,371.4,7538
511.0,view,75,195.78,7539
550.0,view,446,94.12,7540
770.0,purchase,209,251.32,7541
788.0,click,433,476.79,7542
443.0,click,234,,7543
387.0,view,327,332.16,7544
857.0,purchase,65,105.37,7545
157.0,view,3,120.83,7546
500.0,click,62,476.0,7547
850.0,purchase,135,248.33,7548
312.0,view,210,478.41,7549
869.0,click,415,263.38,7550
96.0,view,146,317.73,7551
294.0,purchase,119,436.89,7552
383.0,click,449,294.29,7553
680.0,click,458,167.06,7554
634.0,view,373,10.52,7555
631.0,purchase,288,,7556
545.0,click,79,476.21,7557
491.0,purchase,253,409.12,7558
993.0,purchase,24,117.87,7559
709.0,purchase,272,443.2,7560
924.0,purchase,494,119.45,7561
395.0,click,357,156.55,7562
257.0,purchase,6,231.39,7563
231.0,view,331,144.75,7564
565.0,view,128,447.63,7565
83.0,purchase,331,13.16,7566
,click,403,246.45,7567
847.0,view,285,42.79,7568
366.0,click,436,484.99,7569
336.0,purchase,263,197.19,7570
27.0,view,226,89.4,7571
350.0,purchase,392,98.52,7572
,view,35,369.15,7573
357.0,view,420,479.18,7574
816.0,view,162,310.12,7575
99.0,purchase,4,479.78,7576
903.0,view,318,79.39,7577
791.0,view,125,466.54,7578
922.0,purchase,4,349.06,7579
2.0,view,189,356.17,7580
479.0,view,161,,7581
17.0,click,446,403.48,7582
857.0,purchase,449,178.79,7583
490.0,click,387,282.55,7584
100.0,purchase,326,366.81,7585
519.0,view,494,311.58,7586
468.0,purchase,218,233.86,7587
419.0,purchase,327,470.92,7588
47.0,click,302,279.16,7589
507.0,purchase,357,112.72,7590
506.0,purchase,212,94.16,7591
,purchase,232,63.34,7592
530.0,unknown_event,467,232.18,7593
73.0,purchase,316,359.06,7594
38.0,purchase,445,321.6,7595
712.0,view,57,499.6,7596
938.0,click,452,315.79,7597
489.0,view,316,262.35,7598
476.0,purchase,321,203.56,7599
11.0,purchase,298,483.57,7600
465.0,purchase,430,,7601
16.0,view,406,328.51,7602
996.0,view,494,208.69,7603
531.0,click,439,93.21,7604
887.0,view,446,70.19,7605
153.0,view,466,,7606
182.0,view,320,225.55,7607
221.0,click,253,402.31,7608
417.0,view,221,53.46,7609
71.0,view,105,149.19,7610
14.0,purchase,316,163.2,7611
800.0,purchase,163,7169.457076752878,7612
742.0,click,25,1988.4855031247557,7613
199.0,view,199,79.39,7614
364.0,click,303,5.16,7615
280.0,view,154,251.87,7616
152.0,click,319,230.06,7617
646.0,view,412,284.34,7618
813.0,click,425,326.97,7619
551.0,view,305,69.68,7620
647.0,purchase,235,241.13,7621
299.0,click,482,423.98,7622
401.0,view,327,409.3,7623
637.0,view,404,393.31,7624
,view,234,104.33,7625
339.0,purchase,354,422.13,7626
333.0,view,64,416.8,7627
246.0,purchase,416,292.35,7628
346.0,view,351,188.58,7629
421.0,click,376,306.87,7630
337.0,click,69,111.68,7631
626.0,purchase,389,215.22,7632
666.0,purchase,423,496.6,7633
580.0,click,44,,7634
209.0,click,169,477.43,7635
961.0,click,427,228.3,7636
221.0,click,102,203.6,7637
923.0,click,71,127.23,7638
628.0,view,112,223.88,7639
659.0,view,309,,7640
938.0,view,42,225.17,7641
816.0,purchase,70,309.14,7642
70.0,purchase,144,330.72,7643
806.0,click,258,450.0,7644
13.0,purchase,127,29.61,7645
287.0,purchase,134,497.25,7646
590.0,click,231,197.62,7647
753.0,click,425,433.84,7648
832.0,click,414,249.88,7649
442.0,view,79,239.09,7650
738.0,click,281,52.43,7651
555.0,purchase,481,234.09,7652
982.0,purchase,157,381.02,7653
213.0,view,197,134.26,7654
223.0,purchase,353,48.17,7655
900.0,view,50,202.6,7656
39.0,click,476,74.91,7657
533.0,click,490,14.98,7658
463.0,click,330,441.24,7659
651.0,purchase,215,79.12,7660
666.0,purchase,80,168.0,7661
294.0,view,386,488.73,7662
768.0,purchase,33,431.63,7663
618.0,unknown_event,406,211.56,7664
20.0,view,81,422.65,7665
277.0,purchase,478,461.97,7666
763.0,click,34,346.06,7667
926.0,view,264,322.74,7668
774.0,purchase,3,213.37,7669
,view,100,398.35,7670
150.0,click,266,398.6,7671
38.0,view,118,456.45,7672
779.0,purchase,443,441.73,7673
692.0,view,111,476.06,7674
270.0,purchase,174,383.63,7675
880.0,view,312,337.88,7676
542.0,purchase,110,348.75,7677
889.0,purchase,95,139.83,7678
513.0,purchase,126,320.44,7679
209.0,view,483,258.25,7680
282.0,purchase,269,143.87,7681
934.0,click,222,17.29,7682
449.0,click,81,315.66,7683
804.0,purchase,293,120.87,7684
763.0,view,26,40.1,7685
293.0,view,100,222.37,7686
104.0,purchase,469,471.46,7687
955.0,view,45,372.32,7688
951.0,click,292,60.61,7689
970.0,view,480,349.42,7690
194.0,click,2,88.69,7691
834.0,click,38,60.48,7692
612.0,purchase,462,278.47,7693
116.0,click,459,47.28,7694
285.0,purchase,467,461.61,7695
575.0,click,275,29.48,7696
459.0,view,232,451.94,7697
21.0,view,211,246.76,7698
62.0,click,208,168.3,7699
190.0,view,453,371.74,7700
565.0,click,231,108.96,7701
609.0,purchase,88,472.15,7702
536.0,purchase,390,71.19,7703
547.0,view,444,147.67,7704
350.0,purchase,80,123.52,7705
252.0,view,77,397.43,7706
897.0,click,180,366.22,7707
331.0,view,341,100.1,7708
414.0,view,417,60.03,7709
379.0,click,43,282.5,7710
759.0,click,4,171.86,7711
20.0,purchase,299,463.55,7712
788.0,click,25,191.21,7713
70.0,purchase,206,168.97,7714
593.0,purchase,243,274.48,7715
220.0,click,427,359.07,7716
,view,153,472.3,7717
655.0,purchase,200,87.85,7718
836.0,view,271,384.13,7719
113.0,purchase,71,265.51,7720
887.0,purchase,17,196.45,7721
215.0,click,237,319.21,7722
,view,185,,7723
811.0,click,240,442.83,7724
348.0,view,355,5.34,7725
234.0,click,485,405.81,7726
22.0,click,258,486.82,7727
612.0,view,192,225.74,7728
,click,223,317.48,7729
193.0,click,443,64.97,7730
245.0,purchase,231,302.87,7731
367.0,click,211,365.85,7732
215.0,purchase,488,298.64,7733
980.0,click,428,42.84,7734
150.0,view,63,494.18,7735
,click,239,304.62,7736
380.0,purchase,432,137.89,7737
437.0,click,368,41.47,7738
876.0,purchase,276,91.78,7739
546.0,purchase,277,87.55,7740
773.0,view,166,64.12,7741
334.0,click,245,213.23,7742
,click,289,292.65,7743
937.0,view,136,254.7,7744
451.0,view,362,445.55,7745
902.0,purchase,317,471.1,7746
405.0,view,10,205.14,7747
54.0,view,394,13.9,7748
293.0,view,249,428.23,7749
456.0,click,122,10.71,7750
179.0,unknown_event,59,481.54,7751
,click,457,230.32,7752
120.0,click,274,372.0,7753
847.0,click,82,238.68,7754
755.0,purchase,362,22.51,7755
110.0,purchase,95,438.48,7756
289.0,click,476,71.54,7757
176.0,purchase,285,406.86,7758
125.0,click,430,427.27,7759
,click,30,196.11,7760
413.0,click,426,483.22,7761
83.0,purchase,459,157.29,7762
982.0,purchase,227,59.32,7763
560.0,click,108,480.39,7764
874.0,click,181,436.58,7765
981.0,view,309,156.24,7766
870.0,view,320,43.76,7767
187.0,click,306,37.91,7768
435.0,purchase,225,261.66,7769
379.0,purchase,474,458.4,7770
653.0,click,153,158.88,7771
660.0,view,310,488.58,7772
344.0,view,281,8727.395991861376,7773
500.0,purchase,476,475.49,7774
876.0,purchase,134,185.54,7775
463.0,click,489,312.69,7776
12.0,purchase,16,33.17,7777
799.0,purchase,454,289.79,7778
328.0,view,184,19.08,7779
317.0,click,156,230.57,7780
797.0,purchase,497,29.72,7781
799.0,click,441,43.82,7782
343.0,click,20,21.13,7783
439.0,view,146,498.6,7784
192.0,purchase,27,284.69,7785
514.0,view,402,89.99,7786
128.0,view,366,10.29,7787
339.0,purchase,180,40.53,7788
260.0,purchase,253,420.82,7789
,purchase,15,378.14,7790
986.0,view,171,61.67,7791
171.0,view,105,285.68,7792
162.0,click,366,423.78,7793
411.0,view,433,314.53,7794
775.0,purchase,292,179.53,7795
802.0,purchase,91,47.27,7796
905.0,purchase,414,163.17,7797
601.0,purchase,175,,7798
250.0,purchase,258,218.81,7799
20.0,unknown_event,412,482.3,7800
138.0,purchase,360,347.51,7801
365.0,click,275,86.5,7802
267.0,click,467,80.16,7803
776.0,view,154,449.81,7804
905.0,view,379,231.37,7805
812.0,view,21,491.17,7806
336.0,view,300,209.95,7807
849.0,view,300,382.4,7808
123.0,view,94,,7809
182.0,purchase,98,465.71,7810
811.0,purchase,311,191.4,7811
,view,469,75.62,7812
141.0,click,121,,7813
584.0,view,49,,7814
924.0,view,106,175.44,7815
710.0,view,452,398.78,7816
977.0,purchase,418,403.07,7817
442.0,view,386,495.08,7818
705.0,purchase,432,88.17,7819
12.0,view,157,87.65,7820
742.0,purchase,394,105.4,7821
65.0,purchase,429,37.56,7822
665.0,view,450,485.23,7823
82.0,purchase,130,26.17,7824
82.0,view,408,,7825
438.0,click,63,111.86,7826
,view,16,444.8,7827
,purchase,311,260.95,7828
421.0,purchase,474,310.48,7829
,view,375,441.54,7830
275.0,view,9,369.7,7831
28.0,view,9,164.92,7832
30.0,view,14,342.94,7833
830.0,purchase,252,402.66,7834
981.0,purchase,414,461.93,7835
958.0,view,128,189.84,7836
983.0,view,380,168.32,7837
607.0,purchase,14,478.2,7838
314.0,view,95,292.41,7839
750.0,purchase,414,403.6,7840
992.0,purchase,207,4713.453283877427,7841
532.0,view,439,146.0,7842
,click,409,123.24,7843
503.0,view,459,434.28,7844
875.0,purchase,96,299.67,7845
915.0,purchase,113,443.34,7846
468.0,click,79,,7847
525.0,click,422,252.49,7848
831.0,purchase,50,443.17,7849
131.0,click,490,53.32,7850
999.0,view,401,319.65,7851
,click,454,275.03,7852
412.0,view,325,475.85,7853
277.0,view,250,457.49,7854
654.0,view,281,,7855
911.0,purchase,151,21.56,7856
896.0,click,185,33.18,7857
,view,246,327.62,7858
287.0,purchase,219,201.13,7859
440.0,purchase,382,473.88,7860
295.0,view,82,160.62,7861
283.0,purchase,249,13.95,7862
505.0,purchase,287,242.01,7863
198.0,click,89,96.96,7864
947.0,view,273,98.72,7865
53.0,view,232,421.01,7866
201.0,click,131,364.47,7867
914.0,purchase,394,456.31,7868
34.0,click,51,172.36,7869
617.0,purchase,382,8945.484219839826,7870
657.0,purchase,94,238.05,7871
751.0,click,433,367.16,7872
422.0,click,253,187.6,7873
151.0,purchase,499,-408.76,7874
721.0,view,136,342.92,7875
740.0,purchase,15,428.79,7876
842.0,view,4,226.12,7877
784.0,purchase,209,4252.274543575337,7878
509.0,click,251,5199.638772343737,7879
34.0,click,499,478.94,7880
581.0,click,239,8182.359775534753,7881
973.0,purchase,466,355.54,7882
106.0,click,171,415.35,7883
791.0,purchase,490,419.0,7884
393.0,view,415,280.21,7885
769.0,purchase,453,107.28,7886
233.0,view,2,195.49,7887
397.0,click,296,111.07,7888
946.0,view,338,31.82,7889
986.0,view,444,450.39,7890
338.0,view,299,5290.792801777452,7891
329.0,view,296,248.68,7892
339.0,view,223,261.43,7893
393.0,view,350,146.75,7894
255.0,click,498,475.05,7895
393.0,purchase,252,335.03,7896
825.0,view,341,,7897
724.0,click,126,,7898
656.0,purchase,89,20.11,7899
749.0,view,112,315.55,7900
882.0,click,372,36.46,7901
867.0,purchase,180,125.83,7902
986.0,click,168,165.15,7903
929.0,click,321,303.47,7904
15.0,view,189,473.31,7905
965.0,purchase,417,30.32,7906
,purchase,189,9.03,7907
141.0,purchase,144,-25.44,7908
75.0,view,392,432.21,7909
395.0,click,240,295.24,7910
449.0,purchase,238,175.53,7911
825.0,view,245,309.44,7912
684.0,purchase,253,109.38,7913
979.0,purchase,476,213.21,7914
604.0,purchase,268,301.65,7915
516.0,view,17,414.52,7916
96.0,view,47,226.28,7917
516.0,view,97,413.11,7918
906.0,click,304,78.62,7919
749.0,click,124,179.41,7920
412.0,purchase,426,459.01,7921
515.0,purchase,124,124.81,7922
529.0,view,297,72.13,7923
254.0,click,201,39.77,7924
666.0,purchase,429,479.09,7925
688.0,click,260,176.11,7926
240.0,purchase,200,264.26,7927
740.0,click,449,153.19,7928
170.0,view,254,250.84,7929
861.0,click,391,407.97,7930
590.0,click,227,166.66,7931
694.0,click,160,230.05,7932
101.0,purchase,82,353.04,7933
3.0,purchase,59,246.88,7934
407.0,click,362,231.27,7935
578.0,click,144,156.13,7936
345.0,purchase,252,424.38,7937
159.0,view,117,264.31,7938
,view,287,66.99,7939
340.0,click,81,334.49,7940
80.0,click,90,39.35,7941
786.0,click,67,124.77,7942
172.0,click,121,119.49,7943
217.0,view,311,183.66,7944
372.0,click,247,474.89,7945
807.0,purchase,368,472.99,7946
645.0,view,335,28.39,7947
203.0,purchase,142,389.59,7948
747.0,click,33,281.04,7949
381.0,purchase,271,315.16,7950
825.0,click,390,158.42,7951
270.0,view,49,253.41,7952
709.0,purchase,393,465.66,7953
,click,302,342.36,7954
262.0,view,320,273.35,7955
108.0,purchase,317,6.97,7956
866.0,view,493,220.88,7957
488.0,view,475,98.21,7958
432.0,view,215,216.15,7959
129.0,view,386,122.51,7960
349.0,view,42,420.88,7961
756.0,click,148,252.93,7962
381.0,unknown_event,398,188.97,7963
316.0,click,453,60.0,7964
893.0,purchase,313,177.63,7965
788.0,purchase,400,431.11,7966
163.0,click,409,365.82,7967
202.0,view,445,328.94,7968
637.0,purchase,326,396.25,7969
516.0,click,450,420.37,7970
881.0,purchase,25,386.99,7971
152.0,click,8,67.91,7972
883.0,purchase,462,20.18,7973
257.0,view,307,311.8,7974
188.0,click,56,84.9,7975
952.0,purchase,10,178.27,7976
,view,337,226.6,7977
,view,173,150.02,7978
565.0,view,476,250.79,7979
139.0,view,359,275.39,7980
908.0,purchase,209,81.2,7981
979.0,view,27,304.7,7982
839.0,click,137,307.88,7983
149.0,click,396,5497.940269051671,7984
61.0,view,337,216.94,7985
587.0,click,78,454.27,7986
533.0,purchase,225,137.51,7987
975.0,purchase,231,350.12,7988
612.0,click,102,87.43,7989
772.0,view,78,250.08,7990
904.0,click,91,475.21,7991
160.0,click,177,187.84,7992
961.0,click,433,368.47,7993
509.0,click,359,488.84,7994
573.0,click,34,240.21,7995
673.0,view,122,458.67,7996
280.0,click,353,311.73,7997
631.0,view,112,15.22,7998
238.0,purchase,331,326.57,7999
44.0,view,293,6548.379239447011,8000
647.0,click,138,376.56,8001
61.0,view,59,467.09,8002
857.0,view,446,314.82,8003
659.0,purchase,421,129.49,8004
583.0,purchase,113,229.98,8005
225.0,click,391,145.26,8006
794.0,view,152,244.5,8007
864.0,view,84,252.23,8008
934.0,view,115,446.07,8009
893.0,purchase,314,87.09,8010
175.0,click,421,451.8,8011
448.0,view,464,268.43,8012
86.0,click,198,372.09,8013
568.0,view,493,82.03,8014
233.0,click,123,392.69,8015
656.0,click,351,330.08,8016
949.0,click,347,264.86,8017
431.0,purchase,416,63.07,8018
170.0,purchase,464,362.62,8019
343.0,click,8,123.8,8020
756.0,click,382,,8021
605.0,purchase,121,-421.88,8022
642.0,click,22,7.82,8023
194.0,purchase,259,354.85,8024
312.0,unknown_event,160,311.29,8025
262.0,click,348,75.14,8026
310.0,view,297,233.99,8027
68.0,purchase,377,453.15,8028
710.0,view,273,419.03,8029
203.0,view,42,222.23,8030
976.0,click,385,216.57,8031
549.0,purchase,278,89.46,8032
793.0,click,235,350.7,8033
629.0,view,188,79.59,8034
410.0,view,57,194.89,8035
277.0,purchase,361,142.19,8036
640.0,purchase,230,217.5,8037
339.0,purchase,243,469.66,8038
310.0,view,414,135.95,8039
41.0,view,239,170.16,8040
444.0,view,260,202.38,8041
246.0,view,326,88.89,8042
42.0,click,110,63.25,8043
64.0,view,485,192.2,8044
916.0,purchase,113,-214.36,8045
581.0,view,422,231.82,8046
212.0,view,256,140.1,8047
67.0,purchase,248,198.19,8048
886.0,click,77,158.66,8049
477.0,purchase,269,177.54,8050
687.0,purchase,334,64.38,8051
939.0,view,482,143.25,8052
933.0,view,441,,8053
469.0,click,57,-490.11,8054
439.0,purchase,432,442.97,8055
256.0,purchase,212,268.37,8056
760.0,purchase,415,5788.11284816106,8057
896.0,purchase,75,166.81,8058
349.0,click,29,432.94,8059
526.0,view,393,94.16,8060
766.0,purchase,290,30.1,8061
114.0,view,40,42.7,8062
992.0,click,115,40.23,8063
828.0,click,274,256.11,8064
504.0,purchase,103,280.46,8065
312.0,click,100,68.68,8066
365.0,purchase,162,114.14,8067
195.0,purchase,237,103.51,8068
848.0,view,451,213.99,8069
895.0,view,74,491.5,8070
867.0,click,37,53.45,8071
392.0,click,445,139.53,8072
633.0,purchase,87,293.54,8073
237.0,click,286,75.49,8074
579.0,purchase,317,309.22,8075
366.0,view,364,368.86,8076
228.0,click,6,215.76,8077
263.0,purchase,497,195.74,8078
393.0,click,395,255.06,8079
554.0,view,438,172.27,8080
734.0,purchase,389,92.56,8081
920.0,click,88,367.2,8082
105.0,purchase,96,187.89,8083
825.0,view,191,497.36,8084
974.0,purchase,53,266.97,8085
856.0,view,230,118.87,8086
261.0,view,381,324.69,8087
728.0,purchase,464,64.01,8088
582.0,view,52,107.0,8089
416.0,purchase,205,135.16,8090
168.0,purchase,361,68.14,8091
515.0,view,229,438.82,8092
210.0,purchase,450,126.89,8093
309.0,click,208,128.15,8094
744.0,click,446,185.0,8095
335.0,view,482,267.53,8096
826.0,view,14,190.29,8097
240.0,click,479,388.37,8098
14.0,purchase,398,61.82,8099
953.0,view,271,75.49,8100
921.0,purchase,269,285.58,8101
362.0,view,372,7.65,8102
201.0,purchase,341,482.7,8103
370.0,view,79,432.6,8104
414.0,view,315,382.75,8105
142.0,purchase,286,260.53,8106
319.0,view,426,422.61,8107
811.0,purchase,24,147.42,8108
616.0,view,370,14.02,8109
728.0,purchase,69,42.14,8110
232.0,purchase,176,490.74,8111
319.0,purchase,243,472.92,8112
499.0,view,108,106.99,8113
106.0,view,220,462.06,8114
520.0,view,346,41.69,8115
218.0,click,129,61.99,8116
763.0,purchase,202,329.1,8117
668.0,click,344,5791.21622583946,8118
543.0,click,446,401.3,8119
584.0,view,296,42.45,8120
970.0,click,367,1721.269592464234,8121
606.0,view,289,26.53,8122
847.0,purchase,440,58.7,8123
265.0,view,264,,8124
538.0,click,275,277.55,8125
701.0,view,299,201.75,8126
353.0,view,365,,8127
242.0,click,410,349.68,8128
187.0,click,101,243.62,8129
127.0,view,377,321.37,8130
486.0,click,383,425.36,8131
179.0,view,215,384.39,8132
496.0,view,185,19.18,8133
464.0,purchase,339,8648.831057874968,8134
238.0,purchase,483,14.48,8135
818.0,view,339,232.85,8136
214.0,click,487,305.82,8137
625.0,view,490,308.21,8138
465.0,view,190,30.86,8139
428.0,click,227,194.3,8140
553.0,purchase,398,65.89,8141
428.0,view,313,45.98,8142
861.0,purchase,3,367.67,8143
925.0,view,214,320.39,8144
914.0,click,124,36.15,8145
133.0,view,341,164.86,8146
611.0,view,471,134.63,8147
943.0,click,243,296.91,8148
750.0,purchase,183,422.57,8149
110.0,purchase,329,,8150
257.0,click,346,417.37,8151
807.0,click,387,341.0,8152
268.0,view,83,7.75,8153
809.0,view,276,78.55,8154
972.0,view,205,271.04,8155
527.0,view,318,269.6,8156
471.0,view,272,315.23,8157
86.0,view,371,306.22,8158
979.0,purchase,219,265.74,8159
317.0,purchase,91,33.16,8160
730.0,click,53,85.56,8161
586.0,purchase,491,15.09,8162
321.0,purchase,393,326.81,8163
670.0,purchase,321,272.51,8164
350.0,view,158,221.05,8165
904.0,view,92,152.42,8166
921.0,click,346,483.58,8167
183.0,click,427,388.04,8168
814.0,purchase,157,11.25,8169
483.0,view,294,487.73,8170
31.0,view,481,121.92,8171
360.0,purchase,168,370.51,8172
38.0,purchase,30,356.03,8173
107.0,purchase,179,341.55,8174
436.0,purchase,494,470.1,8175
236.0,view,265,414.35,8176
562.0,purchase,353,71.3,8177
533.0,purchase,453,264.84,8178
724.0,click,35,399.31,8179
867.0,view,54,331.06,8180
813.0,view,411,54.92,8181
,click,388,6.99,8182
901.0,purchase,48,363.02,8183
527.0,click,4,132.64,8184
847.0,purchase,195,260.12,8185
,purchase,84,197.31,8186
565.0,view,258,261.2,8187
425.0,view,296,269.17,8188
51.0,view,445,343.65,8189
759.0,view,88,139.49,8190
907.0,click,276,440.18,8191
638.0,click,350,229.9,8192
618.0,click,311,368.6,8193
196.0,view,197,325.2,8194
855.0,click,121,414.09,8195
237.0,view,262,389.24,8196
431.0,view,50,54.71,8197
884.0,click,251,383.86,8198
725.0,click,160,204.85,8199
,click,173,492.17,8200
373.0,purchase,153,,8201
594.0,click,292,441.93,8202
658.0,view,103,202.11,8203
609.0,view,154,,8204
339.0,view,352,489.38,8205
822.0,purchase,414,83.99,8206
60.0,click,430,338.26,8207
541.0,click,458,378.64,8208
361.0,click,416,312.33,8209
665.0,view,37,252.58,8210
878.0,view,398,439.66,8211
811.0,click,186,,8212
635.0,view,185,247.44,8213
727.0,purchase,325,97.18,8214
396.0,view,153,20.2,8215
788.0,click,319,366.48,8216
771.0,view,487,468.17,8217
700.0,purchase,167,212.72,8218
158.0,click,160,442.07,8219
19.0,purchase,446,128.38,8220
171.0,click,482,291.69,8221
639.0,click,270,-320.77,8222
196.0,purchase,301,381.08,8223
734.0,view,62,159.94,8224
244.0,view,366,435.96,8225
654.0,click,71,433.65,8226
278.0,purchase,142,482.19,8227
806.0,view,300,65.21,8228
163.0,click,372,65.72,8229
700.0,view,459,277.07,8230
434.0,view,380,342.89,8231
863.0,click,269,415.53,8232
799.0,purchase,273,49.36,8233
644.0,view,45,110.72,8234
882.0,purchase,282,391.41,8235
601.0,purchase,379,451.27,8236
785.0,view,311,315.73,8237
758.0,view,268,262.05,8238
377.0,click,364,205.11,8239
987.0,view,421,229.97,8240
360.0,click,184,,8241
810.0,purchase,334,79.7,8242
35.0,purchase,384,449.22,8243
143.0,view,6,,8244
487.0,click,493,455.39,8245
879.0,view,5,47.06,8246
779.0,click,30,252.42,8247
688.0,click,96,,8248
555.0,view,384,444.1,8249
218.0,click,268,337.19,8250
105.0,purchase,349,-379.94,8251
414.0,purchase,179,170.98,8252
672.0,view,464,189.89,8253
608.0,click,124,88.68,8254
924.0,click,275,310.84,8255
559.0,view,253,6.59,8256
808.0,click,152,223.52,8257
,click,256,400.33,8258
50.0,purchase,139,75.14,8259
349.0,view,195,293.74,8260
577.0,click,482,154.29,8261
32.0,view,155,107.06,8262
371.0,view,452,328.81,8263
218.0,click,244,450.32,8264
216.0,view,415,61.5,8265
423.0,purchase,86,481.88,8266
45.0,view,159,60.95,8267
258.0,click,95,90.2,8268
961.0,click,118,389.84,8269
127.0,view,62,461.75,8270
174.0,purchase,64,268.95,8271
,view,222,97.29,8272
973.0,purchase,242,62.55,8273
263.0,view,302,140.26,8274
517.0,view,403,464.75,8275
534.0,click,146,,8276
274.0,view,306,230.86,8277
312.0,click,322,271.79,8278
744.0,click,406,229.81,8279
952.0,view,145,480.74,8280
919.0,view,132,317.91,8281
24.0,click,465,238.73,8282
404.0,click,130,442.64,8283
192.0,click,84,22.82,8284
834.0,purchase,478,89.71,8285
810.0,view,355,241.84,8286
346.0,click,440,268.94,8287
717.0,purchase,140,350.94,8288
447.0,purchase,326,312.4,8289
639.0,click,10,61.3,8290
392.0,view,36,20.31,8291
371.0,click,467,226.53,8292
337.0,click,275,458.89,8293
3.0,view,274,289.28,8294
880.0,click,128,350.24,8295
403.0,purchase,9,333.96,8296
998.0,purchase,70,69.01,8297
89.0,purchase,470,329.27,8298
652.0,view,462,159.59,8299
651.0,purchase,64,420.0,8300
811.0,view,220,176.21,8301
101.0,view,374,396.33,8302
759.0,purchase,371,130.67,8303
590.0,click,132,440.77,8304
962.0,view,200,314.11,8305
318.0,click,354,381.09,8306
883.0,view,4,412.91,8307
101.0,view,267,181.29,8308
400.0,click,308,326.93,8309
241.0,purchase,361,,8310
423.0,purchase,324,200.06,8311
307.0,purchase,373,347.62,8312
527.0,purchase,74,67.91,8313
708.0,purchase,368,135.59,8314
810.0,view,86,82.04,8315
448.0,view,338,120.93,8316
716.0,view,478,106.72,8317
,click,22,392.96,8318
899.0,click,320,397.6,8319
2.0,click,248,199.42,8320
325.0,view,270,138.81,8321
17.0,view,43,309.43,8322
766.0,view,94,47.95,8323
136.0,click,198,61.13,8324
88.0,purchase,391,,8325
784.0,purchase,288,197.89,8326
309.0,view,331,82.29,8327
429.0,click,112,,8328
347.0,view,209,3555.2608003989085,8329
822.0,click,5,170.08,8330
51.0,view,465,120.44,8331
456.0,purchase,64,91.37,8332
314.0,click,261,5441.578705925843,8333
418.0,view,39,,8334
714.0,view,298,415.49,8335
977.0,click,103,84.59,8336
60.0,click,299,449.46,8337
888.0,view,381,8541.196896302763,8338
536.0,click,146,328.91,8339
255.0,purchase,424,246.82,8340
433.0,view,493,186.93,8341
158.0,click,460,367.35,8342
700.0,click,176,70.05,8343
748.0,view,17,246.41,8344
280.0,purchase,100,258.12,8345
58.0,view,62,75.55,8346
,purchase,91,424.08,8347
224.0,click,293,350.8,8348
232.0,view,312,11.9,8349
666.0,click,202,94.32,8350
32.0,purchase,242,194.02,8351
208.0,purchase,16,62.55,8352
981.0,click,264,300.83,8353
168.0,view,366,93.24,8354
983.0,click,297,12.89,8355
196.0,click,395,251.58,8356
200.0,view,143,212.89,8357
821.0,click,46,380.24,8358
893.0,purchase,388,-52.41,8359
171.0,view,412,179.03,8360
948.0,click,446,495.52,8361
919.0,purchase,168,469.22,8362
696.0,view,378,,8363
197.0,click,354,408.98,8364
137.0,click,273,428.94,8365
520.0,view,307,136.39,8366
760.0,click,83,260.51,8367
148.0,view,355,469.77,8368
837.0,view,83,6935.036686936041,8369
555.0,view,438,225.05,8370
199.0,purchase,381,402.64,8371
24.0,click,222,483.47,8372
327.0,click,266,,8373
848.0,view,202,125.86,8374
196.0,click,34,298.72,8375
781.0,purchase,254,55.69,8376
567.0,view,398,179.95,8377
897.0,view,295,453.19,8378
649.0,view,123,431.05,8379
,click,159,77.2,8380
784.0,purchase,189,357.5,8381
156.0,purchase,329,14.5,8382
892.0,click,434,,8383
813.0,view,86,,8384
702.0,purchase,18,103.53,8385
6.0,view,6,9.01,8386
682.0,view,259,46.05,8387
853.0,purchase,416,,8388
859.0,click,152,183.14,8389
970.0,purchase,150,204.52,8390
555.0,view,205,148.22,8391
135.0,click,330,346.8,8392
235.0,view,388,286.27,8393
,purchase,344,278.29,8394
661.0,view,301,103.65,8395
851.0,click,385,307.45,8396
823.0,view,148,310.2,8397
161.0,purchase,121,,8398
167.0,purchase,280,147.43,8399
798.0,view,365,122.86,8400
132.0,view,223,3551.4513172320007,8401
528.0,click,14,226.19,8402
,view,121,475.22,8403
438.0,click,232,285.64,8404
288.0,view,409,488.39,8405
170.0,view,251,365.15,8406
668.0,click,81,392.57,8407
251.0,view,194,397.25,8408
,view,444,25.65,8409
883.0,click,64,408.83,8410
394.0,view,122,354.13,8411
338.0,click,491,360.22,8412
310.0,purchase,132,445.99,8413
782.0,purchase,267,101.11,8414
559.0,view,73,373.72,8415
226.0,purchase,432,152.01,8416
659.0,click,197,390.64,8417
693.0,click,419,428.13,8418
954.0,purchase,392,82.2,8419
777.0,click,78,263.26,8420
243.0,unknown_event,411,32.69,8421
222.0,view,393,382.62,8422
295.0,purchase,452,,8423
979.0,view,70,,8424
630.0,purchase,157,53.9,8425
397.0,click,313,292.24,8426
710.0,click,10,8950.567265153692,8427
,purchase,483,462.33,8428
,view,233,92.44,8429
252.0,click,160,442.02,8430
298.0,view,478,133.68,8431
705.0,view,314,427.88,8432
932.0,purchase,415,79.4,8433
404.0,click,73,480.63,8434
872.0,view,2,357.24,8435
726.0,click,132,71.71,8436
237.0,view,311,110.2,8437
,purchase,29,6.04,8438
480.0,click,24,268.4,8439
184.0,click,63,363.07,8440
43.0,view,447,364.38,8441
85.0,click,453,364.83,8442
985.0,click,37,403.19,8443
180.0,purchase,280,347.74,8444
626.0,click,168,464.28,8445
,click,498,25.89,8446
407.0,click,171,415.78,8447
349.0,purchase,212,430.36,8448
950.0,view,145,262.55,8449
383.0,click,425,243.26,8450
869.0,purchase,269,167.51,8451
484.0,view,435,442.6,8452
13.0,view,54,475.63,8453
176.0,click,446,277.46,8454
24.0,click,62,182.01,8455
451.0,purchase,71,233.48,8456
836.0,purchase,324,366.32,8457
651.0,purchase,272,491.34,8458
720.0,purchase,312,39.45,8459
464.0,view,397,426.34,8460
744.0,view,99,78.47,8461
866.0,purchase,91,157.06,8462
660.0,view,299,116.13,8463
239.0,view,284,8.34,8464
714.0,view,265,324.51,8465
144.0,view,136,331.45,8466
790.0,purchase,150,138.86,8467
795.0,click,36,165.91,8468
741.0,view,458,88.02,8469
663.0,purchase,254,68.4,8470
29.0,click,206,262.2,8471
383.0,click,368,393.13,8472
,view,219,-178.53,8473
795.0,click,363,171.25,8474
642.0,click,12,448.26,8475
587.0,click,61,82.55,8476
804.0,unknown_event,398,98.64,8477
205.0,click,290,301.8,8478
698.0,view,115,65.03,8479
430.0,view,356,232.77,8480
741.0,view,164,244.23,8481
659.0,click,489,,8482
276.0,click,409,,8483
293.0,click,57,353.39,8484
999.0,click,387,,8485
679.0,purchase,4,,8486
34.0,click,278,132.24,8487
343.0,purchase,468,228.55,8488
213.0,purchase,140,,8489
798.0,click,185,314.49,8490
441.0,click,258,177.09,8491
101.0,click,368,383.8,8492
322.0,purchase,478,145.54,8493
658.0,view,175,383.51,8494
441.0,click,396,296.27,8495
621.0,click,19,119.28,8496
229.0,view,46,436.59,8497
316.0,view,119,36.0,8498
246.0,click,218,259.11,8499
285.0,view,355,,8500
970.0,purchase,182,117.44,8501
985.0,view,80,235.72,8502
245.0,click,419,295.17,8503
817.0,view,318,10.51,8504
900.0,click,422,274.79,8505
41.0,click,243,45.87,8506
610.0,click,96,275.63,8507
483.0,view,369,62.77,8508
835.0,purchase,17,411.12,8509
74.0,click,80,87.87,8510
594.0,view,388,20.22,8511
429.0,view,39,340.35,8512
715.0,purchase,432,325.49,8513
945.0,click,468,177.61,8514
663.0,click,114,327.39,8515
,purchase,302,213.8,8516
525.0,purchase,374,123.57,8517
812.0,purchase,25,193.68,8518
110.0,purchase,42,457.85,8519
550.0,click,3,2108.5779158514133,8520
260.0,view,380,473.71,8521
947.0,purchase,489,469.59,8522
149.0,view,217,318.1,8523
24.0,click,33,229.46,8524
242.0,view,414,204.71,8525
646.0,view,494,227.61,8526
322.0,purchase,196,288.06,8527
16.0,purchase,412,275.6,8528
641.0,purchase,302,265.53,8529
314.0,purchase,189,283.01,8530
545.0,purchase,76,338.09,8531
621.0,view,356,383.3,8532
713.0,view,154,4277.422675237869,8533
98.0,view,158,106.88,8534
582.0,click,281,9439.185060697919,8535
726.0,purchase,406,224.78,8536
150.0,purchase,80,118.33,8537
306.0,view,184,9578.467363579139,8538
967.0,purchase,231,465.03,8539
203.0,view,151,,8540
,purchase,162,18.87,8541
721.0,purchase,34,341.13,8542
479.0,purchase,186,19.79,8543
847.0,purchase,488,288.76,8544
697.0,view,181,410.69,8545
913.0,click,199,348.98,8546
753.0,purchase,387,77.83,8547
943.0,view,377,286.62,8548
276.0,view,113,120.23,8549
979.0,purchase,227,98.77,8550
428.0,click,369,65.68,8551
724.0,view,108,305.86,8552
,click,206,254.3,8553
131.0,click,350,476.28,8554
,click,262,256.58,8555
466.0,click,269,453.82,8556
87.0,purchase,472,345.6,8557
678.0,view,266,66.27,8558
263.0,view,467,50.86,8559
917.0,click,394,2659.8438266740313,8560
780.0,view,461,65.24,8561
635.0,purchase,142,181.49,8562
3.0,purchase,266,170.2,8563
277.0,purchase,333,478.96,8564
804.0,click,342,246.33,8565
436.0,purchase,190,57.26,8566
372.0,purchase,262,26.95,8567
107.0,view,77,476.7,8568
603.0,click,248,28.6,8569
587.0,click,188,9.94,8570
641.0,click,91,151.15,8571
953.0,view,499,375.25,8572
64.0,view,441,406.85,8573
501.0,view,357,422.79,8574
462.0,purchase,69,310.87,8575
,click,351,26.17,8576
99.0,click,485,466.19,8577
464.0,click,119,29.83,8578
683.0,view,170,37.28,8579
151.0,click,441,292.57,8580
286.0,purchase,47,139.18,8581
737.0,view,99,276.43,8582
455.0,click,476,171.15,8583
58.0,view,179,236.48,8584
172.0,purchase,125,11.05,8585
122.0,click,327,105.27,8586
704.0,view,399,485.56,8587
390.0,view,428,9.77,8588
925.0,purchase,43,184.12,8589
761.0,view,413,232.14,8590
438.0,click,68,27.01,8591
105.0,purchase,439,55.08,8592
940.0,purchase,424,363.51,8593
997.0,purchase,188,212.33,8594
839.0,view,438,128.72,8595
47.0,purchase,477,300.34,8596
822.0,click,194,,8597
718.0,purchase,141,185.69,8598
,view,139,,8599
4.0,click,298,254.59,8600
764.0,view,297,9.55,8601
488.0,view,433,429.78,8602
30.0,purchase,323,142.32,8603
94.0,purchase,111,331.08,8604
210.0,view,169,210.39,8605
949.0,click,417,476.1,8606
51.0,click,206,381.11,8607
,purchase,320,94.25,8608
152.0,click,397,152.05,8609
111.0,purchase,356,257.23,8610
673.0,click,67,101.82,8611
301.0,click,353,489.55,8612
407.0,purchase,271,,8613
979.0,purchase,46,321.19,8614
77.0,view,306,128.52,8615
759.0,view,432,399.14,8616
911.0,click,357,197.37,8617
529.0,purchase,260,334.93,8618
254.0,purchase,240,339.82,8619
212.0,click,359,431.38,8620
767.0,view,373,8059.3560235973855,8621
946.0,click,298,404.4,8622
948.0,view,188,426.46,8623
4.0,view,298,,8624
761.0,purchase,245,392.54,8625
90.0,click,372,76.79,8626
883.0,view,423,179.97,8627
260.0,click,385,432.75,8628
591.0,click,152,395.98,8629
,click,265,,8630
212.0,purchase,205,146.72,8631
956.0,click,92,215.28,8632
597.0,view,305,240.32,8633
477.0,purchase,280,445.3,8634
139.0,click,145,440.61,8635
500.0,click,127,370.37,8636
458.0,click,138,396.75,8637
245.0,click,438,213.79,8638
62.0,purchase,270,9312.136537598599,8639
631.0,purchase,91,360.05,8640
388.0,click,117,314.84,8641
298.0,purchase,71,258.75,8642
540.0,click,173,323.59,8643
517.0,click,406,51.66,8644
207.0,view,204,129.96,8645
697.0,view,49,284.69,8646
82.0,click,185,356.06,8647
98.0,purchase,50,408.64,8648
19.0,click,62,392.21,8649
766.0,purchase,268,,8650
399.0,purchase,397,17.81,8651
583.0,purchase,354,144.23,8652
794.0,click,330,448.03,8653
894.0,purchase,144,179.72,8654
76.0,purchase,103,66.93,8655
219.0,click,371,123.3,8656
250.0,view,119,468.45,8657
746.0,view,109,206.69,8658
828.0,purchase,229,147.76,8659
473.0,view,270,232.51,8660
,view,158,365.77,8661
668.0,purchase,100,93.87,8662
258.0,purchase,13,189.22,8663
966.0,purchase,276,438.74,8664
228.0,click,287,354.16,8665
494.0,view,220,420.28,8666
76.0,click,75,5.0,8667
666.0,click,123,330.93,8668
443.0,view,288,254.38,8669
125.0,purchase,265,473.56,8670
341.0,view,41,497.44,8671
762.0,purchase,160,373.61,8672
732.0,purchase,269,,8673
616.0,view,457,485.8,8674
555.0,view,208,128.16,8675
721.0,click,380,143.59,8676
27.0,purchase,116,107.39,8677
203.0,click,286,204.87,8678
674.0,click,168,418.43,8679
562.0,purchase,158,102.26,8680
618.0,click,418,391.67,8681
41.0,purchase,27,143.39,8682
,view,92,234.75,8683
350.0,purchase,473,174.46,8684
998.0,view,78,211.01,8685
345.0,click,233,381.96,8686
440.0,view,110,139.28,8687
843.0,click,378,34.6,8688
193.0,view,197,223.1,8689
,purchase,21,,8690
246.0,view,87,39.17,8691
590.0,click,481,443.72,8692
662.0,click,362,178.8,8693
259.0,purchase,324,111.96,8694
844.0,purchase,265,90.87,8695
309.0,purchase,346,469.96,8696
428.0,purchase,222,372.92,8697
978.0,click,93,210.18,8698
508.0,view,120,325.39,8699
359.0,click,311,-267.85,8700
983.0,purchase,330,221.68,8701
855.0,view,260,245.1,8702
593.0,view,71,451.2,8703
786.0,unknown_event,60,414.64,8704
308.0,purchase,446,431.94,8705
195.0,purchase,24,207.36,8706
113.0,view,128,300.65,8707
383.0,purchase,357,20.25,8708
351.0,click,469,238.07,8709
581.0,purchase,484,111.09,8710
,purchase,314,32.7,8711
255.0,view,45,245.32,8712
486.0,purchase,136,490.14,8713
734.0,purchase,245,132.31,8714
179.0,view,407,,8715
73.0,view,88,56.79,8716
,purchase,300,243.19,8717
700.0,purchase,199,437.95,8718
448.0,click,105,466.29,8719
665.0,click,23,210.49,8720
846.0,click,49,308.03,8721
712.0,purchase,220,328.21,8722
445.0,view,452,195.63,8723
269.0,click,315,48.87,8724
923.0,click,103,477.06,8725
22.0,purchase,216,-466.01,8726
706.0,purchase,208,344.05,8727
705.0,click,472,497.45,8728
,unknown_event,218,423.19,8729
642.0,view,11,105.45,8730
880.0,view,34,432.13,8731
897.0,click,187,497.93,8732
792.0,click,362,491.21,8733
876.0,purchase,97,66.02,8734
674.0,click,330,85.65,8735
660.0,click,75,231.41,8736
784.0,click,180,,8737
505.0,view,266,235.56,8738
,click,67,322.23,8739
748.0,view,291,111.94,8740
813.0,view,357,407.76,8741
87.0,click,235,305.26,8742
780.0,click,238,217.38,8743
867.0,view,475,,8744
583.0,view,102,416.77,8745
581.0,purchase,333,462.91,8746
252.0,click,141,349.43,8747
398.0,click,443,486.68,8748
,purchase,482,333.73,8749
7.0,click,273,8227.002612104916,8750
23.0,click,299,32.49,8751
35.0,view,87,9275.142198821739,8752
596.0,purchase,209,423.95,8753
293.0,purchase,322,7607.436265476724,8754
249.0,view,477,469.82,8755
473.0,view,272,387.75,8756
696.0,purchase,150,48.67,8757
199.0,view,275,374.09,8758
61.0,click,272,134.95,8759
802.0,click,219,359.38,8760
56.0,purchase,122,371.29,8761
850.0,view,19,260.65,8762
330.0,purchase,395,70.47,8763
130.0,click,174,132.88,8764
242.0,view,267,104.65,8765
432.0,click,214,147.28,8766
790.0,purchase,376,300.76,8767
2.0,purchase,77,257.17,8768
411.0,purchase,248,,8769
607.0,view,97,496.06,8770
973.0,view,1,310.72,8771
900.0,view,319,254.45,8772
862.0,purchase,495,276.74,8773
828.0,purchase,329,5142.416585926086,8774
813.0,click,20,9.72,8775
349.0,view,225,20.03,8776
834.0,view,424,265.6,8777
718.0,click,391,157.85,8778
999.0,view,30,187.67,8779
235.0,view,52,382.05,8780
763.0,click,167,441.97,8781
70.0,purchase,313,465.71,8782
,purchase,405,324.09,8783
334.0,click,19,244.8,8784
889.0,click,430,410.06,8785
470.0,purchase,184,144.65,8786
401.0,purchase,411,464.7,8787
40.0,click,141,-250.45,8788
73.0,purchase,113,19.74,8789
868.0,click,14,392.03,8790
402.0,view,235,119.65,8791
917.0,click,243,127.31,8792
159.0,purchase,47,221.51,8793
640.0,view,462,495.71,8794
807.0,view,66,233.71,8795
457.0,purchase,450,443.62,8796
714.0,click,192,430.95,8797
239.0,purchase,349,391.68,8798
3.0,purchase,481,298.45,8799
,click,176,219.97,8800
388.0,view,379,,8801
223.0,purchase,223,404.38,8802
249.0,purchase,87,4008.447335057409,8803
443.0,purchase,133,,8804
177.0,click,209,304.36,8805
224.0,purchase,317,100.79,8806
105.0,view,301,390.25,8807
622.0,purchase,382,56.22,8808
912.0,view,461,283.28,8809
860.0,purchase,24,469.62,8810
,click,78,49.95,8811
80.0,purchase,194,485.84,8812
62.0,click,271,89.85,8813
70.0,view,163,136.08,8814
284.0,purchase,63,209.47,8815
580.0,click,35,207.25,8816
,click,143,436.12,8817
924.0,view,115,146.51,8818
139.0,purchase,100,24.92,8819
485.0,view,351,431.87,8820
877.0,purchase,3,172.75,8821
621.0,click,216,84.59,8822
254.0,click,431,416.6,8823
704.0,click,132,160.44,8824
322.0,click,195,49.45,8825
632.0,purchase,319,-233.94,8826
774.0,purchase,382,,8827
232.0,purchase,480,380.4,8828
977.0,click,311,118.8,8829
724.0,purchase,394,219.22,8830
987.0,view,384,226.08,8831
41.0,click,89,455.99,8832
715.0,purchase,371,485.01,8833
781.0,purchase,376,103.29,8834
523.0,view,271,371.13,8835
863.0,view,184,116.63,8836
612.0,click,403,321.17,8837
199.0,purchase,473,,8838
382.0,view,189,5038.780283480764,8839
535.0,purchase,452,134.25,8840
344.0,click,336,179.03,8841
790.0,view,143,322.68,8842
645.0,click,333,418.98,8843
445.0,view,247,,8844
981.0,click,405,342.85,8845
5.0,purchase,319,361.09,8846
794.0,purchase,454,403.08,8847
121.0,view,210,441.54,8848
535.0,click,66,402.11,8849
459.0,click,153,412.18,8850
543.0,view,313,331.28,8851
,purchase,76,312.25,8852
854.0,view,460,349.43,8853
459.0,purchase,433,-143.47,8854
246.0,purchase,438,280.69,8855
62.0,view,101,371.15,8856
322.0,purchase,13,137.3,8857
844.0,view,464,337.92,8858
964.0,purchase,359,361.17,8859
235.0,purchase,17,8.09,8860
430.0,view,331,415.58,8861
766.0,click,455,468.9,8862
911.0,unknown_event,49,7.33,8863
628.0,unknown_event,30,323.1,8864
846.0,purchase,77,88.44,8865
974.0,click,351,276.93,8866
449.0,click,265,498.46,8867
74.0,view,39,289.79,8868
760.0,view,121,318.62,8869
473.0,unknown_event,106,416.3,8870
777.0,view,383,87.9,8871
942.0,click,427,225.16,8872
265.0,click,323,423.69,8873
852.0,view,288,378.98,8874
715.0,click,308,56.43,8875
162.0,view,382,421.6,8876
281.0,purchase,206,213.99,8877
515.0,view,157,193.16,8878
266.0,click,424,6802.831249405434,8879
321.0,click,265,,8880
987.0,purchase,324,343.75,8881
705.0,view,241,258.24,8882
14.0,purchase,313,173.65,8883
992.0,view,18,306.75,8884
973.0,purchase,217,,8885
412.0,purchase,27,246.53,8886
3.0,view,464,195.43,8887
955.0,purchase,451,456.86,8888
69.0,view,423,191.24,8889
906.0,purchase,354,454.57,8890
865.0,view,236,425.73,8891
491.0,purchase,415,220.41,8892
669.0,view,259,313.48,8893
461.0,click,439,77.86,8894
671.0,purchase,85,320.02,8895
659.0,purchase,366,123.97,8896
,purchase,311,480.59,8897
,view,156,157.95,8898
453.0,purchase,476,404.56,8899
380.0,click,47,52.06,8900
677.0,view,439,48.25,8901
1.0,view,48,222.9,8902
960.0,click,380,428.23,8903
140.0,view,249,468.75,8904
588.0,purchase,48,417.64,8905
752.0,purchase,112,377.47,8906
440.0,view,9,132.24,8907
827.0,purchase,210,-491.44,8908
411.0,click,198,303.68,8909
799.0,purchase,113,230.49,8910
634.0,purchase,128,414.39,8911
629.0,click,345,181.51,8912
928.0,click,418,483.3,8913
205.0,view,71,230.16,8914
301.0,click,155,478.53,8915
923.0,view,468,234.28,8916
35.0,click,435,232.43,8917
620.0,click,277,460.18,8918
137.0,click,259,326.4,8919
500.0,click,366,92.7,8920
993.0,purchase,453,412.33,8921
212.0,purchase,169,354.94,8922
,click,126,316.54,8923
130.0,view,327,140.31,8924
612.0,view,330,237.72,8925
18.0,click,156,274.26,8926
397.0,click,121,452.63,8927
593.0,view,3,32.77,8928
511.0,purchase,496,,8929
668.0,click,114,391.07,8930
778.0,click,185,42.7,8931
344.0,view,468,36.47,8932
204.0,view,430,348.66,8933
,click,244,224.96,8934
984.0,click,212,483.77,8935
215.0,purchase,197,196.45,8936
,view,369,423.69,8937
574.0,unknown_event,426,159.0,8938
553.0,view,193,27.62,8939
323.0,view,471,260.52,8940
966.0,click,67,454.91,8941
114.0,click,321,282.67,8942
96.0,view,228,364.33,8943
,view,221,385.41,8944
266.0,click,162,44.05,8945
382.0,purchase,224,237.49,8946
599.0,purchase,143,350.3,8947
202.0,purchase,486,108.23,8948
,view,330,377.34,8949
980.0,view,191,296.8,8950
561.0,click,272,365.75,8951
506.0,click,88,256.83,8952
295.0,click,58,264.32,8953
10.0,view,406,41.73,8954
274.0,view,226,427.38,8955
933.0,purchase,47,143.88,8956
93.0,purchase,230,174.77,8957
791.0,view,329,248.66,8958
861.0,view,16,313.56,8959
801.0,view,76,73.36,8960
547.0,click,269,418.22,8961
404.0,view,110,458.2,8962
386.0,purchase,418,128.4,8963
70.0,view,467,224.17,8964
948.0,view,406,429.6,8965
734.0,click,333,375.51,8966
667.0,view,33,76.74,8967
280.0,click,145,499.95,8968
985.0,view,379,83.21,8969
976.0,purchase,228,213.48,8970
793.0,view,225,368.23,8971
831.0,view,420,128.29,8972
643.0,click,114,36.39,8973
273.0,purchase,471,106.93,8974
344.0,view,475,212.29,8975
195.0,view,499,,8976
964.0,click,382,277.58,8977
52.0,purchase,48,321.88,8978
548.0,view,248,403.02,8979
487.0,view,472,328.95,8980
506.0,view,414,49.74,8981
17.0,view,162,446.11,8982
718.0,view,430,413.86,8983
897.0,purchase,323,36.24,8984
162.0,purchase,282,4329.029982496388,8985
886.0,click,112,327.51,8986
137.0,click,146,269.83,8987
559.0,click,327,286.74,8988
449.0,view,268,51.15,8989
,purchase,136,455.57,8990
848.0,click,354,349.08,8991
319.0,view,379,342.98,8992
3.0,click,358,126.21,8993
266.0,view,479,320.53,8994
421.0,purchase,331,60.66,8995
874.0,view,28,147.83,8996
504.0,view,288,315.96,8997
,purchase,71,74.42,8998
632.0,purchase,380,278.54,8999
198.0,view,476,179.58,9000
610.0,click,327,394.65,9001
229.0,view,456,23.41,9002
910.0,click,253,50.35,9003
61.0,click,175,287.5,9004
182.0,click,15,66.45,9005
915.0,purchase,306,321.05,9006
725.0,view,286,463.57,9007
318.0,click,454,327.94,9008
498.0,purchase,333,313.74,9009
991.0,click,42,132.69,9010
709.0,purchase,45,100.48,9011
,click,13,145.73,9012
427.0,click,79,49.94,9013
6.0,purchase,354,17.69,9014
492.0,purchase,394,69.25,9015
788.0,view,177,341.25,9016
494.0,click,221,60.44,9017
,view,298,363.4,9018
865.0,view,228,108.62,9019
86.0,click,150,35.9,9020
881.0,purchase,475,375.29,9021
556.0,click,329,336.84,9022
419.0,purchase,106,419.08,9023
883.0,click,340,444.26,9024
993.0,purchase,16,21.33,9025
235.0,click,393,454.12,9026
717.0,purchase,356,287.71,9027
280.0,purchase,381,483.0,9028
387.0,click,264,142.12,9029
779.0,purchase,490,365.92,9030
481.0,view,336,347.14,9031
728.0,view,279,244.72,9032
370.0,view,269,315.38,9033
766.0,view,117,455.65,9034
370.0,click,122,,9035
232.0,purchase,295,27.44,9036
390.0,click,189,351.96,9037
478.0,purchase,273,291.53,9038
571.0,view,182,216.76,9039
363.0,purchase,23,271.6,9040
846.0,view,280,28.11,9041
547.0,purchase,477,35.04,9042
912.0,view,105,254.45,9043
739.0,purchase,339,481.45,9044
307.0,purchase,41,119.38,9045
920.0,click,234,464.54,9046
780.0,click,297,336.97,9047
848.0,purchase,134,228.64,9048
879.0,purchase,203,56.82,9049
832.0,view,165,438.78,9050
29.0,click,424,360.74,9051
923.0,purchase,145,-77.05,9052
575.0,view,196,373.92,9053
701.0,purchase,319,233.34,9054
829.0,view,60,294.59,9055
360.0,purchase,274,110.12,9056
101.0,purchase,203,202.56,9057
109.0,view,321,9.22,9058
,click,431,437.72,9059
538.0,click,407,-470.17,9060
890.0,click,405,40.46,9061
397.0,purchase,20,111.59,9062
784.0,click,383,130.57,9063
662.0,purchase,374,184.64,9064
298.0,click,223,274.45,9065
154.0,purchase,127,498.32,9066
131.0,click,471,77.08,9067
147.0,purchase,365,131.42,9068
,view,65,87.31,9069
544.0,purchase,422,356.38,9070
661.0,view,17,282.02,9071
976.0,purchase,121,418.65,9072
177.0,view,140,303.71,9073
401.0,view,441,458.98,9074
455.0,click,402,451.55,9075
994.0,view,398,223.04,9076
879.0,click,221,400.23,9077
495.0,click,75,7.44,9078
85.0,view,465,89.81,9079
573.0,purchase,21,172.48,9080
,view,447,4101.474324712852,9081
525.0,purchase,132,479.56,9082
301.0,purchase,34,415.18,9083
447.0,purchase,286,399.54,9084
469.0,click,48,230.95,9085
741.0,click,413,87.28,9086
16.0,view,492,190.24,9087
843.0,click,274,130.31,9088
877.0,view,459,239.17,9089
238.0,purchase,103,124.44,9090
,view,372,385.93,9091
681.0,purchase,364,129.33,9092
784.0,purchase,328,478.09,9093
,purchase,176,289.27,9094
125.0,click,175,388.41,9095
992.0,purchase,383,424.87,9096
738.0,view,223,365.17,9097
59.0,click,471,212.86,9098
250.0,purchase,199,11.06,9099
830.0,click,146,431.1,9100
845.0,view,29,23.58,9101
498.0,view,228,152.18,9102
788.0,purchase,18,412.6,9103
417.0,click,277,3725.6730242318945,9104
267.0,click,63,225.43,9105
198.0,view,333,436.06,9106
753.0,click,114,76.69,9107
346.0,click,216,388.19,9108
184.0,click,460,169.42,9109
836.0,click,130,219.92,9110
9.0,view,378,54.78,9111
345.0,purchase,180,197.1,9112
8.0,purchase,468,86.63,9113
658.0,purchase,145,299.15,9114
967.0,view,80,284.95,9115
906.0,purchase,238,239.71,9116
496.0,purchase,291,265.26,9117
696.0,unknown_event,273,379.46,9118
,view,388,194.55,9119
182.0,click,288,,9120
481.0,view,338,218.15,9121
166.0,click,268,9.41,9122
412.0,click,36,110.89,9123
211.0,click,446,495.4,9124
920.0,view,480,441.42,9125
374.0,click,180,345.96,9126
274.0,click,406,168.45,9127
553.0,click,303,326.68,9128
399.0,view,358,12.16,9129
384.0,click,467,242.92,9130
5.0,purchase,487,,9131
,click,256,262.99,9132
970.0,click,49,,9133
940.0,click,192,148.96,9134
151.0,view,35,385.12,9135
317.0,purchase,242,434.85,9136
951.0,click,33,,9137
,purchase,165,254.49,9138
28.0,view,95,52.5,9139
576.0,click,43,154.01,9140
253.0,click,412,287.15,9141
930.0,purchase,379,227.82,9142
538.0,click,498,126.3,9143
904.0,view,25,419.11,9144
270.0,click,421,109.97,9145
816.0,purchase,84,351.93,9146
847.0,purchase,411,379.83,9147
802.0,purchase,453,459.45,9148
387.0,click,106,136.36,9149
670.0,view,277,146.51,9150
829.0,click,163,435.58,9151
317.0,view,89,105.86,9152
336.0,view,427,16.34,9153
893.0,view,278,270.26,9154
378.0,purchase,369,34.15,9155
552.0,click,270,156.09,9156
897.0,click,272,39.48,9157
483.0,click,152,414.47,9158
507.0,view,12,355.85,9159
,purchase,202,499.65,9160
615.0,view,362,,9161
613.0,click,379,220.0,9162
787.0,click,492,2562.7128348848437,9163
298.0,view,465,264.58,9164
,click,337,23.03,9165
132.0,view,411,387.73,9166
399.0,purchase,30,143.55,9167
229.0,click,184,345.18,9168
760.0,purchase,345,140.27,9169
805.0,view,55,81.56,9170
46.0,click,440,182.47,9171
561.0,view,368,259.29,9172
337.0,view,468,27.98,9173
256.0,view,219,95.45,9174
459.0,purchase,166,63.62,9175
198.0,purchase,32,486.97,9176
580.0,purchase,36,200.21,9177
112.0,purchase,308,81.16,9178
216.0,click,62,270.62,9179
952.0,click,260,303.46,9180
681.0,view,52,387.51,9181
331.0,unknown_event,114,133.2,9182
98.0,purchase,190,,9183
,click,77,209.36,9184
801.0,purchase,38,319.09,9185
738.0,click,488,258.15,9186
26.0,click,47,198.38,9187
,purchase,202,207.91,9188
704.0,view,256,491.64,9189
785.0,click,77,424.55,9190
598.0,purchase,303,172.86,9191
894.0,click,270,476.32,9192
650.0,click,313,96.75,9193
880.0,view,141,418.94,9194
106.0,view,246,413.93,9195
974.0,view,151,337.47,9196
838.0,view,38,458.12,9197
270.0,view,2,187.37,9198
415.0,click,24,447.97,9199
427.0,view,152,97.86,9200
907.0,purchase,159,133.29,9201
46.0,purchase,343,,9202
521.0,view,219,112.53,9203
419.0,view,168,176.55,9204
471.0,purchase,459,453.22,9205
97.0,purchase,224,,9206
759.0,view,76,351.82,9207
355.0,view,257,470.28,9208
189.0,click,428,262.09,9209
552.0,view,137,306.13,9210
224.0,view,128,286.63,9211
228.0,purchase,467,,9212
109.0,click,25,375.8,9213
307.0,view,470,357.98,9214
876.0,click,480,183.49,9215
670.0,click,403,265.16,9216
201.0,click,396,184.77,9217
982.0,view,445,228.41,9218
381.0,purchase,172,244.35,9219
490.0,click,18,424.12,9220
423.0,view,267,-19.83,9221
970.0,view,415,198.46,9222
507.0,purchase,454,130.29,9223
76.0,purchase,11,198.07,9224
,view,308,127.53,9225
226.0,view,24,81.18,9226
78.0,click,491,333.7,9227
203.0,unknown_event,275,391.94,9228
488.0,purchase,204,449.54,9229
802.0,click,156,383.17,9230
115.0,click,277,475.46,9231
987.0,purchase,410,4309.661067296169,9232
525.0,purchase,38,162.25,9233
237.0,click,427,61.94,9234
401.0,click,370,8147.93031330969,9235
571.0,view,110,276.34,9236
735.0,view,342,292.55,9237
330.0,purchase,76,329.53,9238
971.0,view,96,319.67,9239
324.0,click,99,91.65,9240
203.0,click,462,376.44,9241
,view,316,488.29,9242
201.0,view,186,42.36,9243
108.0,purchase,480,21.48,9244
861.0,purchase,299,229.58,9245
986.0,click,429,117.66,9246
439.0,view,3,434.82,9247
497.0,view,33,454.84,9248
700.0,view,185,126.2,9249
968.0,click,269,390.52,9250
927.0,view,168,160.28,9251
899.0,purchase,98,149.44,9252
,click,5,,9253
386.0,click,387,332.13,9254
642.0,purchase,188,32.25,9255
151.0,click,435,14.67,9256
591.0,view,379,337.06,9257
836.0,click,428,153.78,9258
967.0,view,146,397.07,9259
989.0,view,2,91.71,9260
170.0,click,444,17.0,9261
880.0,click,468,22.56,9262
954.0,view,432,257.8,9263
106.0,purchase,147,93.13,9264
,purchase,469,258.1,9265
480.0,view,219,152.66,9266
188.0,click,457,116.52,9267
528.0,purchase,304,100.06,9268
175.0,click,323,470.18,9269
437.0,click,388,442.22,9270
858.0,purchase,197,488.35,9271
501.0,purchase,168,15.05,9272
,click,191,120.7,9273
438.0,view,101,,9274
488.0,view,179,50.52,9275
530.0,purchase,466,213.76,9276
165.0,purchase,210,206.59,9277
5.0,view,351,232.03,9278
954.0,view,269,179.62,9279
264.0,click,291,278.98,9280
997.0,purchase,439,24.51,9281
,view,471,378.28,9282
657.0,click,494,353.39,9283
312.0,purchase,93,95.18,9284
267.0,view,268,223.72,9285
46.0,purchase,294,443.88,9286
699.0,click,13,278.59,9287
626.0,click,7,172.76,9288
519.0,view,216,74.68,9289
219.0,view,132,491.87,9290
93.0,purchase,433,44.02,9291
640.0,click,357,412.13,9292
813.0,click,247,94.87,9293
726.0,view,367,347.72,9294
699.0,click,454,305.79,9295
566.0,purchase,171,119.8,9296
478.0,click,166,212.77,9297
812.0,view,289,464.7,9298
985.0,view,94,388.93,9299
307.0,click,342,273.36,9300
11.0,click,491,316.32,9301
965.0,view,396,378.31,9302
996.0,click,213,,9303
661.0,purchase,343,,9304
675.0,click,283,260.35,9305
,click,397,229.51,9306
625.0,click,490,114.75,9307
842.0,click,200,,9308
68.0,purchase,182,242.71,9309
768.0,view,193,339.23,9310
6.0,view,344,420.46,9311
354.0,purchase,45,-77.6,9312
417.0,click,335,386.53,9313
200.0,click,56,232.38,9314
948.0,purchase,451,261.36,9315
303.0,view,50,78.29,9316
677.0,purchase,254,302.28,9317
303.0,click,126,394.25,9318
229.0,purchase,444,497.88,9319
410.0,click,100,195.92,9320
238.0,click,318,220.66,9321
673.0,purchase,58,73.82,9322
281.0,purchase,129,8940.60247710479,9323
488.0,click,470,,9324
149.0,purchase,359,117.12,9325
557.0,click,311,242.91,9326
288.0,purchase,318,180.43,9327
976.0,click,253,497.5,9328
460.0,view,207,,9329
583.0,click,325,466.56,9330
695.0,purchase,22,168.34,9331
412.0,view,275,255.46,9332
200.0,view,318,393.07,9333
127.0,view,32,352.55,9334
,purchase,130,437.18,9335
760.0,view,223,54.58,9336
421.0,click,193,417.33,9337
390.0,click,228,173.85,9338
633.0,click,61,249.9,9339
661.0,click,92,178.17,9340
87.0,purchase,193,179.78,9341
321.0,purchase,409,157.85,9342
818.0,click,400,352.11,9343
466.0,view,390,138.16,9344
467.0,click,446,93.01,9345
,click,185,150.79,9346
224.0,view,35,367.8,9347
368.0,click,269,373.69,9348
783.0,view,260,393.66,9349
30.0,click,192,250.66,9350
493.0,click,296,166.62,9351
699.0,purchase,64,104.05,9352
268.0,click,47,360.57,9353
896.0,purchase,87,354.58,9354
,view,290,230.28,9355
990.0,click,156,175.54,9356
636.0,click,78,472.13,9357
513.0,click,63,93.24,9358
10.0,click,179,121.81,9359
956.0,view,171,28.51,9360
9.0,purchase,129,,9361
396.0,view,235,484.73,9362
,purchase,249,20.89,9363
253.0,view,142,408.78,9364
555.0,click,488,419.1,9365
898.0,click,143,280.59,9366
424.0,click,102,214.59,9367
559.0,view,271,237.5,9368
819.0,click,419,358.72,9369
399.0,purchase,38,422.9,9370
592.0,view,46,28.21,9371
692.0,purchase,445,218.93,9372
751.0,view,178,139.14,9373
657.0,view,262,311.04,9374
459.0,view,243,487.6,9375
684.0,view,220,178.25,9376
383.0,click,95,274.81,9377
510.0,view,140,305.35,9378
246.0,view,272,444.94,9379
785.0,purchase,364,336.23,9380
635.0,purchase,53,456.63,9381
829.0,unknown_event,439,,9382
806.0,view,268,412.56,9383
696.0,click,397,162.66,9384
563.0,click,236,116.81,9385
627.0,purchase,450,,9386
,view,391,8997.208924026723,9387
688.0,view,283,256.32,9388
110.0,click,163,335.39,9389
573.0,click,85,143.51,9390
751.0,click,245,226.33,9391
954.0,view,413,137.25,9392
,view,453,284.08,9393
743.0,purchase,441,407.93,9394
838.0,click,481,271.15,9395
446.0,view,393,110.56,9396
854.0,view,341,274.79,9397
973.0,click,445,41.67,9398
546.0,click,459,442.02,9399
113.0,view,375,19.39,9400
435.0,click,296,332.32,9401
629.0,view,270,228.83,9402
649.0,click,252,87.28,9403
588.0,click,393,181.44,9404
403.0,purchase,125,455.56,9405
851.0,purchase,386,113.8,9406
558.0,purchase,227,318.87,9407
980.0,click,279,281.1,9408
618.0,view,459,288.12,9409
714.0,click,379,218.27,9410
974.0,click,45,12.88,9411
2.0,click,32,,9412
713.0,purchase,122,251.03,9413
258.0,view,108,30.45,9414
35.0,click,439,80.61,9415
272.0,view,314,54.79,9416
611.0,purchase,355,169.08,9417
149.0,click,61,426.32,9418
862.0,purchase,312,336.13,9419
537.0,view,70,127.92,9420
382.0,view,334,237.6,9421
,purchase,476,466.52,9422
68.0,view,140,72.64,9423
568.0,purchase,345,365.54,9424
477.0,click,240,456.72,9425
400.0,view,377,332.62,9426
460.0,view,268,339.9,9427
498.0,purchase,138,32.16,9428
214.0,purchase,90,205.04,9429
185.0,click,402,378.14,9430
316.0,purchase,1,467.59,9431
904.0,view,376,293.88,9432
372.0,view,260,310.76,9433
147.0,purchase,125,426.55,9434
998.0,view,74,43.39,9435
77.0,view,150,500.0,9436
933.0,view,195,114.89,9437
925.0,view,399,-193.42,9438
655.0,click,30,396.1,9439
708.0,view,288,152.79,9440
909.0,purchase,94,96.26,9441
308.0,click,209,164.24,9442
690.0,click,150,140.46,9443
581.0,view,372,37.26,9444
407.0,click,232,420.16,9445
984.0,view,9,391.73,9446
676.0,view,499,480.1,9447
624.0,purchase,497,,9448
840.0,purchase,9,289.2,9449
581.0,purchase,41,306.69,9450
439.0,purchase,70,178.08,9451
32.0,view,183,100.64,9452
702.0,click,485,311.31,9453
663.0,purchase,131,170.3,9454
180.0,unknown_event,164,468.1,9455
524.0,click,480,128.07,9456
525.0,click,286,454.01,9457
,view,449,97.68,9458
222.0,view,268,496.32,9459
802.0,view,9,135.59,9460
367.0,purchase,444,27.47,9461
315.0,purchase,420,318.65,9462
227.0,click,327,456.42,9463
188.0,click,230,19.9,9464
393.0,purchase,165,72.79,9465
489.0,purchase,62,368.39,9466
789.0,click,256,289.01,9467
806.0,purchase,67,149.48,9468
162.0,view,367,347.97,9469
143.0,view,294,42.85,9470
,click,487,235.41,9471
264.0,click,272,8059.2536023362545,9472
597.0,view,410,258.46,9473
264.0,view,244,270.79,9474
501.0,click,234,1716.6521071783675,9475
143.0,purchase,100,90.53,9476
766.0,view,233,301.03,9477
75.0,view,241,495.83,9478
962.0,view,35,77.2,9479
431.0,purchase,425,364.88,9480
338.0,view,317,250.08,9481
603.0,purchase,179,224.4,9482
519.0,purchase,251,405.3,9483
823.0,purchase,131,188.63,9484
509.0,view,479,94.55,9485
109.0,click,324,449.9,9486
816.0,click,464,142.01,9487
288.0,click,444,7953.376876913465,9488
925.0,click,263,104.94,9489
69.0,view,359,338.53,9490
842.0,click,26,,9491
104.0,purchase,170,80.34,9492
,view,84,336.05,9493
565.0,click,423,334.11,9494
573.0,click,222,351.5,9495
836.0,view,146,114.83,9496
485.0,click,35,,9497
,click,164,6.08,9498
288.0,click,181,392.95,9499
260.0,purchase,269,484.49,9500
542.0,view,323,155.3,9501
779.0,click,34,437.2,9502
995.0,click,349,174.62,9503
252.0,click,433,464.84,9504
212.0,click,483,218.3,9505
,view,490,388.7,9506
445.0,click,136,442.08,9507
,click,176,11.95,9508
971.0,purchase,204,255.12,9509
,click,147,457.81,9510
487.0,purchase,47,282.2,9511
257.0,purchase,149,114.72,9512
790.0,unknown_event,335,88.53,9513
778.0,view,408,72.0,9514
209.0,click,109,,9515
700.0,click,100,327.96,9516
994.0,purchase,366,377.95,9517
510.0,click,432,40.66,9518
920.0,view,412,448.9,9519
918.0,view,238,267.99,9520
499.0,click,477,427.52,9521
,view,91,300.67,9522
603.0,view,101,273.92,9523
794.0,purchase,386,143.31,9524
601.0,purchase,390,468.4,9525
,view,267,254.75,9526
582.0,view,358,245.67,9527
167.0,click,390,492.73,9528
192.0,view,381,337.34,9529
422.0,click,308,301.19,9530
924.0,view,81,466.56,9531
344.0,purchase,392,45.65,9532
825.0,purchase,292,318.27,9533
621.0,view,449,-299.5,9534
789.0,view,10,213.7,9535
857.0,view,365,114.99,9536
491.0,purchase,366,382.44,9537
80.0,purchase,460,197.5,9538
643.0,purchase,240,258.53,9539
735.0,purchase,418,204.02,9540
365.0,purchase,139,387.43,9541
881.0,view,420,474.48,9542
602.0,click,109,482.75,9543
354.0,click,23,341.65,9544
266.0,purchase,95,239.35,9545
189.0,purchase,197,303.91,9546
591.0,purchase,35,203.58,9547
443.0,purchase,213,213.75,9548
426.0,view,450,140.06,9549
945.0,purchase,244,218.87,9550
489.0,purchase,142,485.18,9551
61.0,click,438,111.33,9552
772.0,click,497,,9553
317.0,purchase,475,-37.92,9554
377.0,click,445,128.02,9555
,click,159,238.41,9556
436.0,click,397,200.69,9557
,purchase,14,456.9,9558
771.0,view,467,291.6,9559
831.0,purchase,244,354.03,9560
721.0,purchase,189,93.97,9561
721.0,view,103,113.83,9562
,unknown_event,140,315.54,9563
565.0,click,17,37.15,9564
95.0,purchase,328,136.2,9565
271.0,click,470,,9566
799.0,purchase,352,336.13,9567
765.0,view,118,365.2,9568
125.0,purchase,251,230.08,9569
,click,267,,9570
399.0,view,64,152.09,9571
897.0,purchase,122,136.9,9572
792.0,click,66,49.4,9573
447.0,view,44,85.7,9574
484.0,view,404,38.58,9575
253.0,purchase,20,58.48,9576
784.0,view,185,490.86,9577
173.0,view,60,242.59,9578
,view,229,295.48,9579
751.0,purchase,130,478.79,9580
81.0,purchase,325,159.84,9581
492.0,view,166,396.01,9582
257.0,view,78,241.94,9583
422.0,view,261,456.6,9584
713.0,purchase,50,241.81,9585
336.0,click,293,390.52,9586
983.0,purchase,172,317.37,9587
530.0,purchase,13,349.33,9588
611.0,purchase,148,464.05,9589
44.0,view,123,103.36,9590
886.0,unknown_event,239,150.72,9591
459.0,purchase,313,111.99,9592
583.0,view,21,243.93,9593
681.0,purchase,130,241.75,9594
423.0,purchase,91,487.95,9595
268.0,view,169,246.14,9596
167.0,click,94,357.18,9597
63.0,click,314,469.05,9598
936.0,click,312,475.78,9599
802.0,purchase,416,481.81,9600
,view,440,277.39,9601
711.0,click,68,399.88,9602
337.0,view,212,409.8,9603
250.0,view,5,324.72,9604
572.0,purchase,204,178.07,9605
978.0,click,57,,9606
917.0,view,102,,9607
381.0,click,30,478.77,9608
818.0,purchase,121,381.49,9609
565.0,click,324,454.21,9610
980.0,click,10,4653.558388615318,9611
410.0,purchase,20,479.55,9612
676.0,click,463,30.64,9613
613.0,view,268,,9614
737.0,view,55,482.91,9615
714.0,purchase,341,431.37,9616
698.0,view,377,492.6,9617
332.0,view,138,436.74,9618
409.0,purchase,311,443.48,9619
753.0,view,325,370.18,9620
425.0,view,89,99.71,9621
428.0,click,432,363.3,9622
407.0,click,446,147.66,9623
445.0,view,408,191.97,9624
698.0,purchase,113,430.49,9625
143.0,click,271,138.44,9626
265.0,purchase,488,420.0,9627
112.0,view,482,18.05,9628
958.0,view,480,227.32,9629
,click,128,464.9,9630
382.0,view,87,467.4,9631
569.0,click,18,187.74,9632
37.0,click,327,52.86,9633
924.0,purchase,426,187.16,9634
746.0,click,397,97.95,9635
524.0,click,35,,9636
893.0,view,86,209.74,9637
225.0,purchase,400,32.46,9638
734.0,purchase,38,52.57,9639
765.0,view,324,,9640
740.0,view,306,20.88,9641
804.0,view,442,197.23,9642
998.0,purchase,137,217.67,9643
216.0,click,259,409.72,9644
54.0,view,60,97.51,9645
398.0,click,293,352.47,9646
473.0,click,454,494.05,9647
280.0,view,331,258.19,9648
832.0,view,31,65.41,9649
231.0,click,74,476.44,9650
308.0,view,93,,9651
993.0,purchase,336,8583.663079940281,9652
732.0,view,426,74.89,9653
602.0,purchase,106,117.0,9654
684.0,click,480,437.33,9655
899.0,purchase,35,497.0,9656
732.0,purchase,371,295.54,9657
430.0,view,257,288.57,9658
292.0,view,14,5.04,9659
664.0,purchase,166,-319.29,9660
577.0,click,139,237.63,9661
877.0,view,254,170.33,9662
728.0,view,381,,9663
253.0,click,284,27.66,9664
835.0,click,249,396.16,9665
969.0,view,154,10.05,9666
272.0,click,379,309.5,9667
288.0,view,79,25.11,9668
10.0,click,470,127.23,9669
,click,361,473.32,9670
272.0,click,297,334.54,9671
131.0,click,73,362.78,9672
162.0,view,169,1777.2310395402487,9673
306.0,view,483,147.32,9674
226.0,view,401,342.44,9675
828.0,purchase,439,131.74,9676
33.0,purchase,476,193.58,9677
643.0,click,193,74.09,9678
243.0,click,325,443.24,9679
874.0,click,236,,9680
,click,244,386.82,9681
152.0,view,336,268.81,9682
387.0,view,428,45.63,9683
379.0,click,295,218.4,9684
353.0,purchase,478,285.87,9685
430.0,click,191,309.48,9686
683.0,click,23,259.29,9687
672.0,view,370,421.45,9688
317.0,click,338,320.51,9689
781.0,view,80,134.77,9690
529.0,click,276,388.09,9691
925.0,purchase,328,362.76,9692
829.0,click,290,227.64,9693
299.0,click,204,306.29,9694
108.0,click,127,294.59,9695
118.0,click,290,29.69,9696
307.0,click,287,15.88,9697
887.0,purchase,472,163.76,9698
548.0,purchase,367,,9699
691.0,view,294,97.12,9700
405.0,purchase,459,257.83,9701
552.0,view,127,318.75,9702
34.0,view,167,154.08,9703
153.0,click,211,341.11,9704
518.0,view,97,13.94,9705
700.0,view,209,185.57,9706
,click,145,57.37,9707
101.0,click,46,405.82,9708
459.0,click,446,42.34,9709
602.0,click,477,212.69,9710
864.0,click,276,,9711
601.0,view,103,438.63,9712
848.0,click,409,7413.186603496932,9713
748.0,click,69,263.56,9714
513.0,click,281,93.67,9715
127.0,click,482,210.32,9716
734.0,click,119,422.19,9717
348.0,purchase,377,456.9,9718
52.0,view,366,147.68,9719
114.0,purchase,376,9.09,9720
199.0,purchase,464,406.75,9721
320.0,purchase,94,149.83,9722
943.0,click,93,48.72,9723
73.0,purchase,455,236.44,9724
692.0,view,301,129.35,9725
593.0,purchase,7,252.26,9726
482.0,purchase,201,460.67,9727
17.0,click,136,349.56,9728
558.0,purchase,304,398.53,9729
654.0,click,400,416.14,9730
,purchase,148,257.89,9731
840.0,purchase,55,308.72,9732
206.0,view,338,297.46,9733
90.0,click,394,443.06,9734
119.0,view,216,254.23,9735
364.0,click,48,217.45,9736
472.0,click,10,438.51,9737
560.0,purchase,396,236.6,9738
295.0,view,61,139.3,9739
481.0,view,418,216.41,9740
655.0,click,437,484.34,9741
703.0,click,326,451.26,9742
678.0,click,279,147.85,9743
853.0,view,373,220.11,9744
119.0,view,43,10.03,9745
844.0,purchase,207,311.87,9746
489.0,view,179,362.61,9747
349.0,purchase,121,-286.85,9748
786.0,view,327,320.46,9749
250.0,view,418,215.2,9750
165.0,view,444,244.14,9751
683.0,purchase,3,276.76,9752
281.0,click,244,459.89,9753
581.0,view,163,170.25,9754
375.0,click,350,82.71,9755
223.0,purchase,252,302.97,9756
835.0,click,100,358.1,9757
188.0,purchase,183,417.86,9758
759.0,view,293,99.11,9759
601.0,view,294,6.32,9760
401.0,view,323,281.77,9761
798.0,purchase,149,116.19,9762
830.0,view,41,197.38,9763
,click,63,197.14,9764
995.0,view,251,192.21,9765
666.0,view,94,283.15,9766
453.0,view,344,387.17,9767
526.0,purchase,317,249.38,9768
308.0,view,105,99.92,9769
730.0,view,60,202.4,9770
168.0,click,131,3442.063668348578,9771
184.0,view,159,296.81,9772
194.0,view,97,94.6,9773
597.0,view,429,408.06,9774
826.0,purchase,406,48.7,9775
266.0,view,23,310.3,9776
665.0,view,293,21.8,9777
600.0,view,18,458.63,9778
814.0,click,52,68.73,9779
420.0,click,435,139.76,9780
707.0,view,31,230.1,9781
151.0,view,191,39.32,9782
928.0,click,151,305.01,9783
900.0,view,319,,9784
279.0,view,103,435.03,9785
210.0,click,95,177.52,9786
339.0,click,26,,9787
811.0,view,499,481.6,9788
629.0,purchase,314,225.09,9789
316.0,purchase,337,111.73,9790
573.0,view,344,80.12,9791
509.0,purchase,271,353.92,9792
212.0,view,85,160.54,9793
970.0,purchase,68,3445.251807516117,9794
209.0,purchase,222,146.64,9795
273.0,view,359,220.1,9796
751.0,purchase,16,207.46,9797
459.0,view,339,163.9,9798
73.0,purchase,367,7.04,9799
42.0,click,49,250.7,9800
15.0,view,115,235.01,9801
404.0,purchase,408,67.53,9802
282.0,purchase,361,194.91,9803
336.0,purchase,276,88.72,9804
872.0,click,419,489.16,9805
66.0,click,222,229.68,9806
21.0,click,34,312.27,9807
612.0,view,419,113.92,9808
720.0,click,329,229.56,9809
99.0,view,357,422.04,9810
436.0,view,255,27.2,9811
,view,116,406.96,9812
,click,279,418.56,9813
886.0,click,182,455.68,9814
855.0,click,250,269.11,9815
42.0,view,134,207.02,9816
399.0,click,211,135.65,9817
449.0,view,157,345.28,9818
510.0,click,305,194.03,9819
45.0,purchase,137,445.85,9820
691.0,view,246,170.16,9821
435.0,click,465,,9822
270.0,view,190,356.58,9823
88.0,view,476,94.13,9824
553.0,click,126,277.91,9825
285.0,view,181,404.23,9826
756.0,purchase,274,201.38,9827
637.0,view,221,344.39,9828
2.0,purchase,457,348.92,9829
396.0,purchase,22,143.56,9830
622.0,view,31,,9831
302.0,click,494,66.16,9832
995.0,click,364,140.45,9833
293.0,purchase,390,371.7,9834
667.0,click,71,360.66,9835
654.0,click,449,315.39,9836
775.0,click,222,418.67,9837
567.0,purchase,455,354.98,9838
266.0,view,64,393.39,9839
512.0,view,60,87.24,9840
885.0,view,226,313.88,9841
377.0,purchase,355,112.47,9842
644.0,click,411,416.33,9843
658.0,purchase,186,284.53,9844
133.0,purchase,277,231.31,9845
851.0,purchase,393,458.33,9846
902.0,click,431,8056.511983141505,9847
620.0,click,192,127.76,9848
719.0,click,233,340.43,9849
554.0,click,13,27.71,9850
212.0,view,294,79.39,9851
459.0,purchase,101,191.91,9852
270.0,click,421,450.8,9853
418.0,view,496,396.69,9854
26.0,click,248,471.86,9855
525.0,click,38,93.78,9856
979.0,purchase,190,178.44,9857
859.0,view,488,80.47,9858
992.0,purchase,343,330.44,9859
15.0,purchase,472,9295.650178102205,9860
120.0,click,344,293.81,9861
99.0,purchase,378,215.97,9862
177.0,view,288,68.96,9863
717.0,click,366,193.49,9864
323.0,view,142,315.24,9865
839.0,purchase,260,16.88,9866
523.0,click,56,264.64,9867
668.0,view,165,,9868
40.0,purchase,122,491.1,9869
167.0,click,15,,9870
979.0,view,1,,9871
,click,464,83.43,9872
346.0,view,197,200.98,9873
281.0,view,339,225.89,9874
48.0,click,162,228.98,9875
336.0,purchase,94,394.24,9876
708.0,click,109,184.34,9877
898.0,click,89,150.8,9878
64.0,unknown_event,418,261.72,9879
331.0,purchase,237,29.21,9880
984.0,click,197,12.93,9881
674.0,view,131,407.11,9882
385.0,view,386,193.5,9883
910.0,click,292,264.22,9884
238.0,purchase,178,-380.69,9885
519.0,click,142,337.73,9886
409.0,view,376,414.39,9887
677.0,click,461,55.62,9888
39.0,click,309,63.37,9889
451.0,purchase,297,459.26,9890
24.0,click,238,,9891
,purchase,251,104.59,9892
39.0,purchase,499,,9893
490.0,click,78,252.63,9894
19.0,purchase,455,67.35,9895
834.0,view,447,299.47,9896
990.0,purchase,94,8.45,9897
731.0,purchase,12,358.55,9898
909.0,view,110,208.72,9899
858.0,view,166,65.74,9900
861.0,purchase,452,406.25,9901
491.0,view,463,122.8,9902
924.0,click,109,383.07,9903
,view,249,342.4,9904
717.0,click,74,,9905
301.0,purchase,2,180.75,9906
230.0,view,400,436.02,9907
453.0,view,199,157.17,9908
,purchase,136,320.53,9909
904.0,click,192,275.64,9910
867.0,view,278,180.15,9911
172.0,click,454,252.71,9912
592.0,purchase,473,335.26,9913
117.0,view,456,108.7,9914
811.0,purchase,291,409.72,9915
845.0,view,345,381.69,9916
17.0,purchase,312,243.53,9917
281.0,purchase,252,19.65,9918
867.0,click,292,10.39,9919
13.0,view,113,156.61,9920
823.0,view,314,217.05,9921
97.0,purchase,368,437.37,9922
648.0,view,186,202.9,9923
969.0,view,24,341.22,9924
226.0,click,124,260.84,9925
204.0,click,315,343.14,9926
21.0,purchase,357,232.71,9927
151.0,view,389,87.65,9928
227.0,click,146,,9929
701.0,purchase,150,458.75,9930
741.0,view,269,152.86,9931
356.0,view,292,313.88,9932
276.0,click,33,417.16,9933
734.0,click,316,306.54,9934
845.0,purchase,283,,9935
268.0,purchase,262,,9936
599.0,view,222,420.98,9937
920.0,click,17,471.52,9938
526.0,view,368,335.98,9939
211.0,view,59,473.76,9940
939.0,purchase,324,287.19,9941
984.0,view,38,284.39,9942
807.0,purchase,451,314.86,9943
808.0,purchase,368,480.09,9944
658.0,view,361,52.88,9945
328.0,purchase,372,290.19,9946
557.0,view,84,439.25,9947
238.0,purchase,364,486.87,9948
95.0,purchase,376,152.1,9949
84.0,purchase,301,392.54,9950
64.0,view,346,-458.65,9951
578.0,purchase,245,37.66,9952
894.0,purchase,278,61.06,9953
,click,399,318.95,9954
,click,290,192.06,9955
685.0,click,391,404.78,9956
368.0,view,32,250.41,9957
517.0,purchase,326,223.36,9958
649.0,click,5,385.55,9959
303.0,view,322,4937.257244996256,9960
458.0,click,142,80.28,9961
162.0,click,103,71.46,9962
533.0,click,256,307.26,9963
787.0,purchase,253,187.52,9964
761.0,purchase,107,268.42,9965
840.0,purchase,417,423.75,9966
363.0,purchase,429,184.56,9967
735.0,purchase,170,112.99,9968
367.0,purchase,398,30.06,9969
785.0,click,434,254.53,9970
437.0,view,216,496.08,9971
536.0,view,4,,9972
659.0,click,10,474.77,9973
390.0,purchase,265,189.33,9974
976.0,click,160,119.15,9975
432.0,purchase,325,53.64,9976
71.0,view,237,439.77,9977
157.0,view,336,184.95,9978
,view,243,227.74,9979
873.0,purchase,447,8.67,9980
482.0,click,36,189.17,9981
215.0,click,40,6.88,9982
782.0,view,66,389.37,9983
670.0,purchase,30,47.7,9984
528.0,view,147,434.8,9985
706.0,view,5,232.72,9986
711.0,purchase,217,256.88,9987
880.0,purchase,403,156.37,9988
199.0,purchase,233,135.98,9989
,purchase,278,62.42,9990
900.0,purchase,250,344.3,9991
739.0,purchase,248,159.15,9992
702.0,purchase,200,354.51,9993
384.0,purchase,224,191.36,9994
309.0,view,199,90.94,9995
568.0,purchase,131,294.02,9996
256.0,click,262,231.21,9997
937.0,purchase,273,227.14,9998
528.0,view,168,110.48,9999
861.0,view,210,348.78,968
18.0,purchase,434,386.72,379
441.0,purchase,324,148.88,5787
316.0,click,280,77.36,900
980.0,view,191,296.8,8950
482.0,view,353,398.8,6451
707.0,view,466,76.54,4652
,click,187,19.64,5140
97.0,click,250,196.81,5859
34.0,view,195,316.11,5638
339.0,purchase,180,40.53,7788
165.0,view,253,356.32,4177
609.0,click,254,414.32,5220
944.0,view,352,483.97,2353
555.0,view,438,225.05,8370
383.0,click,425,243.26,8450
745.0,click,138,490.76,3487
,view,471,378.28,9282
658.0,view,31,363.57,6167
664.0,purchase,299,308.9,498
721.0,view,43,431.85,2633
955.0,purchase,308,9158.250445725022,4185
131.0,click,471,77.08,9067
54.0,view,483,10.34,3107
98.0,purchase,56,409.9,3790
417.0,purchase,30,499.08,3910
195.0,view,487,486.08,5457
178.0,purchase,331,467.67,1503
82.0,purchase,304,287.8,5008
828.0,click,300,74.95,6439
814.0,view,498,257.55,3971
405.0,view,10,205.14,7747
158.0,purchase,306,369.27,436
,purchase,311,260.95,7828
390.0,click,189,351.96,9037
,click,280,279.48,166
454.0,click,125,383.93,103
670.0,view,372,460.21,2986
19.0,purchase,359,122.16,5470
168.0,view,420,367.38,474
64.0,view,346,458.65,9951
652.0,view,458,382.44,1174
659.0,click,489,,8482
460.0,view,180,227.47,4402
288.0,click,444,7953.376876913465,9488
601.0,view,294,6.32,9760
178.0,view,418,151.06,700
564.0,view,429,420.77,4516
757.0,purchase,168,118.96,1522
645.0,view,410,396.6,5553
781.0,purchase,376,103.29,8834
786.0,click,60,414.64,8704
920.0,click,17,471.52,9938
,view,132,302.75,6903
676.0,click,299,107.47,7214
816.0,view,142,40.64,2987
700.0,view,185,126.2,9249
528.0,purchase,304,100.06,9268
894.0,purchase,131,252.75,4634
875.0,purchase,422,45.43,1359
616.0,purchase,198,486.64,2089
,purchase,29,6.04,8438
150.0,purchase,258,455.68,2761
491.0,purchase,172,68.91,4175
547.0,click,77,403.85,1656
86.0,view,371,306.22,8158
34.0,click,80,459.71,1577
479.0,purchase,168,219.76,6427
758.0,purchase,82,93.65,6089
698.0,purchase,113,430.49,9625
714.0,click,192,430.95,8797
14.0,click,488,484.45,3259
317.0,click,217,151.42,2185
94.0,view,145,262.29,2949
858.0,purchase,208,19.55,3284
710.0,view,273,419.03,8029
766.0,purchase,290,30.1,8061
649.0,purchase,275,192.59,1799
382.0,view,189,5038.780283480764,8839
239.0,click,477,25.02,3965
346.0,click,281,141.19,6365
567.0,click,121,6.5,6326
207.0,view,488,268.79,2722
151.0,purchase,282,431.36,372
576.0,purchase,53,,4598
277.0,purchase,333,478.96,8564
393.0,purchase,23,268.03,1265
189.0,purchase,197,303.91,9546
936.0,click,373,204.61,4877
804.0,purchase,386,27.82,4619
871.0,click,399,247.97,3327
23.0,purchase,359,120.12,1518
396.0,purchase,52,,1077
127.0,purchase,41,109.71,4179
,view,107,413.97,1451
812.0,view,193,215.14,3685
645.0,purchase,98,52.3,4144
759.0,purchase,277,322.26,5435
308.0,purchase,446,-431.94,8705
656.0,click,351,330.08,8016
869.0,purchase,269,167.51,8451
975.0,view,30,423.57,6034
600.0,view,10,,1223
629.0,click,345,181.51,8912
807.0,view,66,233.71,8795
502.0,view,357,375.68,1201
719.0,purchase,274,127.38,6492
506.0,click,82,87.98,6894
589.0,purchase,471,43.45,859
551.0,purchase,47,362.5,4795
881.0,purchase,475,375.29,9021
827.0,click,215,174.74,2051
442.0,view,79,239.09,7650
944.0,click,2,89.89,563
346.0,view,351,188.58,7629
352.0,purchase,451,127.59,2991
,click,393,431.85,3380
31.0,click,450,194.05,3979
381.0,purchase,398,188.97,7963
423.0,view,82,29.54,2873
901.0,view,299,238.27,7309
239.0,view,396,444.67,6130
188.0,view,385,114.48,6890
86.0,click,286,16.37,2544
932.0,click,3,36.1,3016
356.0,click,115,439.35,3070
,view,453,198.4,4979
533.0,click,490,14.98,7658
863.0,purchase,489,71.03,5948
201.0,purchase,409,446.84,540
608.0,click,396,461.45,6010
731.0,click,401,161.56,412
601.0,view,50,253.02,1993
961.0,view,175,78.85,3455
538.0,click,215,100.41,3118
692.0,purchase,248,415.46,6564
664.0,purchase,225,396.03,4372
226.0,view,454,257.76,6538
860.0,purchase,364,90.06,2272
945.0,view,26,334.01,1277
594.0,purchase,326,325.19,3430
785.0,purchase,364,336.23,9380
508.0,view,255,261.24,2672
19.0,click,62,392.21,8649
311.0,purchase,264,449.53,1872
914.0,purchase,441,52.57,7282
493.0,purchase,312,3517.705098013765,1459
65.0,view,488,80.64,6880
770.0,purchase,234,461.4,1393
224.0,view,128,286.63,9211
911.0,click,426,46.91,187
,view,335,43.76,808
301.0,purchase,13,290.6,5837
237.0,click,473,,5398
665.0,view,450,485.23,7823
457.0,click,290,340.39,6063
524.0,purchase,350,190.05,7102
837.0,view,83,6935.036686936041,8369
883.0,click,396,353.51,5744
293.0,purchase,322,7607.436265476724,8754
73.0,purchase,335,160.94,632
945.0,view,283,421.69,297
47.0,click,464,185.1,1156
338.0,view,56,83.09,4728
693.0,purchase,196,242.32,5365
854.0,view,460,349.43,8853
288.0,view,156,211.61,1775
783.0,purchase,471,224.54,1756
838.0,view,2,6636.775246037437,4253
643.0,click,354,457.54,3592
499.0,view,329,,682
93.0,view,82,102.45,4498
604.0,purchase,5,481.5,2190
785.0,click,434,254.53,9970
792.0,click,66,49.4,9573
46.0,purchase,294,443.88,9286
466.0,view,17,390.11,5444
250.0,click,342,262.93,6603
926.0,purchase,197,-191.55,6850
976.0,click,13,5625.572185317322,3984
615.0,click,80,449.94,3092
488.0,view,433,429.78,8602
103.0,click,360,402.92,2326
794.0,purchase,216,207.12,6750
340.0,view,475,456.59,3365
759.0,purchase,194,227.27,6659
773.0,purchase,2,373.93,5759
270.0,view,49,253.41,7952
612.0,click,19,211.67,1561
616.0,purchase,79,213.24,1554
298.0,click,291,453.71,2098
357.0,click,279,380.72,1211
65.0,purchase,38,455.58,2983
218.0,purchase,143,439.09,5572
519.0,view,216,74.68,9289
796.0,click,281,353.93,668
934.0,view,161,400.79,6831
833.0,purchase,435,259.63,499
520.0,click,278,94.53,5124
351.0,purchase,55,207.52,5611
