user_id,user_segment,country,signup_date,product_id,product_name,brand,category,event_type,price,timestamp
210,browser,Malaysia,2025-04-20,,Yoga Mat,Decathlon,Sports,invalid,540,1778597805
271,browser,Singapore,2024-11-18,43.0,Desk Lamp,Philips,Home,view,150,1778597805
112,buyer,Singapore,2025-03-05,40.0,Office Chair,Ikea,Home,purchase,200,1778597805
,browser,Thailand,2024-10-11,29.0,Sandals,Havaianas,Fashion,view,70,1778597805
243,browser,Singapore,2025-04-16,46.0,Face Cleanser,Nivea,Beauty,click,30,1778597805
71,casual,Singapore,2025-05-14,4593.0,Electric Kettle,Tefal,Home,click,60,1778597805
377,casual,Singapore,2024-10-07,,Dumbbells,Decathlon,Sports,view,150,1778597805
,browser,Thailand,2026-04-10,66.0,Python Programming Book,O'Reilly,Books,view,50,1778597805
320,browser,Malaysia,2026-04-02,10.0,Gaming Laptop,Asus,Electronics,view,2200,1778597805
339,casual,Indonesia,2025-06-13,65.0,Water Bottle,Stanley,Sports,view,225,1778597805
192,browser,Singapore,2025-01-08,16.0,Running Shoes,Nike,Fashion,invalid,120,1778597805
,browser,Malaysia,2024-10-11,52.0,Makeup Kit,Maybelline,Beauty,view,120,1778597805
326,buyer,Singapore,2025-01-10,31.0,Coffee Maker,Philips,Home,click,150,1778597805
499,browser,Thailand,2025-01-21,4.0,Dell XPS 13,Dell,Electronics,invalid,1800,1778597805
88,buyer,Thailand,2025-04-04,10.0,Gaming Laptop,Asus,Electronics,purchase,13200,1778597805
234,browser,Singapore,2025-05-23,11.0,Mechanical Keyboard,Logitech,,view,-150,1778597805
331,browser,Indonesia,2025-01-09,39.0,Dining Table,Ikea,Home,view,800,1778597805
217,buyer,Vietnam,2025-04-13,5.0,iPad Air,Apple,Electronics,invalid,900,1778597805
446,browser,Vietnam,2025-08-01,53.0,Sunscreen,Nivea,Beauty,invalid,35,1778597805
39,casual,Singapore,2026-03-19,40.0,Office Chair,Ikea,Home,view,200,1778597805
464,buyer,Singapore,2025-03-19,61.0,Treadmill,Technogym,Sports,purchase,1500,1778597805
244,buyer,Indonesia,2024-12-19,26.0,Backpack,Adidas,,purchase,100,1778597805
172,browser,Malaysia,2024-09-25,34.0,Blender,Philips,,invalid,100,1778597805
,browser,Singapore,2024-10-12,53.0,Sunscreen,Nivea,Beauty,invalid,210,1778597805
315,casual,Thailand,2024-08-16,37.0,Microwave Oven,Samsung,,click,2500,1778597805
443,buyer,Malaysia,2025-01-02,61.0,Treadmill,Technogym,Sports,purchase,1500,1778597805
unknown_user,buyer,Singapore,2024-08-19,7.0,Sony Headphones,Sony,,purchase,300,1778597805
,casual,Malaysia,2026-01-25,44.0,Curtains,Ikea,Home,view,120,1778597805
125,browser,Malaysia,2026-04-20,2665.0,Formal Shirt,Zara,Fashion,click,90,1778597805
48,buyer,Malaysia,2025-06-15,42.0,Sofa,Ikea,Home,purchase,1200,1778597805
437,browser,Singapore,2024-09-01,,Sofa,Ikea,Home,view,1200,1778597805
484,browser,Malaysia,2024-09-27,17.0,Sneakers,Adidas,Fashion,view,150,1778597805
356,buyer,Malaysia,2025-02-01,16.0,Running Shoes,Nike,Fashion,click,120,1778597805
unknown_user,browser,Malaysia,2024-12-08,3165.0,4K Monitor,LG,Electronics,view,3600,1778597805
123,browser,Malaysia,2025-03-17,,Curtains,Ikea,,click,120,1778597805
483,browser,Malaysia,2025-12-02,12.0,Wireless Mouse,Logitech,Electronics,view,-80,1778597805
unknown_user,browser,Thailand,2024-10-15,6.0,Samsung Tablet,Samsung,Electronics,purchase,700,1778597805
198,casual,Singapore,2026-03-17,4825.0,Self Development Book,Penguin,Books,view,40,1778597805
unknown_user,browser,Indonesia,2026-01-15,37.0,Microwave Oven,Samsung,Home,click,-250,1778597805
24,browser,Malaysia,2025-04-11,57.0,Basketball,Nike,Sports,view,50,1778597805
265,casual,Thailand,2026-01-20,53.0,Sunscreen,Nivea,Beauty,purchase,35,1778597805
,casual,Malaysia,2025-06-29,6.0,Samsung Tablet,Samsung,Electronics,invalid,4900,1778597805
295,browser,Thailand,2025-05-25,47.0,Moisturizer,Nivea,Beauty,view,40,1778597805
200,casual,Malaysia,2025-01-27,,Watch,Casio,Fashion,view,250,1778597805
95,casual,Vietnam,2024-11-02,34.0,Blender,Philips,Home,view,300,1778597805
434,casual,Indonesia,2026-03-13,2604.0,Business Strategy Book,Harvard Press,Books,click,60,1778597805
302,browser,Malaysia,2025-01-03,32.0,Air Fryer,Xiaomi,Home,invalid,1800,1778597805
,casual,Singapore,2025-09-02,2.0,Samsung Galaxy S23,Samsung,Electronics,click,1000,1778597805
9,casual,Indonesia,2025-12-04,17.0,Sneakers,Adidas,Fashion,click,150,1778597805
475,browser,Singapore,2026-01-13,9.0,Smart Watch,Fitbit,Electronics,view,-400,1778597805
77,browser,Indonesia,2024-10-15,1.0,iPhone 15,Apple,Electronics,view,1200,1778597805
326,buyer,Indonesia,2024-06-10,,Coffee Maker,Philips,Home,purchase,150,1778597805
,browser,Thailand,2024-12-06,14.0,External SSD,Samsung,Electronics,view,1400,1778597805
276,buyer,Singapore,2025-11-25,40.0,Office Chair,Ikea,Home,view,-200,1778597805
419,browser,Malaysia,2026-01-12,19.0,T-Shirt,Uniqlo,,invalid,40,1778597805
263,buyer,Malaysia,2024-06-17,1903.0,Sony Headphones,Sony,Electronics,purchase,300,1778597805
496,casual,Singapore,2026-02-15,46.0,Face Cleanser,Nivea,Beauty,view,30,1778597805
361,browser,Malaysia,2026-05-01,,Leather Belt,Levi's,Fashion,purchase,60,1778597805
273,browser,Thailand,2024-05-26,38.0,Toaster,Philips,Home,purchase,70,1778597805
94,browser,Malaysia,2025-05-10,59.0,Yoga Mat,Decathlon,Sports,click,-60,1778597805
398,browser,Indonesia,2024-11-19,31.0,Coffee Maker,Philips,Home,view,150,1778597805
109,casual,Malaysia,2024-09-15,55.0,Nail Polish,O.P.I,Beauty,click,15,1778597805
465,browser,Thailand,2025-03-26,55.0,Nail Polish,O.P.I,Beauty,view,15,1778597805
275,casual,Malaysia,2024-06-20,2652.0,Samsung Galaxy S23,Samsung,Electronics,click,1000,1778597805
71,browser,Indonesia,2024-10-18,59.0,Yoga Mat,Decathlon,Sports,view,60,1778597805
230,casual,Indonesia,2025-10-17,42.0,Sofa,Ikea,Home,purchase,1200,1778597805
260,casual,Malaysia,2025-07-07,2.0,Samsung Galaxy S23,Samsung,Electronics,click,1000,1778597805
490,browser,Thailand,2025-11-04,5.0,iPad Air,Apple,Electronics,purchase,900,1778597805
477,browser,Singapore,2025-09-22,52.0,Makeup Kit,Maybelline,Beauty,view,120,1778597805
122,browser,Malaysia,2025-03-30,26.0,Backpack,Adidas,Fashion,view,500,1778597805
329,browser,Malaysia,2025-04-02,,Lipstick,Maybelline,Beauty,view,25,1778597805
38,casual,Malaysia,2025-02-13,18.0,Jeans,Levi's,,invalid,80,1778597805
unknown_user,browser,Philippines,2025-10-20,1.0,iPhone 15,Apple,Electronics,view,1200,1778597805
363,casual,Indonesia,2026-04-15,3083.0,Toaster,Philips,Home,purchase,70,1778597805
389,browser,Indonesia,2026-01-05,29.0,Sandals,Havaianas,Fashion,invalid,70,1778597805
254,browser,Indonesia,2025-06-25,21.0,Dress,H&M,Fashion,view,120,1778597805
209,browser,Thailand,2025-09-12,2.0,Samsung Galaxy S23,Samsung,Electronics,view,1000,1778597805
222,browser,Malaysia,2025-10-15,38.0,Toaster,Philips,Home,view,70,1778597805
337,browser,Thailand,2025-05-24,9.0,Smart Watch,Fitbit,Electronics,view,-400,1778597805
172,buyer,Malaysia,2024-11-23,51.0,Hair Dryer,Philips,Beauty,click,80,1778597805
462,browser,Philippines,2024-08-18,46.0,Face Cleanser,Nivea,Beauty,view,90,1778597805
493,browser,Malaysia,2024-08-19,28.0,Formal Shirt,Zara,Fashion,invalid,180,1778597805
290,browser,Singapore,2025-11-16,49.0,Perfume,Dior,Beauty,view,150,1778597805
395,browser,Malaysia,2026-02-17,52.0,Makeup Kit,Maybelline,Beauty,view,120,1778597805
110,browser,Malaysia,2024-09-03,,Leather Belt,Levi's,Fashion,view,60,1778597805
151,browser,Singapore,2025-07-01,52.0,Makeup Kit,Maybelline,Beauty,view,120,1778597805
67,browser,Philippines,2025-09-02,66.0,Python Programming Book,O'Reilly,Books,view,50,1778597805
unknown_user,casual,Indonesia,2024-06-14,31.0,Coffee Maker,Philips,Home,view,150,1778597805
60,casual,Vietnam,2025-01-06,18.0,Jeans,Levi's,Fashion,click,80,1778597805
261,browser,Malaysia,2026-02-02,,Office Chair,Ikea,Home,view,200,1778597805
430,browser,Malaysia,2025-11-11,32.0,Air Fryer,Xiaomi,Home,view,180,1778597805
255,casual,Philippines,2025-05-13,,Basketball,Nike,Sports,view,50,1778597805
226,browser,Vietnam,2025-09-23,70.0,Self Development Book,Penguin,Books,view,40,1778597805
unknown_user,casual,Malaysia,2025-03-28,45.0,Wall Clock,Generic,Home,invalid,-40,1778597805
33,browser,Malaysia,2025-07-02,2935.0,Dumbbells,Decathlon,Sports,invalid,150,1778597805
485,buyer,Thailand,2026-02-26,44.0,Curtains,Ikea,Home,click,120,1778597805
unknown_user,casual,Philippines,2024-10-16,58.0,Tennis Racket,Wilson,Sports,view,1800,1778597805
unknown_user,casual,Malaysia,2025-05-20,31.0,Coffee Maker,Philips,Home,view,1200,1778597805
,casual,Philippines,2024-06-10,20.0,Jacket,Zara,Fashion,view,200,1778597805
378,browser,Malaysia,2026-04-10,,Makeup Kit,Maybelline,Beauty,view,120,1778597805
54,browser,Singapore,2025-04-26,32.0,Air Fryer,Xiaomi,,click,180,1778597805
174,browser,Thailand,2025-03-26,4.0,Dell XPS 13,Dell,Electronics,view,1800,1778597805
,casual,Vietnam,2025-06-05,,External SSD,Samsung,Electronics,view,400,1778597805
81,casual,Malaysia,2025-06-20,67.0,Data Science Handbook,Packt,Books,view,70,1778597805
133,browser,Malaysia,2024-11-06,8.0,AirPods Pro,Apple,Electronics,view,250,1778597805
354,browser,Malaysia,2025-07-16,61.0,Treadmill,Technogym,Sports,view,1500,1778597805
96,casual,Singapore,2024-11-23,2970.0,Smart Watch,Fitbit,Electronics,click,2400,1778597805
265,buyer,Indonesia,2024-05-15,6.0,Samsung Tablet,Samsung,Electronics,invalid,700,1778597805
79,buyer,Malaysia,2025-10-31,1870.0,Jacket,Zara,Fashion,purchase,200,1778597805
,browser,Philippines,2024-07-19,56.0,Football,Adidas,Sports,invalid,40,1778597805
413,casual,Vietnam,2024-11-24,16.0,Running Shoes,Nike,Fashion,view,-120,1778597805
,buyer,Singapore,2024-05-17,9.0,Smart Watch,Fitbit,Electronics,click,400,1778597805
93,casual,Malaysia,2025-11-05,12.0,Wireless Mouse,Logitech,Electronics,click,-80,1778597805
421,browser,Singapore,2025-06-24,,Skipping Rope,Decathlon,Sports,view,20,1778597805
280,browser,Malaysia,2025-12-26,55.0,Nail Polish,O.P.I,Beauty,view,15,1778597805
235,browser,Singapore,2024-10-03,2.0,Samsung Galaxy S23,Samsung,Electronics,view,1000,1778597805
139,buyer,Malaysia,2025-10-22,38.0,Toaster,Philips,Home,view,70,1778597805
431,casual,Malaysia,2025-11-11,47.0,Moisturizer,Nivea,Beauty,purchase,-40,1778597805
5,casual,Indonesia,2024-12-26,62.0,Cycling Helmet,Giro,Sports,click,160,1778597805
306,browser,Malaysia,2026-04-15,4045.0,iPad Air,Apple,Electronics,view,6300,1778597805
359,buyer,Malaysia,2024-06-25,55.0,Nail Polish,O.P.I,Beauty,view,15,1778597805
,buyer,Malaysia,2025-08-16,60.0,Dumbbells,Decathlon,Sports,view,150,1778597805
359,buyer,Singapore,2024-09-09,63.0,Skipping Rope,Decathlon,Sports,click,160,1778597805
unknown_user,casual,Malaysia,2024-12-12,2732.0,Sneakers,Adidas,Fashion,click,150,1778597805
409,browser,Singapore,2024-10-16,,Coffee Maker,Philips,Home,view,150,1778597805
unknown_user,browser,Malaysia,2024-08-27,,Sony Headphones,Sony,Electronics,click,300,1778597805
223,browser,Malaysia,2024-09-28,23.0,Cap,Nike,Fashion,click,30,1778597805
,casual,Singapore,2025-05-18,14.0,External SSD,Samsung,Electronics,purchase,200,1778597805
425,browser,Singapore,2024-08-17,14.0,External SSD,Samsung,Electronics,view,200,1778597805
,browser,Thailand,2025-04-18,53.0,Sunscreen,Nivea,Beauty,view,35,1778597805
24,browser,Malaysia,2025-05-29,63.0,Skipping Rope,Decathlon,Sports,invalid,20,1778597805
20,buyer,Indonesia,2024-07-25,46.0,Face Cleanser,Nivea,,view,30,1778597805
393,casual,Indonesia,2025-06-10,27.0,Sports Shorts,Nike,Fashion,view,50,1778597805
153,browser,Singapore,2025-09-28,,Bed Frame,Ikea,Home,click,900,1778597805
458,buyer,Singapore,2025-08-08,24.0,Sunglasses,Ray-Ban,Fashion,invalid,180,1778597805
395,browser,Malaysia,2025-01-05,37.0,Microwave Oven,Samsung,Home,view,-750,1778597805
,browser,Malaysia,2025-05-26,34.0,Blender,Philips,Home,view,-100,1778597805
96,buyer,Malaysia,2024-11-06,56.0,Football,Adidas,Sports,purchase,120,1778597805
239,casual,Vietnam,2024-12-02,33.0,Vacuum Cleaner,Dyson,Home,purchase,300,1778597805
195,casual,Thailand,2024-09-23,1675.0,Curtains,Ikea,Home,view,120,1778597805
429,casual,Philippines,2025-02-01,10.0,Gaming Laptop,Asus,Electronics,click,2200,1778597805
314,buyer,Malaysia,2026-01-04,3258.0,Football,Adidas,Sports,click,40,1778597805
311,casual,Singapore,2025-12-31,2033.0,Perfume,Dior,Beauty,invalid,150,1778597805
411,browser,Malaysia,2026-03-03,54.0,Body Lotion,Dove,Beauty,invalid,25,1778597805
280,browser,Philippines,2026-02-10,3142.0,Jacket,Zara,Fashion,view,200,1778597805
200,casual,Philippines,2026-02-21,57.0,Basketball,Nike,Sports,view,250,1778597805
,browser,Malaysia,2024-09-12,37.0,Microwave Oven,Samsung,Home,view,250,1778597805
12,buyer,Singapore,2025-11-25,64.0,Gym Bag,Nike,Sports,click,360,1778597805
420,buyer,Indonesia,2024-11-06,28.0,Formal Shirt,Zara,Fashion,purchase,90,1778597805
279,casual,Malaysia,2025-12-15,28.0,Formal Shirt,Zara,Fashion,view,90,1778597805
219,browser,Thailand,2024-09-13,10.0,Gaming Laptop,Asus,Electronics,click,2200,1778597805
115,casual,Thailand,2025-06-01,18.0,Jeans,Levi's,Fashion,purchase,80,1778597805
163,casual,Malaysia,2025-09-10,,Curtains,Ikea,Home,view,120,1778597805
,browser,Thailand,2025-04-10,33.0,Vacuum Cleaner,Dyson,Home,view,300,1778597805
95,browser,Malaysia,2025-03-25,5.0,iPad Air,Apple,Electronics,view,9000,1778597805
115,browser,Thailand,2024-07-02,38.0,Toaster,Philips,Home,view,70,1778597805
481,casual,Malaysia,2024-07-11,22.0,Hoodie,Puma,,view,-540,1778597805
,browser,Singapore,2025-01-15,31.0,Coffee Maker,Philips,Home,view,-900,1778597805
87,casual,Philippines,2025-05-19,57.0,Basketball,Nike,Sports,view,-50,1778597805
,buyer,Malaysia,2024-08-04,16.0,Running Shoes,Nike,Fashion,purchase,120,1778597805
237,buyer,Singapore,2024-08-17,35.0,Rice Cooker,Panasonic,Home,purchase,480,1778597805
unknown_user,browser,Malaysia,2025-07-21,64.0,Gym Bag,Nike,Sports,view,90,1778597805
33,browser,Malaysia,2024-11-27,60.0,Dumbbells,Decathlon,Sports,view,150,1778597805
,buyer,Malaysia,2025-06-13,65.0,Water Bottle,Stanley,Sports,view,-25,1778597805
193,buyer,Malaysia,2024-11-20,,Face Cleanser,Nivea,Beauty,view,210,1778597805
226,casual,Malaysia,2025-01-25,64.0,Gym Bag,Nike,Sports,view,90,1778597805
248,browser,Singapore,2024-12-20,,AirPods Pro,Apple,Electronics,view,1250,1778597805
229,browser,Indonesia,2024-08-07,12.0,Wireless Mouse,Logitech,Electronics,view,80,1778597805
310,browser,Malaysia,2024-09-04,2582.0,iPad Air,Apple,Electronics,view,900,1778597805
,browser,Philippines,2024-12-09,,Smart Watch,Fitbit,Electronics,view,400,1778597805
425,browser,Malaysia,2026-04-12,48.0,Lipstick,Maybelline,Beauty,click,50,1778597805
57,browser,Malaysia,2025-05-19,,Perfume,Dior,,click,150,1778597805
58,casual,Indonesia,2024-11-04,12.0,Wireless Mouse,Logitech,Electronics,invalid,80,1778597805
355,browser,Thailand,2025-04-28,31.0,Coffee Maker,Philips,Home,view,150,1778597805
,browser,Malaysia,2025-07-28,,Mechanical Keyboard,Logitech,Electronics,click,150,1778597805
141,browser,Malaysia,2024-12-05,47.0,Moisturizer,Nivea,Beauty,view,320,1778597805
,browser,Indonesia,2026-03-17,4.0,Dell XPS 13,Dell,Electronics,view,1800,1778597805
55,buyer,Singapore,2025-09-20,37.0,Microwave Oven,Samsung,,purchase,250,1778597805
unknown_user,browser,Indonesia,2025-10-15,1704.0,Dress,H&M,Fashion,view,120,1778597805
89,casual,Singapore,2026-01-15,3780.0,Treadmill,Technogym,Sports,purchase,1500,1778597805
unknown_user,casual,Indonesia,2024-10-25,13.0,4K Monitor,LG,Electronics,view,600,1778597805
329,buyer,Thailand,2025-04-22,,Leather Belt,Levi's,Fashion,purchase,-60,1778597805
277,browser,Malaysia,2026-02-20,66.0,Python Programming Book,O'Reilly,Books,invalid,50,1778597805
243,buyer,Philippines,2024-05-26,64.0,Gym Bag,Nike,Sports,invalid,90,1778597805
unknown_user,buyer,Thailand,2024-07-19,12.0,Wireless Mouse,Logitech,Electronics,view,80,1778597805
unknown_user,buyer,Indonesia,2024-11-10,50.0,Shampoo,Dove,Beauty,click,20,1778597805
443,browser,Singapore,2024-06-07,44.0,Curtains,Ikea,,click,120,1778597805
267,browser,Malaysia,2024-10-31,21.0,Dress,H&M,Fashion,view,120,1778597805
215,casual,Indonesia,2025-03-07,1.0,iPhone 15,Apple,Electronics,view,1200,1778597805
183,casual,Thailand,2025-12-26,56.0,Football,Adidas,Sports,view,40,1778597805
458,casual,Malaysia,2026-02-28,19.0,T-Shirt,Uniqlo,Fashion,purchase,40,1778597805
298,buyer,Malaysia,2025-05-24,45.0,Wall Clock,Generic,Home,invalid,40,1778597805
116,casual,Thailand,2026-02-22,2018.0,Dining Table,Ikea,,view,800,1778597805
392,browser,Malaysia,2026-03-02,4.0,Dell XPS 13,Dell,,view,16200,1778597805
160,buyer,Indonesia,2025-11-08,38.0,Toaster,Philips,,click,70,1778597805
179,browser,Singapore,2025-03-09,22.0,Hoodie,Puma,Fashion,view,90,1778597805
469,buyer,Thailand,2025-10-28,63.0,Skipping Rope,Decathlon,Sports,purchase,-40,1778597805
376,browser,Singapore,2025-09-16,8.0,AirPods Pro,Apple,Electronics,view,250,1778597805
297,buyer,Malaysia,2025-02-03,41.0,Bed Frame,Ikea,,invalid,6300,1778597805
417,browser,Singapore,2025-05-29,64.0,Gym Bag,Nike,Sports,view,90,1778597805
490,browser,Indonesia,2026-01-28,34.0,Blender,Philips,Home,view,100,1778597805
,browser,Thailand,2024-12-06,67.0,Data Science Handbook,Packt,Books,view,70,1778597805
409,browser,Thailand,2025-01-12,26.0,Backpack,Adidas,Fashion,view,100,1778597805
373,browser,Malaysia,2024-12-16,40.0,Office Chair,Ikea,Home,view,200,1778597805
158,casual,Malaysia,2025-11-08,69.0,Business Strategy Book,Harvard Press,Books,click,60,1778597805
unknown_user,browser,Malaysia,2025-05-23,4766.0,Sony Headphones,Sony,Electronics,view,300,1778597805
174,browser,Malaysia,2025-10-13,1842.0,Skipping Rope,Decathlon,Sports,click,-20,1778597805
85,browser,Malaysia,2025-08-10,10.0,Gaming Laptop,Asus,Electronics,click,2200,1778597805
,browser,Singapore,2026-02-16,2519.0,Sneakers,Adidas,Fashion,view,150,1778597805
16,casual,Singapore,2024-11-29,11.0,Mechanical Keyboard,Logitech,Electronics,click,150,1778597805
unknown_user,browser,Malaysia,2026-01-06,54.0,Body Lotion,Dove,Beauty,view,25,1778597805
218,browser,Singapore,2025-03-17,45.0,Wall Clock,Generic,Home,view,280,1778597805
473,browser,Thailand,2025-04-21,62.0,Cycling Helmet,Giro,Sports,view,80,1778597805
308,browser,Indonesia,2025-05-05,3432.0,Cycling Helmet,Giro,Sports,view,80,1778597805
290,browser,Malaysia,2025-05-11,4009.0,T-Shirt,Uniqlo,Fashion,view,40,1778597805
48,browser,Indonesia,2024-09-30,27.0,Sports Shorts,Nike,Fashion,view,50,1778597805
308,casual,Thailand,2025-12-23,57.0,Basketball,Nike,Sports,view,50,1778597805
85,browser,Malaysia,2026-04-18,12.0,Wireless Mouse,Logitech,Electronics,view,80,1778597805
147,browser,Indonesia,2024-09-18,2.0,Samsung Galaxy S23,Samsung,Electronics,view,1000,1778597805
130,casual,Malaysia,2024-06-02,,Desk Lamp,Philips,Home,view,50,1778597805
107,browser,Malaysia,2025-04-04,30.0,Watch,Casio,Fashion,view,1500,1778597805
398,browser,Vietnam,2024-12-04,37.0,Microwave Oven,Samsung,Home,view,250,1778597805
68,casual,Malaysia,2024-07-06,,Lipstick,Maybelline,Beauty,view,25,1778597805
327,casual,Vietnam,2025-04-23,4.0,Dell XPS 13,Dell,Electronics,purchase,1800,1778597805
309,browser,Thailand,2025-03-16,26.0,Backpack,Adidas,Fashion,view,100,1778597805
451,casual,Vietnam,2025-11-17,21.0,Dress,H&M,,purchase,120,1778597805
494,browser,Vietnam,2025-04-29,53.0,Sunscreen,Nivea,Beauty,view,35,1778597805
239,browser,Indonesia,2025-03-25,25.0,Leather Belt,Levi's,Fashion,view,60,1778597805
,browser,Indonesia,2025-12-17,2.0,Samsung Galaxy S23,Samsung,Electronics,view,9000,1778597805
180,buyer,Indonesia,2025-08-27,,Hair Dryer,Philips,,purchase,80,1778597805
304,buyer,Thailand,2024-07-14,24.0,Sunglasses,Ray-Ban,Fashion,purchase,180,1778597805
71,casual,Singapore,2024-10-23,26.0,Backpack,Adidas,Fashion,view,100,1778597805
161,browser,Singapore,2026-01-13,2172.0,Leather Belt,Levi's,Fashion,view,60,1778597805
,browser,Malaysia,2025-03-10,50.0,Shampoo,Dove,Beauty,click,-20,1778597805
164,buyer,Singapore,2025-10-20,18.0,Jeans,Levi's,Fashion,view,720,1778597805
354,browser,Malaysia,2024-07-23,20.0,Jacket,Zara,Fashion,click,200,1778597805
unknown_user,casual,Malaysia,2026-03-15,21.0,Dress,H&M,Fashion,view,120,1778597805
27,browser,Singapore,2024-06-10,15.0,Bluetooth Speaker,JBL,Electronics,view,120,1778597805
224,browser,Singapore,2025-12-19,8.0,AirPods Pro,Apple,Electronics,view,250,1778597805
218,casual,Malaysia,2024-05-13,4.0,Dell XPS 13,Dell,Electronics,purchase,1800,1778597805
356,browser,Singapore,2024-06-14,,Bed Frame,Ikea,Home,view,900,1778597805
446,browser,Malaysia,2024-12-16,4344.0,Hoodie,Puma,Fashion,view,180,1778597805
213,browser,Vietnam,2024-07-04,15.0,Bluetooth Speaker,JBL,,view,120,1778597805
21,browser,Vietnam,2025-04-13,37.0,Microwave Oven,Samsung,Home,invalid,250,1778597805
322,buyer,Malaysia,2025-03-18,61.0,Treadmill,Technogym,Sports,click,1500,1778597805
495,browser,Singapore,2025-10-09,12.0,Wireless Mouse,Logitech,Electronics,click,80,1778597805
366,browser,Malaysia,2025-04-09,,Toaster,Philips,Home,view,70,1778597805
273,casual,Indonesia,2024-07-31,,Skipping Rope,Decathlon,Sports,click,20,1778597805
170,browser,Singapore,2026-01-18,36.0,Electric Kettle,Tefal,Home,view,480,1778597805
263,buyer,Malaysia,2025-07-25,20.0,Jacket,Zara,Fashion,purchase,200,1778597805
197,browser,Vietnam,2025-02-07,15.0,Bluetooth Speaker,JBL,Electronics,view,-120,1778597805
,casual,Indonesia,2025-08-08,22.0,Hoodie,Puma,Fashion,view,630,1778597805
275,browser,Singapore,2025-07-22,23.0,Cap,Nike,Fashion,view,30,1778597805
499,casual,Malaysia,2025-01-22,24.0,Sunglasses,Ray-Ban,Fashion,view,180,1778597805
342,browser,Indonesia,2024-06-11,63.0,Skipping Rope,Decathlon,Sports,purchase,20,1778597805
457,browser,Malaysia,2025-11-24,3964.0,Sofa,Ikea,Home,view,9600,1778597805
468,browser,Thailand,2024-07-18,,Sony Headphones,Sony,Electronics,view,300,1778597805
248,casual,Malaysia,2025-06-26,,Electric Kettle,Tefal,Home,view,60,1778597805
397,browser,Vietnam,2025-12-23,16.0,Running Shoes,Nike,Fashion,view,120,1778597805
223,browser,Indonesia,2024-12-03,,Formal Shirt,Zara,Fashion,view,450,1778597805
48,casual,Singapore,2025-05-10,25.0,Leather Belt,Levi's,Fashion,view,-60,1778597805
369,casual,Thailand,2026-04-21,34.0,Blender,Philips,Home,invalid,100,1778597805
,browser,Malaysia,2025-06-25,,Electric Kettle,Tefal,Home,view,-60,1778597805
235,browser,Malaysia,2025-10-06,56.0,Football,Adidas,Sports,view,40,1778597805
495,buyer,Thailand,2025-01-20,25.0,Leather Belt,Levi's,Fashion,purchase,240,1778597805
,buyer,Malaysia,2026-01-14,37.0,Microwave Oven,Samsung,,view,-2000,1778597805
325,browser,Singapore,2025-01-15,51.0,Hair Dryer,Philips,,view,80,1778597805
352,browser,Indonesia,2024-09-01,32.0,Air Fryer,Xiaomi,Home,purchase,180,1778597805
498,browser,Singapore,2025-06-06,47.0,Moisturizer,Nivea,Beauty,click,40,1778597805
276,browser,Malaysia,2024-08-20,68.0,Machine Learning Guide,O'Reilly,Books,purchase,80,1778597805
,browser,Singapore,2024-10-26,22.0,Hoodie,Puma,Fashion,click,90,1778597805
,casual,Malaysia,2026-02-18,1904.0,Vacuum Cleaner,Dyson,Home,invalid,1800,1778597805
484,casual,Singapore,2025-10-30,17.0,Sneakers,Adidas,Fashion,click,150,1778597805
364,browser,Indonesia,2025-03-02,9.0,Smart Watch,Fitbit,Electronics,view,400,1778597805
332,buyer,Philippines,2025-09-26,3392.0,Samsung Tablet,Samsung,,click,700,1778597805
unknown_user,browser,Thailand,2024-09-21,25.0,Leather Belt,Levi's,Fashion,view,60,1778597805
169,browser,Singapore,2024-09-09,23.0,Cap,Nike,Fashion,view,-30,1778597805
11,browser,Malaysia,2025-12-24,27.0,Sports Shorts,Nike,Fashion,click,50,1778597805
266,browser,Thailand,2025-02-12,39.0,Dining Table,Ikea,Home,click,-800,1778597805
,browser,Singapore,2024-05-23,2022.0,Self Development Book,Penguin,Books,view,40,1778597805
76,browser,Malaysia,2025-10-19,5.0,iPad Air,Apple,Electronics,click,900,1778597805
,casual,Singapore,2026-05-10,14.0,External SSD,Samsung,Electronics,click,200,1778597805
20,browser,Malaysia,2025-06-28,57.0,Basketball,Nike,Sports,invalid,50,1778597805
,buyer,Malaysia,2024-09-22,20.0,Jacket,Zara,Fashion,view,200,1778597805
394,casual,Indonesia,2025-08-04,2.0,Samsung Galaxy S23,Samsung,Electronics,invalid,-1000,1778597805
,casual,Malaysia,2025-01-14,26.0,Backpack,Adidas,Fashion,click,-100,1778597805
239,casual,Indonesia,2024-08-26,17.0,Sneakers,Adidas,Fashion,view,150,1778597805
unknown_user,browser,Thailand,2024-11-11,37.0,Microwave Oven,Samsung,Home,view,250,1778597805
,browser,Indonesia,2025-12-21,46.0,Face Cleanser,Nivea,Beauty,click,30,1778597805
,browser,Indonesia,2025-06-24,4637.0,Hoodie,Puma,Fashion,view,270,1778597805
23,casual,Thailand,2025-04-21,17.0,Sneakers,Adidas,Fashion,view,150,1778597805
322,casual,Vietnam,2026-02-05,1185.0,Gaming Laptop,Asus,Electronics,purchase,2200,1778597805
,casual,Malaysia,2024-12-26,3.0,MacBook Pro,Apple,Electronics,view,2500,1778597805
224,casual,Indonesia,2024-09-23,32.0,Air Fryer,Xiaomi,Home,click,-1620,1778597805
342,buyer,Singapore,2025-03-23,20.0,Jacket,Zara,Fashion,purchase,200,1778597805
8,casual,Malaysia,2024-07-13,,Curtains,Ikea,Home,invalid,120,1778597805
unknown_user,browser,Malaysia,2026-04-04,53.0,Sunscreen,Nivea,Beauty,view,35,1778597805
,casual,Singapore,2025-08-31,54.0,Body Lotion,Dove,Beauty,view,-25,1778597805
343,casual,Malaysia,2025-02-03,34.0,Blender,Philips,Home,invalid,100,1778597805
171,browser,Malaysia,2025-06-06,3.0,MacBook Pro,Apple,Electronics,click,2500,1778597805
287,casual,Singapore,2026-03-17,,Smart Watch,Fitbit,Electronics,invalid,1200,1778597805
,casual,Indonesia,2025-08-07,4.0,Dell XPS 13,Dell,Electronics,view,1800,1778597805
281,buyer,Thailand,2024-11-01,30.0,Watch,Casio,Fashion,invalid,250,1778597805
323,browser,Singapore,2024-08-15,41.0,Bed Frame,Ikea,Home,view,8100,1778597805
156,casual,Malaysia,2025-09-22,12.0,Wireless Mouse,Logitech,Electronics,view,80,1778597805
,browser,Singapore,2025-02-26,44.0,Curtains,Ikea,Home,view,120,1778597805
unknown_user,buyer,Malaysia,2025-10-24,4605.0,Bed Frame,Ikea,Home,click,900,1778597805
57,buyer,Singapore,2024-11-12,37.0,Microwave Oven,Samsung,Home,view,250,1778597805
354,casual,Singapore,2024-08-12,52.0,Makeup Kit,Maybelline,Beauty,purchase,120,1778597805
5,browser,Malaysia,2025-05-30,24.0,Sunglasses,Ray-Ban,Fashion,view,180,1778597805
447,casual,Malaysia,2024-06-04,18.0,Jeans,Levi's,Fashion,view,80,1778597805
209,buyer,Malaysia,2025-05-07,12.0,Wireless Mouse,Logitech,Electronics,view,80,1778597805
424,casual,Malaysia,2024-07-20,70.0,Self Development Book,Penguin,Books,purchase,40,1778597805
14,browser,Malaysia,2025-05-25,2.0,Samsung Galaxy S23,Samsung,Electronics,view,1000,1778597805
267,buyer,Malaysia,2025-10-03,33.0,Vacuum Cleaner,Dyson,Home,purchase,300,1778597805
252,casual,Thailand,2026-02-12,4962.0,Wall Clock,Generic,Home,click,-40,1778597805
297,buyer,Malaysia,2025-06-09,9.0,Smart Watch,Fitbit,Electronics,purchase,400,1778597805
485,browser,Philippines,2025-10-20,,Samsung Galaxy S23,Samsung,,view,1000,1778597805
354,buyer,Malaysia,2024-05-28,53.0,Sunscreen,Nivea,Beauty,purchase,35,1778597805
400,buyer,Malaysia,2026-03-10,4973.0,Business Strategy Book,Harvard Press,Books,purchase,240,1778597805
,buyer,Malaysia,2024-09-30,61.0,Treadmill,Technogym,Sports,purchase,1500,1778597805
206,buyer,Malaysia,2024-06-17,16.0,Running Shoes,Nike,Fashion,click,-120,1778597805
60,browser,Singapore,2025-04-22,35.0,Rice Cooker,Panasonic,Home,view,120,1778597805
401,buyer,Philippines,2026-01-29,1656.0,Self Development Book,Penguin,Books,purchase,40,1778597805
69,buyer,Singapore,2025-09-26,12.0,Wireless Mouse,Logitech,Electronics,invalid,-80,1778597805
32,casual,Malaysia,2024-07-02,2986.0,Sandals,Havaianas,Fashion,purchase,70,1778597805
unknown_user,casual,Malaysia,2024-07-22,35.0,Rice Cooker,Panasonic,Home,view,120,1778597805
71,browser,Malaysia,2026-03-28,44.0,Curtains,Ikea,,view,120,1778597805
420,browser,Malaysia,2025-01-17,42.0,Sofa,Ikea,Home,view,1200,1778597805
123,buyer,Malaysia,2026-03-10,46.0,Face Cleanser,Nivea,Beauty,click,30,1778597805
,casual,Thailand,2025-06-02,30.0,Watch,Casio,,click,250,1778597805
412,buyer,Malaysia,2025-11-07,,Perfume,Dior,Beauty,view,150,1778597805
319,browser,Malaysia,2024-10-22,3282.0,Dell XPS 13,Dell,Electronics,click,1800,1778597805
126,browser,Malaysia,2026-04-07,6.0,Samsung Tablet,Samsung,,view,700,1778597805
33,buyer,Indonesia,2025-09-18,1097.0,Dress,H&M,Fashion,purchase,120,1778597805
374,browser,Singapore,2025-09-15,,Backpack,Adidas,Fashion,view,100,1778597805
321,browser,Thailand,2026-04-08,,Gym Bag,Nike,Sports,view,-90,1778597805
127,casual,Singapore,2024-10-02,8.0,AirPods Pro,Apple,Electronics,view,250,1778597805
158,buyer,Singapore,2025-03-05,57.0,Basketball,Nike,Sports,view,150,1778597805
422,buyer,Malaysia,2025-06-02,2826.0,Hair Dryer,Philips,Beauty,purchase,80,1778597805
,browser,Singapore,2024-12-29,30.0,Watch,Casio,Fashion,view,-250,1778597805
232,browser,Malaysia,2024-12-14,15.0,Bluetooth Speaker,JBL,Electronics,view,120,1778597805
,casual,Vietnam,2024-10-04,16.0,Running Shoes,Nike,Fashion,invalid,-120,1778597805
319,casual,Malaysia,2025-01-28,47.0,Moisturizer,Nivea,,purchase,40,1778597805
436,casual,Malaysia,2025-02-09,39.0,Dining Table,Ikea,,view,800,1778597805
175,browser,Malaysia,2026-02-11,29.0,Sandals,Havaianas,,view,70,1778597805
456,casual,Singapore,2026-03-20,1.0,iPhone 15,Apple,Electronics,purchase,1200,1778597805
94,browser,Malaysia,2024-06-18,13.0,4K Monitor,LG,Electronics,view,4200,1778597805
78,browser,Singapore,2025-04-25,,Leather Belt,Levi's,,view,120,1778597805
176,browser,Singapore,2025-05-20,4960.0,Microwave Oven,Samsung,Home,click,250,1778597805
201,casual,Indonesia,2024-08-08,1.0,iPhone 15,Apple,Electronics,view,1200,1778597805
139,browser,Singapore,2024-11-05,3532.0,Sandals,Havaianas,Fashion,view,70,1778597805
126,buyer,Malaysia,2025-07-20,3139.0,Mechanical Keyboard,Logitech,Electronics,purchase,150,1778597805
93,casual,Indonesia,2024-09-25,25.0,Leather Belt,Levi's,Fashion,view,540,1778597805
99,buyer,Thailand,2024-06-26,7.0,Sony Headphones,Sony,Electronics,purchase,300,1778597805
9,browser,Thailand,2024-12-06,,Hair Dryer,Philips,Beauty,view,80,1778597805
467,browser,Thailand,2024-09-09,55.0,Nail Polish,O.P.I,Beauty,view,15,1778597805
443,browser,Indonesia,2024-07-11,4715.0,Nail Polish,O.P.I,Beauty,view,15,1778597805
unknown_user,casual,Malaysia,2024-09-06,2259.0,Python Programming Book,O'Reilly,,view,50,1778597805
400,buyer,Malaysia,2024-06-15,62.0,Cycling Helmet,Giro,Sports,purchase,-80,1778597805
459,buyer,Indonesia,2025-02-06,58.0,Tennis Racket,Wilson,Sports,purchase,200,1778597805
489,casual,Malaysia,2024-09-12,34.0,Blender,Philips,Home,click,100,1778597805
444,browser,Vietnam,2025-12-26,3.0,MacBook Pro,Apple,Electronics,invalid,2500,1778597805
unknown_user,buyer,Thailand,2024-05-18,27.0,Sports Shorts,Nike,Fashion,purchase,50,1778597805
208,buyer,Philippines,2025-09-30,2366.0,Bed Frame,Ikea,Home,invalid,900,1778597805
78,casual,Malaysia,2024-12-10,35.0,Rice Cooker,Panasonic,Home,click,120,1778597805
373,browser,Philippines,2026-03-17,22.0,Hoodie,Puma,Fashion,view,90,1778597805
213,casual,Philippines,2024-12-02,33.0,Vacuum Cleaner,Dyson,Home,view,300,1778597805
90,browser,Singapore,2024-06-14,62.0,Cycling Helmet,Giro,Sports,click,80,1778597805
,casual,Malaysia,2025-08-17,30.0,Watch,Casio,Fashion,purchase,250,1778597805
,browser,Malaysia,2025-02-07,17.0,Sneakers,Adidas,Fashion,view,150,1778597805
476,browser,Malaysia,2025-12-10,1.0,iPhone 15,Apple,,view,1200,1778597805
350,browser,Malaysia,2024-11-05,1977.0,Hair Dryer,Philips,Beauty,click,-80,1778597805
295,buyer,Malaysia,2024-10-29,14.0,External SSD,Samsung,Electronics,purchase,200,1778597805
unknown_user,casual,Malaysia,2025-02-23,4.0,Dell XPS 13,Dell,Electronics,view,1800,1778597805
220,casual,Thailand,2024-10-13,68.0,Machine Learning Guide,O'Reilly,,view,80,1778597805
460,browser,Indonesia,2024-09-29,21.0,Dress,H&M,Fashion,view,-120,1778597805
451,casual,Singapore,2025-05-28,15.0,Bluetooth Speaker,JBL,Electronics,click,1080,1778597805
245,browser,Thailand,2026-04-22,8.0,AirPods Pro,Apple,Electronics,view,250,1778597805
83,casual,Indonesia,2025-02-02,28.0,Formal Shirt,Zara,Fashion,click,90,1778597805
,browser,Singapore,2025-06-14,,Desk Lamp,Philips,Home,click,50,1778597805
114,browser,Malaysia,2024-12-19,60.0,Dumbbells,Decathlon,Sports,view,150,1778597805
486,browser,Thailand,2024-12-13,2.0,Samsung Galaxy S23,Samsung,Electronics,click,5000,1778597805
70,buyer,Singapore,2025-02-04,24.0,Sunglasses,Ray-Ban,Fashion,click,-180,1778597805
unknown_user,browser,Indonesia,2025-02-22,48.0,Lipstick,Maybelline,Beauty,invalid,125,1778597805
426,casual,Malaysia,2024-07-06,,Self Development Book,Penguin,Books,click,40,1778597805
unknown_user,buyer,Thailand,2025-11-10,27.0,Sports Shorts,Nike,Fashion,click,300,1778597805
191,browser,Malaysia,2025-11-19,1.0,iPhone 15,Apple,Electronics,view,1200,1778597805
457,browser,Indonesia,2026-03-14,3.0,MacBook Pro,Apple,Electronics,invalid,2500,1778597805
unknown_user,casual,Philippines,2024-07-03,63.0,Skipping Rope,Decathlon,Sports,view,20,1778597805
120,browser,Malaysia,2025-01-12,13.0,4K Monitor,LG,Electronics,view,600,1778597805
321,browser,Indonesia,2025-04-11,23.0,Cap,Nike,Fashion,view,30,1778597805
377,casual,Malaysia,2025-04-26,59.0,Yoga Mat,Decathlon,Sports,view,60,1778597805
407,browser,Indonesia,2026-02-11,50.0,Shampoo,Dove,Beauty,view,20,1778597805
267,casual,Philippines,2024-11-23,,Cap,Nike,Fashion,view,30,1778597805
256,browser,Vietnam,2024-10-03,28.0,Formal Shirt,Zara,Fashion,view,630,1778597805
477,casual,Singapore,2024-09-11,4.0,Dell XPS 13,Dell,,view,1800,1778597805
,buyer,Malaysia,2026-01-29,30.0,Watch,Casio,Fashion,view,250,1778597805
233,browser,Singapore,2026-01-18,46.0,Face Cleanser,Nivea,Beauty,click,120,1778597805
unknown_user,casual,Malaysia,2025-05-04,59.0,Yoga Mat,Decathlon,Sports,purchase,60,1778597805
23,casual,Malaysia,2025-04-06,33.0,Vacuum Cleaner,Dyson,Home,view,300,1778597805
unknown_user,browser,Malaysia,2025-02-17,17.0,Sneakers,Adidas,Fashion,view,150,1778597805
454,browser,Malaysia,2025-07-11,56.0,Football,Adidas,Sports,click,40,1778597805
128,buyer,Vietnam,2024-06-12,,Makeup Kit,Maybelline,Beauty,invalid,120,1778597805
unknown_user,casual,Singapore,2025-04-23,12.0,Wireless Mouse,Logitech,Electronics,view,80,1778597805
237,browser,Malaysia,2025-02-01,20.0,Jacket,Zara,Fashion,invalid,200,1778597805
481,browser,Thailand,2024-05-30,2246.0,Running Shoes,Nike,Fashion,view,120,1778597805
,casual,Malaysia,2024-12-12,25.0,Leather Belt,Levi's,Fashion,purchase,60,1778597805
456,browser,Singapore,2026-02-04,65.0,Water Bottle,Stanley,Sports,view,25,1778597805
59,casual,Malaysia,2025-06-14,49.0,Perfume,Dior,Beauty,view,150,1778597805
,browser,Indonesia,2026-04-13,4915.0,Dress,H&M,Fashion,view,-120,1778597805
287,casual,Singapore,2025-03-20,,Sofa,Ikea,Home,click,12000,1778597805
98,browser,Singapore,2026-02-19,52.0,Makeup Kit,Maybelline,Beauty,view,840,1778597805
264,browser,Singapore,2025-07-19,8.0,AirPods Pro,Apple,Electronics,purchase,-250,1778597805
330,buyer,Thailand,2024-07-24,1553.0,Dumbbells,Decathlon,Sports,invalid,900,1778597805
172,casual,Thailand,2024-11-22,49.0,Perfume,Dior,,click,150,1778597805
388,casual,Malaysia,2024-08-20,59.0,Yoga Mat,Decathlon,Sports,view,-600,1778597805
22,browser,Malaysia,2025-12-21,35.0,Rice Cooker,Panasonic,Home,click,120,1778597805
353,browser,Malaysia,2025-07-22,69.0,Business Strategy Book,Harvard Press,Books,view,60,1778597805
240,browser,Singapore,2025-10-30,24.0,Sunglasses,Ray-Ban,Fashion,view,180,1778597805
unknown_user,browser,Thailand,2024-12-22,17.0,Sneakers,Adidas,Fashion,view,150,1778597805
156,browser,Indonesia,2025-05-24,22.0,Hoodie,Puma,,view,90,1778597805
113,browser,Malaysia,2025-04-01,63.0,Skipping Rope,Decathlon,Sports,view,20,1778597805
458,browser,Thailand,2026-01-17,26.0,Backpack,Adidas,Fashion,view,900,1778597805
448,browser,Philippines,2025-04-14,53.0,Sunscreen,Nivea,Beauty,view,35,1778597805
unknown_user,buyer,Singapore,2024-10-16,,Leather Belt,Levi's,Fashion,view,180,1778597805
101,casual,Indonesia,2024-09-13,33.0,Vacuum Cleaner,Dyson,Home,invalid,2100,1778597805
437,casual,Malaysia,2024-10-16,23.0,Cap,Nike,Fashion,view,-30,1778597805
156,buyer,Malaysia,2025-10-20,62.0,Cycling Helmet,Giro,,click,80,1778597805
363,browser,Malaysia,2024-09-11,28.0,Formal Shirt,Zara,Fashion,view,90,1778597805
unknown_user,browser,Singapore,2025-08-05,25.0,Leather Belt,Levi's,,view,-60,1778597805
475,browser,Singapore,2025-09-24,4.0,Dell XPS 13,Dell,Electronics,click,1800,1778597805
,buyer,Thailand,2025-02-26,29.0,Sandals,Havaianas,Fashion,view,630,1778597805
232,browser,Malaysia,2025-11-26,30.0,Watch,Casio,Fashion,view,250,1778597805
190,casual,Malaysia,2025-05-16,64.0,Gym Bag,Nike,Sports,view,90,1778597805
,casual,Thailand,2025-02-14,25.0,Leather Belt,Levi's,,invalid,60,1778597805
166,casual,Singapore,2025-03-03,,Electric Kettle,Tefal,Home,invalid,360,1778597805
65,browser,Indonesia,2025-10-31,1.0,iPhone 15,Apple,Electronics,view,12000,1778597805
unknown_user,buyer,Malaysia,2026-02-17,,Curtains,Ikea,Home,purchase,120,1778597805
272,buyer,Malaysia,2025-04-23,37.0,Microwave Oven,Samsung,Home,view,500,1778597805
,casual,Indonesia,2026-03-28,69.0,Business Strategy Book,Harvard Press,Books,invalid,60,1778597805
474,browser,Malaysia,2025-09-01,56.0,Football,Adidas,Sports,view,120,1778597805
382,browser,Philippines,2024-09-27,,Toaster,Philips,Home,view,70,1778597805
367,browser,Indonesia,2025-04-02,14.0,External SSD,Samsung,Electronics,view,200,1778597805
44,browser,Indonesia,2025-02-25,29.0,Sandals,Havaianas,Fashion,view,70,1778597805
184,casual,Vietnam,2024-06-16,1.0,iPhone 15,Apple,Electronics,purchase,1200,1778597805
,browser,Vietnam,2024-09-24,13.0,4K Monitor,LG,Electronics,view,600,1778597805
447,browser,Malaysia,2025-07-29,3395.0,Bluetooth Speaker,JBL,Electronics,view,120,1778597805
,buyer,Indonesia,2025-08-23,36.0,Electric Kettle,Tefal,Home,purchase,60,1778597805
497,browser,Malaysia,2026-03-03,41.0,Bed Frame,Ikea,Home,view,900,1778597805
247,casual,Malaysia,2026-04-01,3.0,MacBook Pro,Apple,Electronics,purchase,2500,1778597805
77,browser,Malaysia,2026-01-18,41.0,Bed Frame,Ikea,Home,view,-900,1778597805
430,buyer,Singapore,2024-09-29,55.0,Nail Polish,O.P.I,,view,15,1778597805
285,browser,Malaysia,2026-03-01,,Office Chair,Ikea,,click,200,1778597805
343,browser,Malaysia,2025-12-07,,Perfume,Dior,Beauty,view,-150,1778597805
285,buyer,Singapore,2025-11-15,18.0,Jeans,Levi's,Fashion,purchase,80,1778597805
498,browser,Thailand,2025-05-10,2025.0,Basketball,Nike,Sports,click,50,1778597805
unknown_user,browser,Thailand,2025-07-15,28.0,Formal Shirt,Zara,Fashion,view,-90,1778597805
441,browser,Singapore,2025-04-22,57.0,Basketball,Nike,Sports,view,50,1778597805
300,casual,Singapore,2025-12-02,30.0,Watch,Casio,Fashion,view,-250,1778597805
,browser,Thailand,2025-05-29,13.0,4K Monitor,LG,Electronics,click,-600,1778597805
495,browser,Malaysia,2025-09-20,,Sony Headphones,Sony,,view,300,1778597805
187,casual,Singapore,2025-03-31,69.0,Business Strategy Book,Harvard Press,Books,click,240,1778597805
142,browser,Thailand,2026-04-16,11.0,Mechanical Keyboard,Logitech,Electronics,click,-150,1778597805
67,browser,Malaysia,2026-01-15,,Samsung Tablet,Samsung,Electronics,click,700,1778597805
,browser,Singapore,2025-12-27,,Perfume,Dior,Beauty,view,150,1778597805
171,browser,Malaysia,2025-08-15,1642.0,Backpack,Adidas,,view,100,1778597805
470,browser,Malaysia,2025-05-23,50.0,Shampoo,Dove,Beauty,view,20,1778597805
315,browser,Thailand,2026-01-19,,iPad Air,Apple,Electronics,view,6300,1778597805
unknown_user,browser,Singapore,2024-12-16,18.0,Jeans,Levi's,Fashion,view,560,1778597805
63,casual,Indonesia,2025-12-22,26.0,Backpack,Adidas,Fashion,view,100,1778597805
122,browser,Malaysia,2024-06-27,3707.0,Watch,Casio,,view,750,1778597805
unknown_user,browser,Malaysia,2026-04-05,30.0,Watch,Casio,Fashion,view,250,1778597805
493,casual,Malaysia,2025-04-11,36.0,Electric Kettle,Tefal,Home,view,60,1778597805
241,buyer,Thailand,2025-06-04,36.0,Electric Kettle,Tefal,Home,click,-60,1778597805
203,buyer,Singapore,2025-01-24,,Water Bottle,Stanley,Sports,click,25,1778597805
262,browser,Malaysia,2025-08-19,3560.0,iPhone 15,Apple,Electronics,view,6000,1778597805
488,casual,Philippines,2024-06-10,58.0,Tennis Racket,Wilson,Sports,view,1200,1778597805
178,browser,Thailand,2026-02-17,23.0,Cap,Nike,Fashion,view,180,1778597805
197,buyer,Singapore,2024-12-16,36.0,Electric Kettle,Tefal,Home,purchase,60,1778597805
,casual,Singapore,2026-04-05,11.0,Mechanical Keyboard,Logitech,Electronics,click,-150,1778597805
,buyer,Singapore,2025-12-24,56.0,Football,Adidas,Sports,click,40,1778597805
113,browser,Thailand,2024-10-06,4601.0,Bed Frame,Ikea,Home,view,900,1778597805
265,casual,Singapore,2025-08-10,1887.0,Air Fryer,Xiaomi,Home,view,180,1778597805
457,browser,Indonesia,2025-07-28,2426.0,AirPods Pro,Apple,Electronics,click,-250,1778597805
205,browser,Malaysia,2024-09-18,,Dumbbells,Decathlon,Sports,view,150,1778597805
484,browser,Singapore,2025-08-20,48.0,Lipstick,Maybelline,Beauty,invalid,25,1778597805
369,browser,Malaysia,2024-06-26,,Water Bottle,Stanley,,view,25,1778597805
,buyer,Vietnam,2026-01-03,17.0,Sneakers,Adidas,,view,150,1778597805
363,casual,Malaysia,2024-10-06,70.0,Self Development Book,Penguin,Books,view,400,1778597805
24,browser,Singapore,2024-06-03,64.0,Gym Bag,Nike,Sports,click,90,1778597805
90,browser,Thailand,2026-04-05,40.0,Office Chair,Ikea,Home,view,200,1778597805
207,browser,Indonesia,2026-02-09,11.0,Mechanical Keyboard,Logitech,Electronics,view,150,1778597805
,browser,Indonesia,2025-03-08,61.0,Treadmill,Technogym,Sports,view,1500,1778597805
259,casual,Singapore,2025-08-14,33.0,Vacuum Cleaner,Dyson,Home,purchase,300,1778597805
unknown_user,buyer,Vietnam,2025-09-28,,Perfume,Dior,Beauty,view,150,1778597805
387,browser,Singapore,2024-07-29,62.0,Cycling Helmet,Giro,Sports,view,80,1778597805
105,browser,Malaysia,2024-12-22,23.0,Cap,Nike,,view,30,1778597805
,casual,Thailand,2024-07-06,2662.0,Vacuum Cleaner,Dyson,Home,click,300,1778597805
unknown_user,browser,Indonesia,2026-01-29,,Wall Clock,Generic,Home,view,40,1778597805
429,buyer,Malaysia,2024-11-23,13.0,4K Monitor,LG,,click,3000,1778597805
,casual,Philippines,2025-06-28,42.0,Sofa,Ikea,Home,click,-1200,1778597805
369,browser,Singapore,2025-02-23,10.0,Gaming Laptop,Asus,Electronics,view,17600,1778597805
423,browser,Malaysia,2025-12-09,28.0,Formal Shirt,Zara,,view,900,1778597805
302,browser,Indonesia,2025-02-22,25.0,Leather Belt,Levi's,Fashion,view,-60,1778597805
,browser,Singapore,2024-06-11,24.0,Sunglasses,Ray-Ban,Fashion,view,900,1778597805
202,buyer,Singapore,2025-07-01,15.0,Bluetooth Speaker,JBL,Electronics,click,120,1778597805
173,casual,Singapore,2024-10-17,3525.0,Body Lotion,Dove,Beauty,invalid,25,1778597805
353,buyer,Malaysia,2025-04-06,22.0,Hoodie,Puma,Fashion,purchase,90,1778597805
unknown_user,buyer,Malaysia,2025-11-04,3.0,MacBook Pro,Apple,Electronics,purchase,2500,1778597805
,browser,Malaysia,2025-03-30,44.0,Curtains,Ikea,,view,480,1778597805
49,casual,Singapore,2025-08-26,30.0,Watch,Casio,Fashion,purchase,250,1778597805
499,browser,Malaysia,2024-11-03,36.0,Electric Kettle,Tefal,Home,view,60,1778597805
447,casual,Thailand,2025-05-04,60.0,Dumbbells,Decathlon,Sports,click,150,1778597805
181,browser,Thailand,2024-07-23,33.0,Vacuum Cleaner,Dyson,Home,view,300,1778597805
,casual,Malaysia,2024-05-15,29.0,Sandals,Havaianas,Fashion,view,70,1778597805
230,browser,Singapore,2025-11-08,,Gym Bag,Nike,Sports,view,-90,1778597805
86,buyer,Philippines,2024-12-05,68.0,Machine Learning Guide,O'Reilly,Books,purchase,80,1778597805
unknown_user,browser,Malaysia,2025-10-12,62.0,Cycling Helmet,Giro,Sports,view,80,1778597805
37,buyer,Malaysia,2025-10-06,35.0,Rice Cooker,Panasonic,Home,invalid,120,1778597805
244,casual,Singapore,2025-04-12,62.0,Cycling Helmet,Giro,Sports,view,80,1778597805
,browser,Malaysia,2025-09-29,63.0,Skipping Rope,Decathlon,,click,20,1778597805
128,casual,Singapore,2025-08-15,63.0,Skipping Rope,Decathlon,Sports,purchase,20,1778597805
261,casual,Malaysia,2025-09-22,,iPad Air,Apple,Electronics,invalid,900,1778597805
146,buyer,Indonesia,2025-01-13,26.0,Backpack,Adidas,Fashion,invalid,800,1778597805
472,browser,Thailand,2026-05-01,28.0,Formal Shirt,Zara,Fashion,click,90,1778597805
,browser,Malaysia,2025-12-20,39.0,Dining Table,Ikea,Home,view,800,1778597805
,browser,Singapore,2024-11-13,1.0,iPhone 15,Apple,Electronics,invalid,1200,1778597805
348,buyer,Singapore,2025-04-15,18.0,Jeans,Levi's,Fashion,purchase,400,1778597805
276,buyer,Singapore,2026-05-12,49.0,Perfume,Dior,Beauty,click,150,1778597805
70,casual,Malaysia,2025-08-12,59.0,Yoga Mat,Decathlon,Sports,view,540,1778597805
unknown_user,buyer,Malaysia,2025-03-03,66.0,Python Programming Book,O'Reilly,Books,click,50,1778597805
unknown_user,casual,Singapore,2025-10-16,,Perfume,Dior,Beauty,view,150,1778597805
294,casual,Indonesia,2025-07-15,11.0,Mechanical Keyboard,Logitech,Electronics,view,1500,1778597805
341,browser,Singapore,2025-12-02,65.0,Water Bottle,Stanley,Sports,view,25,1778597805
291,browser,Malaysia,2024-06-09,12.0,Wireless Mouse,Logitech,Electronics,view,80,1778597805
81,casual,Indonesia,2024-11-10,4453.0,4K Monitor,LG,Electronics,click,600,1778597805
243,browser,Singapore,2024-11-01,63.0,Skipping Rope,Decathlon,Sports,click,120,1778597805
23,browser,Malaysia,2025-08-28,57.0,Basketball,Nike,Sports,click,-50,1778597805
351,browser,Malaysia,2025-12-01,23.0,Cap,Nike,Fashion,click,120,1778597805
245,casual,Singapore,2024-11-16,25.0,Leather Belt,Levi's,Fashion,view,60,1778597805
unknown_user,casual,Malaysia,2026-01-02,42.0,Sofa,Ikea,Home,click,1200,1778597805
397,casual,Malaysia,2024-06-30,30.0,Watch,Casio,Fashion,view,250,1778597805
339,browser,Philippines,2026-05-01,25.0,Leather Belt,Levi's,Fashion,view,60,1778597805
238,casual,Vietnam,2024-06-16,4219.0,iPad Air,Apple,Electronics,click,900,1778597805
187,casual,Philippines,2024-06-17,9.0,Smart Watch,Fitbit,Electronics,click,400,1778597805
499,casual,Malaysia,2024-09-21,69.0,Business Strategy Book,Harvard Press,Books,invalid,60,1778597805
346,buyer,Singapore,2025-01-07,,Dress,H&M,,view,120,1778597805
377,buyer,Malaysia,2025-05-21,31.0,Coffee Maker,Philips,Home,purchase,150,1778597805
unknown_user,browser,Malaysia,2025-03-08,16.0,Running Shoes,Nike,Fashion,view,240,1778597805
57,browser,Singapore,2025-03-15,21.0,Dress,H&M,Fashion,click,120,1778597805
257,buyer,Singapore,2024-10-14,59.0,Yoga Mat,Decathlon,Sports,click,60,1778597805
98,browser,Singapore,2024-11-02,69.0,Business Strategy Book,Harvard Press,Books,view,-60,1778597805
116,buyer,Malaysia,2025-05-19,5.0,iPad Air,Apple,Electronics,view,9000,1778597805
164,casual,Thailand,2024-10-05,15.0,Bluetooth Speaker,JBL,Electronics,view,1080,1778597805
119,browser,Thailand,2026-01-08,52.0,Makeup Kit,Maybelline,Beauty,view,120,1778597805
unknown_user,casual,Philippines,2025-10-16,2346.0,Lipstick,Maybelline,Beauty,purchase,-125,1778597805
257,casual,Malaysia,2025-06-29,32.0,Air Fryer,Xiaomi,Home,view,180,1778597805
146,browser,Malaysia,2025-09-01,20.0,Jacket,Zara,Fashion,click,200,1778597805
2,buyer,Indonesia,2024-08-27,10.0,Gaming Laptop,Asus,Electronics,view,2200,1778597805
240,browser,Thailand,2024-11-09,2555.0,iPad Air,Apple,Electronics,view,900,1778597805
,buyer,Malaysia,2024-12-12,4511.0,Rice Cooker,Panasonic,Home,purchase,120,1778597805
32,browser,Malaysia,2024-11-18,12.0,Wireless Mouse,Logitech,Electronics,view,80,1778597805
,browser,Malaysia,2025-10-25,43.0,Desk Lamp,Philips,Home,view,50,1778597805
388,buyer,Malaysia,2024-12-31,69.0,Business Strategy Book,Harvard Press,Books,purchase,360,1778597805
343,browser,Singapore,2025-11-01,38.0,Toaster,Philips,Home,view,70,1778597805
164,browser,Malaysia,2024-06-27,54.0,Body Lotion,Dove,Beauty,view,25,1778597805
46,buyer,Malaysia,2024-10-07,64.0,Gym Bag,Nike,Sports,view,90,1778597805
46,buyer,Malaysia,2025-12-29,66.0,Python Programming Book,O'Reilly,Books,click,50,1778597805
390,browser,Indonesia,2025-12-20,45.0,Wall Clock,Generic,Home,view,40,1778597805
407,browser,Indonesia,2025-10-01,16.0,Running Shoes,Nike,,view,120,1778597805
91,browser,Singapore,2026-03-06,35.0,Rice Cooker,Panasonic,Home,view,1080,1778597805
484,casual,Malaysia,2025-03-21,58.0,Tennis Racket,Wilson,Sports,view,200,1778597805
312,buyer,Singapore,2025-07-28,41.0,Bed Frame,Ikea,Home,purchase,900,1778597805
136,browser,Malaysia,2025-08-03,44.0,Curtains,Ikea,Home,invalid,120,1778597805
,buyer,Vietnam,2025-10-24,38.0,Toaster,Philips,Home,purchase,70,1778597805
72,browser,Singapore,2026-03-26,38.0,Toaster,Philips,,view,70,1778597805
430,browser,Singapore,2025-02-23,57.0,Basketball,Nike,Sports,view,50,1778597805
424,casual,Indonesia,2024-11-10,43.0,Desk Lamp,Philips,Home,view,50,1778597805
52,browser,Indonesia,2025-05-25,,Samsung Tablet,Samsung,Electronics,view,700,1778597805
unknown_user,browser,Singapore,2024-11-29,24.0,Sunglasses,Ray-Ban,Fashion,click,180,1778597805
unknown_user,browser,Malaysia,2024-07-18,42.0,Sofa,Ikea,Home,view,1200,1778597805
98,buyer,Singapore,2024-06-14,64.0,Gym Bag,Nike,Sports,click,90,1778597805
201,browser,Malaysia,2026-03-15,2339.0,iPhone 15,Apple,Electronics,view,1200,1778597805
unknown_user,browser,Thailand,2024-06-28,57.0,Basketball,Nike,Sports,view,50,1778597805
86,buyer,Singapore,2026-02-02,53.0,Sunscreen,Nivea,Beauty,click,35,1778597805
393,buyer,Thailand,2025-11-24,25.0,Leather Belt,Levi's,Fashion,click,60,1778597805
,buyer,Thailand,2025-07-22,58.0,Tennis Racket,Wilson,Sports,purchase,200,1778597805
497,casual,Indonesia,2025-06-21,46.0,Face Cleanser,Nivea,Beauty,view,-30,1778597805
382,casual,Indonesia,2024-11-07,22.0,Hoodie,Puma,Fashion,view,90,1778597805
139,buyer,Malaysia,2024-11-01,47.0,Moisturizer,Nivea,Beauty,invalid,40,1778597805
409,buyer,Indonesia,2026-01-21,30.0,Watch,Casio,Fashion,purchase,250,1778597805
358,casual,Thailand,2024-12-19,3014.0,Body Lotion,Dove,Beauty,click,25,1778597805
unknown_user,browser,Malaysia,2024-08-17,47.0,Moisturizer,Nivea,Beauty,view,40,1778597805
unknown_user,browser,Philippines,2024-05-16,3.0,MacBook Pro,Apple,Electronics,click,2500,1778597805
80,browser,Malaysia,2026-03-09,12.0,Wireless Mouse,Logitech,Electronics,view,80,1778597805
29,browser,Indonesia,2025-01-28,58.0,Tennis Racket,Wilson,Sports,view,600,1778597805
297,buyer,Singapore,2024-06-25,1.0,iPhone 15,Apple,Electronics,click,-1200,1778597805
,browser,Malaysia,2025-11-16,38.0,Toaster,Philips,Home,view,70,1778597805
59,buyer,Malaysia,2026-01-06,15.0,Bluetooth Speaker,JBL,Electronics,click,120,1778597805
484,browser,Vietnam,2026-04-03,60.0,Dumbbells,Decathlon,Sports,view,150,1778597805
330,browser,Malaysia,2025-08-12,48.0,Lipstick,Maybelline,Beauty,view,25,1778597805
254,browser,Singapore,2025-09-23,58.0,Tennis Racket,Wilson,Sports,view,200,1778597805
273,buyer,Malaysia,2025-12-21,26.0,Backpack,Adidas,Fashion,purchase,100,1778597805
287,browser,Thailand,2025-09-20,21.0,Dress,H&M,Fashion,view,120,1778597805
232,casual,Philippines,2025-08-20,54.0,Body Lotion,Dove,Beauty,purchase,25,1778597805
72,casual,Indonesia,2025-05-03,14.0,External SSD,Samsung,Electronics,purchase,200,1778597805
unknown_user,buyer,Singapore,2025-01-21,63.0,Skipping Rope,Decathlon,Sports,view,20,1778597805
192,browser,Malaysia,2026-01-21,11.0,Mechanical Keyboard,Logitech,Electronics,view,150,1778597805
410,casual,Malaysia,2025-06-06,63.0,Skipping Rope,Decathlon,Sports,view,-180,1778597805
318,browser,Thailand,2026-01-11,9.0,Smart Watch,Fitbit,Electronics,view,2400,1778597805
79,casual,Singapore,2025-10-22,1390.0,Hoodie,Puma,Fashion,view,90,1778597805
191,casual,Malaysia,2025-02-04,57.0,Basketball,Nike,Sports,view,50,1778597805
38,browser,Singapore,2024-12-02,59.0,Yoga Mat,Decathlon,Sports,view,60,1778597805
58,browser,Indonesia,2025-08-31,60.0,Dumbbells,Decathlon,Sports,invalid,-150,1778597805
,browser,Singapore,2025-04-17,,Treadmill,Technogym,Sports,view,1500,1778597805
unknown_user,browser,Indonesia,2024-09-23,41.0,Bed Frame,Ikea,Home,view,900,1778597805
unknown_user,casual,Indonesia,2025-12-17,,AirPods Pro,Apple,Electronics,invalid,500,1778597805
214,browser,Malaysia,2025-09-24,30.0,Watch,Casio,Fashion,invalid,250,1778597805
188,browser,Singapore,2024-07-23,3879.0,4K Monitor,LG,,view,600,1778597805
90,buyer,Malaysia,2025-02-12,1.0,iPhone 15,Apple,Electronics,purchase,1200,1778597805
,browser,Malaysia,2026-03-05,21.0,Dress,H&M,Fashion,view,1200,1778597805
,buyer,Malaysia,2024-07-25,33.0,Vacuum Cleaner,Dyson,Home,invalid,300,1778597805
435,browser,Malaysia,2024-08-16,65.0,Water Bottle,Stanley,Sports,view,25,1778597805
258,casual,Indonesia,2026-03-20,44.0,Curtains,Ikea,Home,view,120,1778597805
135,browser,Thailand,2024-09-12,61.0,Treadmill,Technogym,Sports,view,-1500,1778597805
12,browser,Singapore,2024-12-27,3.0,MacBook Pro,Apple,Electronics,view,2500,1778597805
448,browser,Malaysia,2025-07-24,66.0,Python Programming Book,O'Reilly,Books,view,50,1778597805
339,buyer,Singapore,2026-02-25,65.0,Water Bottle,Stanley,,purchase,25,1778597805
421,casual,Indonesia,2024-08-05,6.0,Samsung Tablet,Samsung,Electronics,click,-700,1778597805
371,casual,Singapore,2024-07-13,14.0,External SSD,Samsung,Electronics,view,200,1778597805
311,casual,Malaysia,2025-04-05,61.0,Treadmill,Technogym,Sports,purchase,1500,1778597805
75,browser,Malaysia,2024-07-21,3.0,MacBook Pro,Apple,Electronics,view,2500,1778597805
,browser,Malaysia,2026-04-16,36.0,Electric Kettle,Tefal,Home,view,60,1778597805
327,browser,Malaysia,2025-05-21,64.0,Gym Bag,Nike,Sports,view,90,1778597805
291,browser,Malaysia,2024-12-16,45.0,Wall Clock,Generic,Home,view,40,1778597805
247,browser,Thailand,2026-02-15,67.0,Data Science Handbook,Packt,,view,70,1778597805
unknown_user,buyer,Malaysia,2025-01-20,42.0,Sofa,Ikea,Home,click,1200,1778597805
105,casual,Singapore,2026-02-09,59.0,Yoga Mat,Decathlon,,view,60,1778597805
320,browser,Singapore,2024-10-22,70.0,Self Development Book,Penguin,Books,view,80,1778597805
30,browser,Malaysia,2025-11-26,,Curtains,Ikea,Home,purchase,720,1778597805
279,browser,Malaysia,2025-12-15,19.0,T-Shirt,Uniqlo,Fashion,click,40,1778597805
,casual,Thailand,2024-12-08,70.0,Self Development Book,Penguin,Books,click,40,1778597805
433,browser,Malaysia,2025-07-22,68.0,Machine Learning Guide,O'Reilly,Books,invalid,80,1778597805
21,casual,Thailand,2024-06-01,52.0,Makeup Kit,Maybelline,Beauty,click,120,1778597805
14,buyer,Indonesia,2026-01-09,9.0,Smart Watch,Fitbit,,invalid,400,1778597805
unknown_user,casual,Malaysia,2024-08-04,52.0,Makeup Kit,Maybelline,Beauty,click,240,1778597805
,casual,Singapore,2026-02-09,46.0,Face Cleanser,Nivea,Beauty,purchase,30,1778597805
342,buyer,Malaysia,2024-07-13,29.0,Sandals,Havaianas,Fashion,click,-70,1778597805
111,browser,Singapore,2025-06-02,1.0,iPhone 15,Apple,Electronics,view,1200,1778597805
444,browser,Philippines,2026-04-02,4160.0,Office Chair,Ikea,Home,click,200,1778597805
10,browser,Malaysia,2024-10-30,54.0,Body Lotion,Dove,Beauty,invalid,25,1778597805
unknown_user,browser,Indonesia,2024-12-06,70.0,Self Development Book,Penguin,Books,view,40,1778597805
395,browser,Malaysia,2024-09-07,41.0,Bed Frame,Ikea,Home,view,900,1778597805
106,casual,Indonesia,2024-05-23,53.0,Sunscreen,Nivea,Beauty,click,-35,1778597805
417,browser,Malaysia,2025-05-17,42.0,Sofa,Ikea,Home,click,1200,1778597805
278,casual,Thailand,2024-11-13,45.0,Wall Clock,Generic,Home,view,40,1778597805
281,browser,Malaysia,2026-05-04,14.0,External SSD,Samsung,Electronics,view,200,1778597805
445,browser,Thailand,2024-11-11,3327.0,Sofa,Ikea,Home,view,1200,1778597805
244,casual,Singapore,2025-08-11,,Gym Bag,Nike,Sports,purchase,-450,1778597805
321,buyer,Malaysia,2025-09-04,48.0,Lipstick,Maybelline,Beauty,purchase,225,1778597805
326,browser,Malaysia,2026-03-26,58.0,Tennis Racket,Wilson,Sports,view,200,1778597805
,buyer,Singapore,2026-02-23,34.0,Blender,Philips,Home,click,100,1778597805
87,browser,Singapore,2026-04-07,60.0,Dumbbells,Decathlon,Sports,view,150,1778597805
1,buyer,Indonesia,2024-09-26,56.0,Football,Adidas,Sports,purchase,40,1778597805
310,buyer,Malaysia,2026-05-12,56.0,Football,Adidas,,click,40,1778597805
154,casual,Malaysia,2025-01-31,11.0,Mechanical Keyboard,Logitech,Electronics,click,1200,1778597805
366,buyer,Malaysia,2024-12-06,18.0,Jeans,Levi's,Fashion,click,80,1778597805
,browser,Singapore,2025-11-15,69.0,Business Strategy Book,Harvard Press,Books,view,60,1778597805
42,browser,Malaysia,2025-01-08,37.0,Microwave Oven,Samsung,Home,purchase,250,1778597805
360,buyer,Vietnam,2026-01-08,49.0,Perfume,Dior,Beauty,purchase,150,1778597805
468,buyer,Malaysia,2024-09-01,45.0,Wall Clock,Generic,Home,click,40,1778597805
326,browser,Singapore,2025-06-11,17.0,Sneakers,Adidas,Fashion,invalid,150,1778597805
169,browser,Philippines,2024-07-23,34.0,Blender,Philips,Home,view,100,1778597805
73,casual,Thailand,2024-11-14,38.0,Toaster,Philips,Home,view,70,1778597805
,casual,Indonesia,2024-12-16,3.0,MacBook Pro,Apple,Electronics,purchase,2500,1778597805
154,browser,Malaysia,2025-08-03,6.0,Samsung Tablet,Samsung,Electronics,view,700,1778597805
117,browser,Philippines,2024-12-30,3199.0,iPhone 15,Apple,Electronics,view,1200,1778597805
121,casual,Indonesia,2025-07-05,65.0,Water Bottle,Stanley,Sports,view,-25,1778597805
179,casual,Thailand,2024-11-02,,Shampoo,Dove,,view,160,1778597805
22,buyer,Singapore,2025-06-22,28.0,Formal Shirt,Zara,Fashion,purchase,90,1778597805
157,browser,Malaysia,2026-02-24,4512.0,Yoga Mat,Decathlon,Sports,purchase,60,1778597805
442,casual,Indonesia,2025-12-12,55.0,Nail Polish,O.P.I,Beauty,purchase,60,1778597805
167,buyer,Singapore,2025-06-18,12.0,Wireless Mouse,Logitech,Electronics,click,80,1778597805
62,buyer,Singapore,2025-08-19,12.0,Wireless Mouse,Logitech,Electronics,purchase,80,1778597805
95,casual,Malaysia,2025-09-02,1578.0,Sofa,Ikea,Home,view,1200,1778597805
192,casual,Malaysia,2024-06-28,18.0,Jeans,Levi's,Fashion,click,80,1778597805
unknown_user,browser,Thailand,2025-05-16,44.0,Curtains,Ikea,Home,purchase,120,1778597805
374,casual,Malaysia,2026-01-09,43.0,Desk Lamp,Philips,Home,purchase,500,1778597805
205,buyer,Thailand,2024-06-06,62.0,Cycling Helmet,Giro,Sports,click,480,1778597805
486,casual,Singapore,2026-01-23,,Sony Headphones,Sony,Electronics,invalid,300,1778597805
443,casual,Thailand,2025-01-09,24.0,Sunglasses,Ray-Ban,Fashion,click,180,1778597805
336,buyer,Malaysia,2024-09-27,3509.0,Sunglasses,Ray-Ban,Fashion,view,180,1778597805
430,casual,Singapore,2026-03-12,14.0,External SSD,Samsung,Electronics,invalid,200,1778597805
413,casual,Malaysia,2025-04-20,35.0,Rice Cooker,Panasonic,Home,view,120,1778597805
48,browser,Indonesia,2025-07-04,31.0,Coffee Maker,Philips,Home,view,150,1778597805
332,casual,Indonesia,2024-05-31,59.0,Yoga Mat,Decathlon,Sports,click,-60,1778597805
130,casual,Singapore,2025-12-22,,Gym Bag,Nike,Sports,view,360,1778597805
21,browser,Malaysia,2025-09-22,47.0,Moisturizer,Nivea,Beauty,view,40,1778597805
251,browser,Malaysia,2025-08-28,32.0,Air Fryer,Xiaomi,Home,click,1440,1778597805
45,casual,Singapore,2024-08-07,26.0,Backpack,Adidas,Fashion,purchase,-100,1778597805
94,browser,Thailand,2025-12-19,67.0,Data Science Handbook,Packt,,view,70,1778597805
209,casual,Singapore,2025-07-20,6.0,Samsung Tablet,Samsung,Electronics,view,700,1778597805
,browser,Malaysia,2024-10-04,41.0,Bed Frame,Ikea,Home,click,900,1778597805
206,casual,Malaysia,2024-11-18,38.0,Toaster,Philips,Home,view,70,1778597805
176,buyer,Indonesia,2026-01-20,63.0,Skipping Rope,Decathlon,Sports,purchase,20,1778597805
362,buyer,Malaysia,2025-10-18,36.0,Electric Kettle,Tefal,Home,purchase,60,1778597805
347,buyer,Singapore,2026-04-24,49.0,Perfume,Dior,Beauty,invalid,150,1778597805
106,browser,Malaysia,2025-07-12,47.0,Moisturizer,Nivea,Beauty,invalid,40,1778597805
242,casual,Indonesia,2025-08-07,47.0,Moisturizer,Nivea,Beauty,view,40,1778597805
400,browser,Malaysia,2025-07-01,65.0,Water Bottle,Stanley,,view,-25,1778597805
364,buyer,Malaysia,2024-06-07,24.0,Sunglasses,Ray-Ban,Fashion,click,360,1778597805
333,browser,Malaysia,2025-12-15,,Wall Clock,Generic,,view,320,1778597805
40,browser,Malaysia,2025-07-04,50.0,Shampoo,Dove,Beauty,view,140,1778597805
339,browser,Thailand,2024-08-10,13.0,4K Monitor,LG,Electronics,view,600,1778597805
17,browser,Vietnam,2024-11-05,8.0,AirPods Pro,Apple,Electronics,invalid,250,1778597805
34,casual,Indonesia,2026-04-11,36.0,Electric Kettle,Tefal,Home,invalid,60,1778597805
254,browser,Malaysia,2026-01-16,35.0,Rice Cooker,Panasonic,Home,view,1080,1778597805
190,casual,Malaysia,2025-03-23,9.0,Smart Watch,Fitbit,Electronics,view,400,1778597805
380,casual,Malaysia,2025-02-06,,Sunscreen,Nivea,Beauty,purchase,140,1778597805
2,browser,Indonesia,2024-08-26,70.0,Self Development Book,Penguin,Books,view,40,1778597805
59,casual,Thailand,2025-02-17,47.0,Moisturizer,Nivea,Beauty,click,-40,1778597805
unknown_user,casual,Indonesia,2024-12-03,4399.0,iPad Air,Apple,,purchase,900,1778597805
476,buyer,Vietnam,2024-11-20,59.0,Yoga Mat,Decathlon,Sports,invalid,600,1778597805
,browser,Vietnam,2026-04-13,,Jeans,Levi's,Fashion,invalid,80,1778597805
277,browser,Singapore,2026-01-15,68.0,Machine Learning Guide,O'Reilly,Books,view,80,1778597805
429,browser,Singapore,2026-04-08,61.0,Treadmill,Technogym,,view,1500,1778597805
unknown_user,buyer,Indonesia,2025-01-03,38.0,Toaster,Philips,Home,purchase,420,1778597805
172,casual,Singapore,2024-08-03,7.0,Sony Headphones,Sony,,click,300,1778597805
384,casual,Malaysia,2025-10-17,,Tennis Racket,Wilson,Sports,view,200,1778597805
,buyer,Malaysia,2025-08-10,21.0,Dress,H&M,Fashion,click,120,1778597805
146,buyer,Singapore,2025-12-08,57.0,Basketball,Nike,Sports,click,50,1778597805
159,casual,Singapore,2025-06-10,56.0,Football,Adidas,Sports,invalid,40,1778597805
295,browser,Malaysia,2024-11-25,33.0,Vacuum Cleaner,Dyson,Home,view,300,1778597805
406,browser,Singapore,2025-08-10,3575.0,Basketball,Nike,Sports,view,50,1778597805
400,browser,Malaysia,2026-04-02,34.0,Blender,Philips,Home,view,100,1778597805
unknown_user,browser,Vietnam,2025-06-01,32.0,Air Fryer,Xiaomi,Home,view,900,1778597805
259,browser,Singapore,2025-10-29,,Treadmill,Technogym,Sports,click,1500,1778597805
254,buyer,Thailand,2025-09-10,3.0,MacBook Pro,Apple,Electronics,click,-2500,1778597805
178,casual,Thailand,2025-04-15,43.0,Desk Lamp,Philips,Home,invalid,50,1778597805
474,browser,Malaysia,2025-01-29,48.0,Lipstick,Maybelline,Beauty,view,25,1778597805
151,browser,Malaysia,2025-10-07,45.0,Wall Clock,Generic,Home,invalid,360,1778597805
143,browser,Malaysia,2024-11-17,67.0,Data Science Handbook,Packt,Books,invalid,70,1778597805
292,buyer,Malaysia,2024-10-11,38.0,Toaster,Philips,Home,view,420,1778597805
261,browser,Malaysia,2025-12-16,29.0,Sandals,Havaianas,Fashion,view,70,1778597805
102,casual,Malaysia,2025-02-22,58.0,Tennis Racket,Wilson,Sports,view,800,1778597805
423,browser,Singapore,2025-09-25,59.0,Yoga Mat,Decathlon,Sports,invalid,60,1778597805
,browser,Malaysia,2024-08-24,43.0,Desk Lamp,Philips,Home,invalid,350,1778597805
,browser,Singapore,2024-06-30,,Body Lotion,Dove,Beauty,invalid,25,1778597805
unknown_user,casual,Malaysia,2024-08-26,44.0,Curtains,Ikea,Home,invalid,120,1778597805
2,browser,Singapore,2026-04-21,2364.0,Curtains,Ikea,Home,view,120,1778597805
448,buyer,Malaysia,2025-03-14,3041.0,Backpack,Adidas,Fashion,click,-100,1778597805
unknown_user,browser,Malaysia,2025-03-28,37.0,Microwave Oven,Samsung,Home,view,250,1778597805
,browser,Thailand,2025-10-15,42.0,Sofa,Ikea,Home,click,1200,1778597805
271,casual,Malaysia,2025-11-06,66.0,Python Programming Book,O'Reilly,Books,invalid,50,1778597805
,casual,Thailand,2024-07-13,17.0,Sneakers,Adidas,Fashion,view,150,1778597805
,browser,Malaysia,2025-10-10,15.0,Bluetooth Speaker,JBL,Electronics,view,120,1778597805
329,browser,Singapore,2024-08-27,38.0,Toaster,Philips,Home,view,-70,1778597805
unknown_user,browser,Philippines,2024-10-29,55.0,Nail Polish,O.P.I,Beauty,view,-15,1778597805
,casual,Singapore,2024-09-17,1.0,iPhone 15,Apple,,purchase,1200,1778597805
178,buyer,Singapore,2025-12-13,23.0,Cap,Nike,Fashion,click,30,1778597805
,buyer,Thailand,2025-11-09,24.0,Sunglasses,Ray-Ban,Fashion,purchase,-180,1778597805
,buyer,Indonesia,2025-11-20,6.0,Samsung Tablet,Samsung,Electronics,view,700,1778597805
,browser,Malaysia,2024-06-14,69.0,Business Strategy Book,Harvard Press,Books,view,60,1778597805
296,buyer,Philippines,2025-05-20,43.0,Desk Lamp,Philips,Home,view,50,1778597805
446,buyer,Malaysia,2024-08-14,21.0,Dress,H&M,Fashion,invalid,120,1778597805
unknown_user,casual,Thailand,2024-07-25,62.0,Cycling Helmet,Giro,Sports,click,-80,1778597805
224,buyer,Malaysia,2026-01-17,,Samsung Galaxy S23,Samsung,,view,6000,1778597805
228,casual,Malaysia,2026-01-18,28.0,Formal Shirt,Zara,Fashion,view,90,1778597805
,browser,Singapore,2025-07-08,13.0,4K Monitor,LG,Electronics,view,600,1778597805
unknown_user,casual,Malaysia,2025-06-09,53.0,Sunscreen,Nivea,Beauty,view,35,1778597805
unknown_user,browser,Vietnam,2024-08-26,11.0,Mechanical Keyboard,Logitech,Electronics,purchase,150,1778597805
369,casual,Thailand,2024-08-25,64.0,Gym Bag,Nike,Sports,view,-90,1778597805
378,browser,Malaysia,2024-10-05,55.0,Nail Polish,O.P.I,Beauty,click,15,1778597805
137,browser,Thailand,2026-02-20,65.0,Water Bottle,Stanley,Sports,click,225,1778597805
434,browser,Indonesia,2025-04-12,53.0,Sunscreen,Nivea,Beauty,view,35,1778597805
71,buyer,Malaysia,2025-09-27,1.0,iPhone 15,Apple,Electronics,view,1200,1778597805
202,browser,Malaysia,2025-09-13,4608.0,Self Development Book,Penguin,Books,view,40,1778597805
87,buyer,Malaysia,2025-11-12,2168.0,Dell XPS 13,Dell,Electronics,purchase,1800,1778597805
88,buyer,Malaysia,2024-05-26,60.0,Dumbbells,Decathlon,Sports,purchase,150,1778597805
363,browser,Malaysia,2026-01-17,3921.0,Air Fryer,Xiaomi,Home,invalid,180,1778597805
88,casual,Indonesia,2025-12-02,65.0,Water Bottle,Stanley,Sports,view,-25,1778597805
346,browser,Philippines,2025-12-09,55.0,Nail Polish,O.P.I,Beauty,view,135,1778597805
243,casual,Malaysia,2025-03-12,13.0,4K Monitor,LG,Electronics,click,600,1778597805
unknown_user,browser,Thailand,2024-10-26,44.0,Curtains,Ikea,,view,120,1778597805
355,browser,Indonesia,2025-02-15,44.0,Curtains,Ikea,Home,view,120,1778597805
440,browser,Malaysia,2025-05-22,63.0,Skipping Rope,Decathlon,Sports,view,20,1778597805
449,casual,Malaysia,2025-12-14,,Jeans,Levi's,Fashion,view,80,1778597805
,browser,Indonesia,2025-09-24,60.0,Dumbbells,Decathlon,Sports,view,150,1778597805
404,browser,Singapore,2024-08-10,42.0,Sofa,Ikea,Home,view,1200,1778597805
unknown_user,casual,Thailand,2024-11-01,50.0,Shampoo,Dove,Beauty,view,20,1778597805
71,browser,Malaysia,2026-04-27,47.0,Moisturizer,Nivea,Beauty,view,40,1778597805
unknown_user,browser,Malaysia,2025-02-25,35.0,Rice Cooker,Panasonic,Home,view,840,1778597805
94,browser,Malaysia,2026-01-05,,Electric Kettle,Tefal,Home,view,60,1778597805
,browser,Indonesia,2026-04-27,51.0,Hair Dryer,Philips,Beauty,view,-80,1778597805
394,browser,Indonesia,2025-06-19,3846.0,Perfume,Dior,Beauty,view,150,1778597805
415,casual,Indonesia,2025-03-20,3.0,MacBook Pro,Apple,Electronics,view,-2500,1778597805
161,browser,Thailand,2024-08-20,9.0,Smart Watch,Fitbit,Electronics,click,-400,1778597805
398,casual,Malaysia,2026-01-22,1238.0,Formal Shirt,Zara,Fashion,click,90,1778597805
,casual,Malaysia,2024-06-18,9.0,Smart Watch,Fitbit,Electronics,invalid,400,1778597805
372,buyer,Thailand,2024-06-12,38.0,Toaster,Philips,Home,purchase,70,1778597805
unknown_user,browser,Philippines,2025-12-06,8.0,AirPods Pro,Apple,Electronics,invalid,250,1778597805
unknown_user,buyer,Thailand,2024-06-25,3.0,MacBook Pro,Apple,Electronics,click,2500,1778597805
74,casual,Thailand,2025-12-10,37.0,Microwave Oven,Samsung,,purchase,1000,1778597805
437,buyer,Thailand,2024-08-02,70.0,Self Development Book,Penguin,,purchase,40,1778597805
103,casual,Malaysia,2025-09-07,1830.0,Toaster,Philips,Home,purchase,-70,1778597805
unknown_user,browser,Malaysia,2026-02-06,1377.0,Electric Kettle,Tefal,Home,view,60,1778597805
365,browser,Malaysia,2024-10-27,19.0,T-Shirt,Uniqlo,Fashion,view,40,1778597805
259,browser,Thailand,2025-02-14,28.0,Formal Shirt,Zara,Fashion,click,90,1778597805
unknown_user,browser,Indonesia,2025-05-27,37.0,Microwave Oven,Samsung,Home,view,250,1778597805
25,browser,Indonesia,2024-09-23,2.0,Samsung Galaxy S23,Samsung,,invalid,1000,1778597805
47,browser,Malaysia,2024-09-12,14.0,External SSD,Samsung,Electronics,view,1200,1778597805
43,buyer,Singapore,2025-03-05,,Nail Polish,O.P.I,Beauty,click,15,1778597805
242,casual,Malaysia,2025-04-06,61.0,Treadmill,Technogym,Sports,view,1500,1778597805
200,buyer,Malaysia,2024-06-23,,Dumbbells,Decathlon,Sports,purchase,150,1778597805
48,browser,Singapore,2026-01-09,22.0,Hoodie,Puma,Fashion,invalid,90,1778597805
390,casual,Thailand,2024-05-18,21.0,Dress,H&M,Fashion,click,120,1778597805
349,browser,Malaysia,2024-08-18,11.0,Mechanical Keyboard,Logitech,Electronics,view,150,1778597805
233,browser,Malaysia,2026-04-08,41.0,Bed Frame,Ikea,Home,view,900,1778597805
431,buyer,Malaysia,2025-10-05,3465.0,Smart Watch,Fitbit,Electronics,view,400,1778597805
352,casual,Malaysia,2026-01-12,1311.0,Dress,H&M,Fashion,purchase,600,1778597805
unknown_user,browser,Singapore,2025-03-26,64.0,Gym Bag,Nike,Sports,view,90,1778597805
,browser,Malaysia,2024-11-23,1.0,iPhone 15,Apple,Electronics,view,1200,1778597805
439,browser,Malaysia,2024-05-21,,External SSD,Samsung,,view,200,1778597805
115,browser,Malaysia,2024-06-17,19.0,T-Shirt,Uniqlo,,view,40,1778597805
318,casual,Malaysia,2025-10-01,67.0,Data Science Handbook,Packt,Books,invalid,70,1778597805
,browser,Singapore,2025-09-28,40.0,Office Chair,Ikea,Home,invalid,200,1778597805
140,buyer,Singapore,2025-12-28,1675.0,Treadmill,Technogym,Sports,click,1500,1778597805
124,casual,Singapore,2025-10-03,1280.0,iPhone 15,Apple,Electronics,invalid,3600,1778597805
,browser,Malaysia,2024-07-10,23.0,Cap,Nike,Fashion,invalid,30,1778597805
210,browser,Malaysia,2025-08-30,17.0,Sneakers,Adidas,Fashion,view,150,1778597805
224,browser,Singapore,2024-10-13,42.0,Sofa,Ikea,Home,view,1200,1778597805
479,casual,Thailand,2024-07-28,50.0,Shampoo,Dove,Beauty,view,20,1778597805
111,casual,Singapore,2026-02-12,13.0,4K Monitor,LG,Electronics,click,600,1778597805
391,browser,Indonesia,2025-12-19,1661.0,Basketball,Nike,Sports,view,250,1778597805
329,browser,Philippines,2025-11-30,,Hair Dryer,Philips,Beauty,view,80,1778597805
83,casual,Singapore,2025-12-25,40.0,Office Chair,Ikea,,view,200,1778597805
442,browser,Malaysia,2025-03-05,30.0,Watch,Casio,Fashion,view,250,1778597805
,casual,Thailand,2026-04-18,60.0,Dumbbells,Decathlon,Sports,click,150,1778597805
unknown_user,casual,Indonesia,2026-01-06,3186.0,Toaster,Philips,Home,view,70,1778597805
332,browser,Philippines,2024-10-10,,Body Lotion,Dove,Beauty,view,25,1778597805
353,casual,Singapore,2025-11-24,37.0,Microwave Oven,Samsung,Home,view,250,1778597805
102,buyer,Malaysia,2024-11-11,10.0,Gaming Laptop,Asus,Electronics,click,2200,1778597805
,browser,Singapore,2026-01-03,35.0,Rice Cooker,Panasonic,Home,purchase,120,1778597805
163,buyer,Thailand,2025-10-18,,Jacket,Zara,Fashion,click,200,1778597805
201,casual,Malaysia,2026-03-31,37.0,Microwave Oven,Samsung,Home,view,250,1778597805
161,browser,Malaysia,2026-04-12,61.0,Treadmill,Technogym,Sports,view,-15000,1778597805
286,casual,Singapore,2025-02-14,49.0,Perfume,Dior,Beauty,view,150,1778597805
unknown_user,browser,Malaysia,2024-11-08,16.0,Running Shoes,Nike,Fashion,invalid,120,1778597805
356,casual,Malaysia,2026-03-18,40.0,Office Chair,Ikea,Home,click,-200,1778597805
441,browser,Philippines,2024-09-26,,Formal Shirt,Zara,Fashion,view,90,1778597805
427,browser,Malaysia,2025-04-15,3717.0,Vacuum Cleaner,Dyson,,view,300,1778597805
unknown_user,browser,Malaysia,2025-07-31,14.0,External SSD,Samsung,Electronics,view,200,1778597805
396,casual,Thailand,2025-02-28,13.0,4K Monitor,LG,Electronics,purchase,600,1778597805
126,browser,Thailand,2026-01-22,2.0,Samsung Galaxy S23,Samsung,Electronics,view,1000,1778597805
479,browser,Malaysia,2025-10-14,32.0,Air Fryer,Xiaomi,Home,click,180,1778597805
254,buyer,Malaysia,2026-04-25,66.0,Python Programming Book,O'Reilly,Books,purchase,50,1778597805
134,browser,Malaysia,2024-12-25,1.0,iPhone 15,Apple,Electronics,view,1200,1778597805
unknown_user,casual,Thailand,2025-10-18,1582.0,Shampoo,Dove,Beauty,view,20,1778597805
102,browser,Malaysia,2026-01-29,55.0,Nail Polish,O.P.I,,click,15,1778597805
260,browser,Indonesia,2026-03-10,10.0,Gaming Laptop,Asus,,view,2200,1778597805
51,casual,Malaysia,2024-09-11,50.0,Shampoo,Dove,,click,20,1778597805
424,casual,Singapore,2024-10-23,47.0,Moisturizer,Nivea,Beauty,view,-40,1778597805
126,browser,Malaysia,2025-07-24,16.0,Running Shoes,Nike,Fashion,click,120,1778597805
26,buyer,Malaysia,2026-03-24,27.0,Sports Shorts,Nike,Fashion,purchase,100,1778597805
104,buyer,Malaysia,2025-12-11,,iPad Air,Apple,Electronics,invalid,900,1778597805
377,buyer,Singapore,2026-01-24,35.0,Rice Cooker,Panasonic,,click,120,1778597805
411,casual,Indonesia,2024-12-13,,Body Lotion,Dove,Beauty,purchase,25,1778597805
,browser,Indonesia,2024-10-12,48.0,Lipstick,Maybelline,Beauty,click,25,1778597805
475,browser,Indonesia,2025-12-05,22.0,Hoodie,Puma,Fashion,view,90,1778597805
2,browser,Thailand,2025-09-05,3255.0,Sandals,Havaianas,,view,70,1778597805
73,casual,Malaysia,2026-05-12,27.0,Sports Shorts,Nike,Fashion,purchase,50,1778597805
455,buyer,Thailand,2025-03-21,41.0,Bed Frame,Ikea,Home,click,900,1778597805
214,casual,Philippines,2026-01-06,31.0,Coffee Maker,Philips,Home,view,300,1778597805
392,browser,Vietnam,2026-04-07,10.0,Gaming Laptop,Asus,Electronics,view,2200,1778597805
,buyer,Philippines,2025-04-07,10.0,Gaming Laptop,Asus,,click,-2200,1778597805
254,browser,Malaysia,2024-05-28,35.0,Rice Cooker,Panasonic,Home,view,120,1778597805
278,browser,Malaysia,2025-07-24,34.0,Blender,Philips,Home,view,100,1778597805
383,browser,Singapore,2024-10-22,47.0,Moisturizer,Nivea,Beauty,view,40,1778597805
211,browser,Malaysia,2026-05-12,18.0,Jeans,Levi's,Fashion,view,80,1778597805
350,browser,Thailand,2026-04-24,63.0,Skipping Rope,Decathlon,Sports,invalid,20,1778597805
25,browser,Malaysia,2024-08-27,15.0,Bluetooth Speaker,JBL,Electronics,view,120,1778597805
236,casual,Thailand,2025-12-04,33.0,Vacuum Cleaner,Dyson,Home,view,300,1778597805
unknown_user,browser,Indonesia,2024-09-12,26.0,Backpack,Adidas,,invalid,100,1778597805
155,browser,Vietnam,2025-09-27,32.0,Air Fryer,Xiaomi,Home,view,540,1778597805
26,casual,Malaysia,2024-12-09,30.0,Watch,Casio,Fashion,purchase,250,1778597805
364,browser,Singapore,2024-10-20,2.0,Samsung Galaxy S23,Samsung,Electronics,view,1000,1778597805
373,buyer,Singapore,2025-09-20,23.0,Cap,Nike,Fashion,invalid,30,1778597805
257,buyer,Singapore,2024-07-21,7.0,Sony Headphones,Sony,,click,300,1778597805
209,browser,Indonesia,2026-04-19,40.0,Office Chair,Ikea,Home,view,200,1778597805
44,browser,Indonesia,2025-01-11,36.0,Electric Kettle,Tefal,Home,view,540,1778597805
374,casual,Malaysia,2025-05-14,8.0,AirPods Pro,Apple,Electronics,view,250,1778597805
318,casual,Malaysia,2024-05-25,56.0,Football,Adidas,Sports,invalid,40,1778597805
446,browser,Thailand,2024-05-19,9.0,Smart Watch,Fitbit,Electronics,purchase,400,1778597805
29,buyer,Malaysia,2025-05-29,68.0,Machine Learning Guide,O'Reilly,Books,purchase,-80,1778597805
,casual,Malaysia,2025-06-18,34.0,Blender,Philips,Home,purchase,-400,1778597805
unknown_user,casual,Indonesia,2025-10-07,65.0,Water Bottle,Stanley,Sports,purchase,25,1778597805
,casual,Thailand,2025-06-18,19.0,T-Shirt,Uniqlo,Fashion,click,40,1778597805
127,browser,Indonesia,2025-07-27,4.0,Dell XPS 13,Dell,Electronics,view,12600,1778597805
336,browser,Philippines,2025-07-21,9.0,Smart Watch,Fitbit,Electronics,invalid,400,1778597805
109,browser,Malaysia,2025-11-22,34.0,Blender,Philips,,view,100,1778597805
313,casual,Indonesia,2026-03-04,2717.0,Cycling Helmet,Giro,Sports,click,80,1778597805
225,casual,Thailand,2026-02-22,29.0,Sandals,Havaianas,Fashion,click,70,1778597805
unknown_user,browser,Thailand,2026-02-07,36.0,Electric Kettle,Tefal,Home,view,120,1778597805
218,browser,Malaysia,2025-05-16,3435.0,Dress,H&M,,invalid,120,1778597805
87,browser,Malaysia,2025-07-16,38.0,Toaster,Philips,Home,view,420,1778597805
88,browser,Malaysia,2025-10-09,33.0,Vacuum Cleaner,Dyson,Home,view,300,1778597805
107,browser,Singapore,2026-02-09,,Water Bottle,Stanley,Sports,view,25,1778597805
185,casual,Singapore,2025-03-29,36.0,Electric Kettle,Tefal,Home,view,60,1778597805
239,browser,Thailand,2025-09-11,60.0,Dumbbells,Decathlon,Sports,click,150,1778597805
unknown_user,browser,Malaysia,2024-10-04,28.0,Formal Shirt,Zara,Fashion,view,90,1778597805
218,buyer,Philippines,2025-11-17,51.0,Hair Dryer,Philips,Beauty,view,400,1778597805
67,casual,Malaysia,2025-11-11,12.0,Wireless Mouse,Logitech,Electronics,invalid,80,1778597805
,browser,Vietnam,2026-01-31,25.0,Leather Belt,Levi's,Fashion,view,60,1778597805
425,browser,Malaysia,2026-01-30,2668.0,iPhone 15,Apple,Electronics,click,9600,1778597805
276,casual,Singapore,2025-04-14,43.0,Desk Lamp,Philips,Home,click,-50,1778597805
352,browser,Indonesia,2025-02-17,7.0,Sony Headphones,Sony,Electronics,view,300,1778597805
128,buyer,Malaysia,2024-08-08,70.0,Self Development Book,Penguin,,click,120,1778597805
107,buyer,Singapore,2026-02-24,67.0,Data Science Handbook,Packt,Books,purchase,70,1778597805
,buyer,Malaysia,2025-05-04,,Self Development Book,Penguin,Books,click,40,1778597805
403,buyer,Singapore,2024-08-07,22.0,Hoodie,Puma,Fashion,purchase,90,1778597805
257,browser,Singapore,2025-11-17,44.0,Curtains,Ikea,Home,click,480,1778597805
342,browser,Vietnam,2025-05-17,28.0,Formal Shirt,Zara,Fashion,view,90,1778597805
42,casual,Singapore,2024-07-04,70.0,Self Development Book,Penguin,Books,click,40,1778597805
,browser,Indonesia,2025-12-06,,Running Shoes,Nike,Fashion,view,720,1778597805
121,buyer,Singapore,2025-03-31,62.0,Cycling Helmet,Giro,Sports,view,80,1778597805
125,browser,Malaysia,2024-10-27,1324.0,Dell XPS 13,Dell,Electronics,view,1800,1778597805
160,browser,Malaysia,2024-09-10,11.0,Mechanical Keyboard,Logitech,Electronics,view,1050,1778597805
,casual,Indonesia,2025-10-31,44.0,Curtains,Ikea,Home,purchase,120,1778597805
191,browser,Thailand,2025-04-15,4972.0,Rice Cooker,Panasonic,,view,120,1778597805
,browser,Singapore,2026-04-16,49.0,Perfume,Dior,Beauty,view,150,1778597805
488,browser,Malaysia,2025-05-07,60.0,Dumbbells,Decathlon,Sports,view,150,1778597805
357,browser,Malaysia,2024-11-23,31.0,Coffee Maker,Philips,Home,click,150,1778597805
129,casual,Singapore,2024-08-03,64.0,Gym Bag,Nike,Sports,view,90,1778597805
347,browser,Indonesia,2026-04-18,47.0,Moisturizer,Nivea,Beauty,view,40,1778597805
444,browser,Thailand,2025-10-13,67.0,Data Science Handbook,Packt,Books,view,70,1778597805
495,browser,Malaysia,2025-02-21,50.0,Shampoo,Dove,,view,20,1778597805
307,browser,Malaysia,2026-03-20,61.0,Treadmill,Technogym,Sports,view,1500,1778597805
474,casual,Malaysia,2026-01-03,38.0,Toaster,Philips,Home,view,70,1778597805
449,buyer,Thailand,2025-04-04,57.0,Basketball,Nike,Sports,purchase,50,1778597805
40,buyer,Singapore,2025-04-13,70.0,Self Development Book,Penguin,Books,invalid,40,1778597805
unknown_user,casual,Philippines,2024-10-26,19.0,T-Shirt,Uniqlo,Fashion,purchase,40,1778597805
213,browser,Vietnam,2025-09-13,14.0,External SSD,Samsung,Electronics,view,200,1778597805
380,browser,Singapore,2024-08-03,62.0,Cycling Helmet,Giro,,view,80,1778597805
167,browser,Malaysia,2024-10-09,22.0,Hoodie,Puma,Fashion,click,90,1778597805
121,browser,Indonesia,2025-12-24,,Rice Cooker,Panasonic,Home,view,120,1778597805
unknown_user,casual,Malaysia,2025-04-21,51.0,Hair Dryer,Philips,Beauty,view,80,1778597805
83,buyer,Thailand,2025-05-09,2.0,Samsung Galaxy S23,Samsung,Electronics,view,-1000,1778597805
unknown_user,buyer,Malaysia,2025-11-01,38.0,Toaster,Philips,Home,click,70,1778597805
111,browser,Philippines,2025-12-21,22.0,Hoodie,Puma,Fashion,view,810,1778597805
268,browser,Indonesia,2026-01-23,,Hair Dryer,Philips,Beauty,view,80,1778597805
335,casual,Singapore,2025-01-07,27.0,Sports Shorts,Nike,Fashion,view,50,1778597805
352,browser,Malaysia,2025-05-29,65.0,Water Bottle,Stanley,Sports,view,25,1778597805
348,browser,Malaysia,2025-01-01,2205.0,Moisturizer,Nivea,Beauty,view,40,1778597805
104,buyer,Singapore,2024-11-28,60.0,Dumbbells,Decathlon,Sports,click,-150,1778597805
460,casual,Singapore,2026-03-04,31.0,Coffee Maker,Philips,Home,click,900,1778597805
446,casual,Malaysia,2025-11-17,34.0,Blender,Philips,Home,view,100,1778597805
296,buyer,Singapore,2025-06-17,35.0,Rice Cooker,Panasonic,Home,purchase,120,1778597805
66,browser,Malaysia,2024-05-21,53.0,Sunscreen,Nivea,Beauty,view,35,1778597805
13,casual,Singapore,2026-01-10,60.0,Dumbbells,Decathlon,Sports,click,150,1778597805
425,browser,Malaysia,2025-01-20,24.0,Sunglasses,Ray-Ban,Fashion,view,180,1778597805
unknown_user,browser,Singapore,2025-03-25,49.0,Perfume,Dior,Beauty,view,1500,1778597805
,browser,Malaysia,2025-01-02,22.0,Hoodie,Puma,Fashion,view,90,1778597805
241,casual,Indonesia,2026-03-09,53.0,Sunscreen,Nivea,Beauty,click,35,1778597805
65,browser,Thailand,2026-02-08,59.0,Yoga Mat,Decathlon,Sports,view,480,1778597805
,buyer,Malaysia,2026-02-21,9.0,Smart Watch,Fitbit,Electronics,purchase,400,1778597805
256,casual,Malaysia,2026-03-27,23.0,Cap,Nike,Fashion,view,-30,1778597805
,browser,Thailand,2025-04-18,45.0,Wall Clock,Generic,Home,invalid,120,1778597805
2,browser,Indonesia,2026-01-28,5.0,iPad Air,Apple,Electronics,view,900,1778597805
unknown_user,buyer,Indonesia,2025-07-31,17.0,Sneakers,Adidas,Fashion,purchase,150,1778597805
,casual,Malaysia,2026-01-29,53.0,Sunscreen,Nivea,Beauty,click,35,1778597805
279,buyer,Thailand,2025-01-20,6.0,Samsung Tablet,Samsung,Electronics,click,700,1778597805
199,casual,Malaysia,2026-03-30,3.0,MacBook Pro,Apple,Electronics,invalid,2500,1778597805
467,casual,Singapore,2024-11-06,1405.0,Hoodie,Puma,Fashion,invalid,630,1778597805
unknown_user,buyer,Indonesia,2026-02-27,45.0,Wall Clock,Generic,Home,click,40,1778597805
455,buyer,Thailand,2026-01-25,7.0,Sony Headphones,Sony,,view,300,1778597805
unknown_user,casual,Vietnam,2025-05-01,8.0,AirPods Pro,Apple,Electronics,click,250,1778597805
382,browser,Thailand,2025-10-25,70.0,Self Development Book,Penguin,Books,view,120,1778597805
448,buyer,Thailand,2025-07-12,69.0,Business Strategy Book,Harvard Press,Books,purchase,60,1778597805
,browser,Vietnam,2024-11-08,49.0,Perfume,Dior,Beauty,view,150,1778597805
13,browser,Malaysia,2024-06-06,35.0,Rice Cooker,Panasonic,Home,view,120,1778597805
152,browser,Vietnam,2026-04-16,3023.0,Samsung Tablet,Samsung,Electronics,view,2800,1778597805
unknown_user,casual,Indonesia,2024-08-31,9.0,Smart Watch,Fitbit,Electronics,invalid,2000,1778597805
76,browser,Malaysia,2024-09-28,56.0,Football,Adidas,Sports,view,240,1778597805
228,browser,Thailand,2025-07-27,33.0,Vacuum Cleaner,Dyson,Home,view,300,1778597805
52,casual,Malaysia,2024-10-07,52.0,Makeup Kit,Maybelline,Beauty,purchase,120,1778597805
430,buyer,Singapore,2025-06-17,,Machine Learning Guide,O'Reilly,Books,purchase,800,1778597805
366,casual,Singapore,2024-12-26,,Backpack,Adidas,Fashion,view,100,1778597805
328,buyer,Malaysia,2025-11-07,,Dumbbells,Decathlon,Sports,purchase,150,1778597805
351,browser,Malaysia,2024-09-18,66.0,Python Programming Book,O'Reilly,,view,50,1778597805
465,browser,Malaysia,2024-09-01,,T-Shirt,Uniqlo,Fashion,view,40,1778597805
485,casual,Indonesia,2026-03-19,7.0,Sony Headphones,Sony,Electronics,view,300,1778597805
80,buyer,Malaysia,2025-07-13,48.0,Lipstick,Maybelline,Beauty,invalid,25,1778597805
,browser,Malaysia,2026-04-12,31.0,Coffee Maker,Philips,Home,view,150,1778597805
184,browser,Malaysia,2025-09-16,49.0,Perfume,Dior,Beauty,view,-150,1778597805
293,buyer,Singapore,2026-01-28,9.0,Smart Watch,Fitbit,Electronics,invalid,400,1778597805
201,casual,Vietnam,2026-02-25,28.0,Formal Shirt,Zara,Fashion,purchase,90,1778597805
,browser,Malaysia,2024-10-12,40.0,Office Chair,Ikea,Home,view,200,1778597805
202,browser,Malaysia,2024-09-08,1.0,iPhone 15,Apple,,view,1200,1778597805
,browser,Indonesia,2024-05-20,,Business Strategy Book,Harvard Press,Books,view,300,1778597805
177,browser,Malaysia,2024-06-02,20.0,Jacket,Zara,Fashion,view,600,1778597805
,browser,Malaysia,2025-04-29,53.0,Sunscreen,Nivea,Beauty,view,35,1778597805
31,casual,Singapore,2024-10-26,29.0,Sandals,Havaianas,Fashion,purchase,70,1778597805
489,browser,Malaysia,2025-03-21,,Backpack,Adidas,,view,800,1778597805
202,browser,Indonesia,2025-10-22,20.0,Jacket,Zara,Fashion,view,1000,1778597805
330,browser,Thailand,2026-01-24,2421.0,Face Cleanser,Nivea,Beauty,view,30,1778597805
,browser,Malaysia,2024-11-10,23.0,Cap,Nike,Fashion,view,-30,1778597805
unknown_user,buyer,Malaysia,2025-03-03,31.0,Coffee Maker,Philips,Home,purchase,150,1778597805
293,casual,Indonesia,2026-04-12,7.0,Sony Headphones,Sony,Electronics,view,300,1778597805
401,casual,Thailand,2025-10-13,,Skipping Rope,Decathlon,,purchase,80,1778597805
unknown_user,browser,Malaysia,2025-04-12,56.0,Football,Adidas,Sports,view,40,1778597805
280,buyer,Indonesia,2026-02-04,37.0,Microwave Oven,Samsung,,purchase,250,1778597805
474,browser,Singapore,2024-12-06,46.0,Face Cleanser,Nivea,Beauty,view,30,1778597805
494,browser,Singapore,2026-04-01,,Vacuum Cleaner,Dyson,Home,view,-300,1778597805
,browser,Thailand,2024-10-27,57.0,Basketball,Nike,Sports,click,50,1778597805
381,browser,Indonesia,2025-07-31,60.0,Dumbbells,Decathlon,Sports,view,150,1778597805
202,casual,Malaysia,2025-12-30,46.0,Face Cleanser,Nivea,Beauty,click,30,1778597805
411,browser,Malaysia,2026-02-13,14.0,External SSD,Samsung,Electronics,purchase,1000,1778597805
189,browser,Malaysia,2026-01-21,52.0,Makeup Kit,Maybelline,Beauty,view,120,1778597805
330,browser,Malaysia,2025-11-17,52.0,Makeup Kit,Maybelline,Beauty,invalid,-120,1778597805
152,browser,Indonesia,2026-05-09,3.0,MacBook Pro,Apple,Electronics,view,2500,1778597805
216,browser,Singapore,2024-12-31,2803.0,Data Science Handbook,Packt,Books,view,70,1778597805
300,casual,Thailand,2024-07-13,1403.0,Treadmill,Technogym,Sports,view,1500,1778597805
451,browser,Philippines,2025-09-11,23.0,Cap,Nike,,purchase,30,1778597805
317,browser,Malaysia,2025-07-22,24.0,Sunglasses,Ray-Ban,Fashion,view,180,1778597805
342,browser,Malaysia,2025-06-03,69.0,Business Strategy Book,Harvard Press,Books,view,60,1778597805
144,browser,Malaysia,2024-07-02,51.0,Hair Dryer,Philips,Beauty,view,80,1778597805
386,browser,Singapore,2025-07-27,4514.0,Machine Learning Guide,O'Reilly,Books,view,80,1778597805
unknown_user,browser,Thailand,2024-10-01,21.0,Dress,H&M,,view,120,1778597805
306,browser,Vietnam,2025-04-23,19.0,T-Shirt,Uniqlo,Fashion,view,40,1778597805
179,buyer,Malaysia,2024-05-16,8.0,AirPods Pro,Apple,Electronics,view,250,1778597805
282,browser,Malaysia,2025-08-12,,Treadmill,Technogym,,view,1500,1778597805
139,browser,Singapore,2026-01-30,1.0,iPhone 15,Apple,Electronics,view,1200,1778597805
260,casual,Singapore,2025-05-06,62.0,Cycling Helmet,Giro,Sports,view,-640,1778597805
305,browser,Thailand,2024-09-27,36.0,Electric Kettle,Tefal,Home,view,60,1778597805
233,casual,Malaysia,2025-09-05,,Samsung Tablet,Samsung,Electronics,invalid,700,1778597805
54,browser,Malaysia,2026-05-06,33.0,Vacuum Cleaner,Dyson,Home,view,300,1778597805
290,browser,Malaysia,2025-12-20,38.0,Toaster,Philips,Home,view,70,1778597805
unknown_user,casual,Singapore,2024-07-23,56.0,Football,Adidas,Sports,view,40,1778597805
10,browser,Indonesia,2025-01-16,51.0,Hair Dryer,Philips,Beauty,invalid,80,1778597805
37,browser,Philippines,2025-01-06,6.0,Samsung Tablet,Samsung,Electronics,click,700,1778597805
213,browser,Singapore,2024-09-15,3043.0,Treadmill,Technogym,Sports,view,1500,1778597805
243,casual,Malaysia,2024-07-09,54.0,Body Lotion,Dove,Beauty,purchase,125,1778597805
311,browser,Thailand,2025-06-02,1704.0,Vacuum Cleaner,Dyson,Home,view,300,1778597805
333,casual,Thailand,2025-07-21,65.0,Water Bottle,Stanley,,click,25,1778597805
unknown_user,browser,Indonesia,2026-02-19,27.0,Sports Shorts,Nike,Fashion,view,50,1778597805
,casual,Singapore,2025-05-27,,Microwave Oven,Samsung,Home,click,250,1778597805
197,browser,Vietnam,2024-10-12,11.0,Mechanical Keyboard,Logitech,Electronics,view,450,1778597805
93,browser,Singapore,2025-02-09,45.0,Wall Clock,Generic,Home,view,40,1778597805
23,casual,Malaysia,2025-07-26,70.0,Self Development Book,Penguin,,purchase,40,1778597805
335,casual,Malaysia,2025-10-24,52.0,Makeup Kit,Maybelline,Beauty,purchase,120,1778597805
unknown_user,buyer,Malaysia,2024-09-30,18.0,Jeans,Levi's,Fashion,view,80,1778597805
265,casual,Singapore,2025-12-11,37.0,Microwave Oven,Samsung,Home,view,250,1778597805
242,buyer,Thailand,2026-01-20,39.0,Dining Table,Ikea,Home,view,800,1778597805
unknown_user,casual,Indonesia,2026-04-20,37.0,Microwave Oven,Samsung,Home,click,2500,1778597805
249,casual,Singapore,2026-03-11,29.0,Sandals,Havaianas,Fashion,purchase,700,1778597805
141,casual,Singapore,2025-01-02,3.0,MacBook Pro,Apple,Electronics,view,2500,1778597805
13,casual,Malaysia,2024-06-26,,Makeup Kit,Maybelline,,click,-120,1778597805
75,casual,Malaysia,2025-09-12,23.0,Cap,Nike,Fashion,purchase,30,1778597805
95,casual,Malaysia,2025-01-20,21.0,Dress,H&M,Fashion,view,1200,1778597805
375,browser,Thailand,2025-10-03,47.0,Moisturizer,Nivea,Beauty,view,160,1778597805
489,browser,Indonesia,2024-10-26,40.0,Office Chair,Ikea,Home,view,200,1778597805
100,casual,Singapore,2024-07-13,18.0,Jeans,Levi's,,invalid,80,1778597805
214,browser,Vietnam,2024-08-26,1115.0,MacBook Pro,Apple,Electronics,view,22500,1778597805
304,browser,Indonesia,2026-01-14,30.0,Watch,Casio,Fashion,view,750,1778597805
366,browser,Singapore,2025-03-02,68.0,Machine Learning Guide,O'Reilly,,click,80,1778597805
unknown_user,browser,Malaysia,2025-07-02,70.0,Self Development Book,Penguin,Books,view,80,1778597805
257,buyer,Vietnam,2025-09-30,21.0,Dress,H&M,Fashion,view,120,1778597805
479,casual,Malaysia,2025-06-04,10.0,Gaming Laptop,Asus,Electronics,view,11000,1778597805
,casual,Malaysia,2024-11-29,10.0,Gaming Laptop,Asus,Electronics,view,2200,1778597805
,browser,Thailand,2026-01-08,12.0,Wireless Mouse,Logitech,Electronics,view,80,1778597805
461,browser,Malaysia,2025-03-28,23.0,Cap,Nike,Fashion,click,30,1778597805
,browser,Vietnam,2025-04-28,31.0,Coffee Maker,Philips,Home,view,150,1778597805
363,browser,Malaysia,2025-09-25,43.0,Desk Lamp,Philips,Home,click,50,1778597805
406,buyer,Singapore,2024-08-27,48.0,Lipstick,Maybelline,Beauty,purchase,25,1778597805
397,browser,Indonesia,2025-11-22,40.0,Office Chair,Ikea,Home,view,200,1778597805
123,browser,Vietnam,2026-04-22,8.0,AirPods Pro,Apple,Electronics,view,-250,1778597805
138,buyer,Singapore,2025-08-23,1.0,iPhone 15,Apple,Electronics,purchase,1200,1778597805
475,browser,Malaysia,2025-09-14,57.0,Basketball,Nike,Sports,view,50,1778597805
83,browser,Thailand,2024-09-03,22.0,Hoodie,Puma,Fashion,view,90,1778597805
44,buyer,Philippines,2024-09-21,3.0,MacBook Pro,Apple,Electronics,purchase,22500,1778597805
320,buyer,Thailand,2025-10-18,66.0,Python Programming Book,O'Reilly,Books,purchase,50,1778597805
258,browser,Singapore,2025-02-17,58.0,Tennis Racket,Wilson,Sports,view,200,1778597805
165,browser,Philippines,2025-02-22,66.0,Python Programming Book,O'Reilly,Books,invalid,350,1778597805
180,buyer,Malaysia,2025-09-09,8.0,AirPods Pro,Apple,Electronics,view,250,1778597805
,buyer,Malaysia,2024-10-05,56.0,Football,Adidas,Sports,click,40,1778597805
179,buyer,Indonesia,2025-06-16,13.0,4K Monitor,LG,Electronics,purchase,600,1778597805
150,casual,Singapore,2025-10-26,62.0,Cycling Helmet,Giro,Sports,view,80,1778597805
386,browser,Malaysia,2025-03-11,42.0,Sofa,Ikea,Home,invalid,1200,1778597805
74,browser,Malaysia,2024-08-14,10.0,Gaming Laptop,Asus,,view,2200,1778597805
,browser,Singapore,2024-09-09,14.0,External SSD,Samsung,Electronics,view,200,1778597805
488,browser,Indonesia,2025-04-04,,Gaming Laptop,Asus,Electronics,view,2200,1778597805
unknown_user,casual,Singapore,2025-04-22,44.0,Curtains,Ikea,Home,invalid,480,1778597805
,browser,Malaysia,2024-07-12,20.0,Jacket,Zara,Fashion,view,200,1778597805
,buyer,Philippines,2025-06-22,1369.0,Gym Bag,Nike,Sports,view,90,1778597805
435,casual,Singapore,2024-05-23,19.0,T-Shirt,Uniqlo,Fashion,view,40,1778597805
,casual,Malaysia,2024-10-10,66.0,Python Programming Book,O'Reilly,Books,click,50,1778597805
,browser,Singapore,2024-10-06,61.0,Treadmill,Technogym,Sports,view,1500,1778597805
98,browser,Indonesia,2025-04-21,1803.0,Tennis Racket,Wilson,Sports,view,1200,1778597805
484,buyer,Malaysia,2025-10-11,53.0,Sunscreen,Nivea,Beauty,view,35,1778597805
251,browser,Malaysia,2024-05-14,11.0,Mechanical Keyboard,Logitech,Electronics,view,150,1778597805
,buyer,Malaysia,2025-05-01,49.0,Perfume,Dior,,click,150,1778597805
,buyer,Singapore,2024-06-03,57.0,Basketball,Nike,Sports,purchase,50,1778597805
34,casual,Singapore,2024-08-01,39.0,Dining Table,Ikea,Home,invalid,800,1778597805
116,casual,Singapore,2024-10-12,2456.0,Skipping Rope,Decathlon,Sports,view,40,1778597805
14,browser,Thailand,2025-02-20,7.0,Sony Headphones,Sony,Electronics,view,300,1778597805
237,browser,Malaysia,2024-11-23,21.0,Dress,H&M,Fashion,click,240,1778597805
154,browser,Malaysia,2025-04-28,,Running Shoes,Nike,Fashion,view,120,1778597805
470,buyer,Singapore,2024-12-03,,iPad Air,Apple,Electronics,invalid,900,1778597805
445,browser,Malaysia,2024-06-15,1719.0,Air Fryer,Xiaomi,Home,view,180,1778597805
155,browser,Malaysia,2026-01-09,32.0,Air Fryer,Xiaomi,Home,view,180,1778597805
55,buyer,Indonesia,2024-12-21,40.0,Office Chair,Ikea,Home,click,200,1778597805
306,buyer,Malaysia,2025-01-01,,Coffee Maker,Philips,Home,purchase,150,1778597805
83,casual,Singapore,2024-07-23,37.0,Microwave Oven,Samsung,Home,click,250,1778597805
,browser,Singapore,2025-03-29,,Dining Table,Ikea,,view,800,1778597805
84,casual,Malaysia,2025-09-20,57.0,Basketball,Nike,,invalid,50,1778597805
446,casual,Indonesia,2025-11-25,54.0,Body Lotion,Dove,Beauty,view,150,1778597805
72,casual,Singapore,2024-12-28,68.0,Machine Learning Guide,O'Reilly,Books,view,80,1778597805
unknown_user,casual,Thailand,2024-07-16,63.0,Skipping Rope,Decathlon,,view,20,1778597805
491,casual,Indonesia,2024-08-23,,Football,Adidas,Sports,invalid,120,1778597805
unknown_user,browser,Thailand,2025-02-23,51.0,Hair Dryer,Philips,Beauty,view,80,1778597805
389,browser,Malaysia,2025-03-23,25.0,Leather Belt,Levi's,Fashion,invalid,60,1778597805
236,buyer,Thailand,2025-01-15,42.0,Sofa,Ikea,Home,click,1200,1778597805
unknown_user,browser,Malaysia,2025-03-16,62.0,Cycling Helmet,Giro,Sports,click,240,1778597805
1,browser,Philippines,2025-01-24,53.0,Sunscreen,Nivea,Beauty,view,280,1778597805
461,browser,Singapore,2024-10-06,,Jacket,Zara,Fashion,view,200,1778597805
486,casual,Singapore,2025-05-20,18.0,Jeans,Levi's,Fashion,view,320,1778597805
450,casual,Thailand,2024-06-06,67.0,Data Science Handbook,Packt,,view,-70,1778597805
295,casual,Thailand,2024-12-22,2.0,Samsung Galaxy S23,Samsung,Electronics,invalid,-1000,1778597805
156,casual,Indonesia,2025-06-16,59.0,Yoga Mat,Decathlon,,view,300,1778597805
67,casual,Indonesia,2024-06-13,9.0,Smart Watch,Fitbit,Electronics,view,-400,1778597805
286,casual,Malaysia,2024-07-11,,Yoga Mat,Decathlon,Sports,click,60,1778597805
316,browser,Philippines,2025-07-29,4071.0,Treadmill,Technogym,,view,-1500,1778597805
,browser,Malaysia,2025-06-03,8.0,AirPods Pro,Apple,,view,250,1778597805
117,casual,Indonesia,2025-07-26,67.0,Data Science Handbook,Packt,Books,view,70,1778597805
322,browser,Thailand,2024-12-04,38.0,Toaster,Philips,Home,invalid,70,1778597805
51,casual,Malaysia,2025-10-23,21.0,Dress,H&M,Fashion,view,120,1778597805
487,buyer,Singapore,2025-01-25,12.0,Wireless Mouse,Logitech,Electronics,view,80,1778597805
262,buyer,Malaysia,2025-10-30,1.0,iPhone 15,Apple,Electronics,view,1200,1778597805
unknown_user,buyer,Thailand,2025-08-28,3141.0,Sunscreen,Nivea,Beauty,click,35,1778597805
481,browser,Malaysia,2025-10-27,1992.0,4K Monitor,LG,Electronics,invalid,600,1778597805
489,casual,Indonesia,2024-12-20,42.0,Sofa,Ikea,Home,purchase,10800,1778597805
unknown_user,browser,Singapore,2025-06-02,45.0,Wall Clock,Generic,,view,40,1778597805
128,casual,Malaysia,2025-04-15,2645.0,Tennis Racket,Wilson,,view,200,1778597805
189,casual,Malaysia,2026-03-05,39.0,Dining Table,Ikea,Home,view,800,1778597805
298,browser,Malaysia,2025-06-01,50.0,Shampoo,Dove,Beauty,purchase,20,1778597805
179,browser,Malaysia,2024-09-18,60.0,Dumbbells,Decathlon,Sports,view,150,1778597805
319,casual,Indonesia,2025-05-26,35.0,Rice Cooker,Panasonic,Home,invalid,120,1778597805
295,buyer,Singapore,2025-08-22,63.0,Skipping Rope,Decathlon,Sports,purchase,40,1778597805
unknown_user,browser,Indonesia,2024-07-05,66.0,Python Programming Book,O'Reilly,Books,click,50,1778597805
427,casual,Malaysia,2026-03-08,2639.0,Hoodie,Puma,Fashion,purchase,90,1778597805
,browser,Malaysia,2025-01-08,31.0,Coffee Maker,Philips,Home,view,150,1778597805
225,casual,Thailand,2025-05-28,23.0,Cap,Nike,Fashion,invalid,30,1778597805
unknown_user,buyer,Thailand,2025-06-28,3.0,MacBook Pro,Apple,Electronics,click,2500,1778597805
,buyer,Malaysia,2025-06-05,,Cycling Helmet,Giro,Sports,purchase,80,1778597805
unknown_user,browser,Malaysia,2025-01-10,60.0,Dumbbells,Decathlon,Sports,view,150,1778597805
unknown_user,browser,Thailand,2025-10-01,22.0,Hoodie,Puma,Fashion,view,630,1778597805
380,browser,Singapore,2025-11-02,,Makeup Kit,Maybelline,,view,600,1778597805
401,browser,Malaysia,2024-11-07,49.0,Perfume,Dior,Beauty,click,150,1778597805
93,casual,Indonesia,2024-07-14,55.0,Nail Polish,O.P.I,Beauty,purchase,15,1778597805
491,casual,Indonesia,2024-06-28,11.0,Mechanical Keyboard,Logitech,Electronics,purchase,150,1778597805
366,casual,Indonesia,2026-01-15,16.0,Running Shoes,Nike,Fashion,click,120,1778597805
unknown_user,browser,Malaysia,2025-01-18,25.0,Leather Belt,Levi's,,view,-60,1778597805
365,buyer,Philippines,2025-09-15,9.0,Smart Watch,Fitbit,Electronics,invalid,2000,1778597805
410,casual,Malaysia,2025-11-11,16.0,Running Shoes,Nike,Fashion,click,120,1778597805
38,casual,Singapore,2025-03-26,36.0,Electric Kettle,Tefal,Home,view,480,1778597805
15,buyer,Indonesia,2025-06-26,1316.0,Wall Clock,Generic,Home,purchase,40,1778597805
314,browser,Indonesia,2026-03-13,16.0,Running Shoes,Nike,Fashion,view,120,1778597805
51,browser,Malaysia,2024-12-12,47.0,Moisturizer,Nivea,,view,-40,1778597805
,browser,Thailand,2025-10-26,2785.0,Sandals,Havaianas,Fashion,invalid,70,1778597805
364,casual,Indonesia,2026-03-13,46.0,Face Cleanser,Nivea,Beauty,view,30,1778597805
224,browser,Thailand,2025-01-04,11.0,Mechanical Keyboard,Logitech,Electronics,invalid,150,1778597805
unknown_user,casual,Malaysia,2026-02-07,15.0,Bluetooth Speaker,JBL,,click,120,1778597805
162,casual,Malaysia,2024-08-01,42.0,Sofa,Ikea,Home,click,8400,1778597805
68,buyer,Thailand,2026-01-02,37.0,Microwave Oven,Samsung,Home,click,250,1778597805
181,buyer,Indonesia,2024-11-27,69.0,Business Strategy Book,Harvard Press,Books,click,540,1778597805
100,buyer,Singapore,2025-06-23,5.0,iPad Air,Apple,Electronics,purchase,900,1778597805
67,casual,Malaysia,2024-08-30,42.0,Sofa,Ikea,Home,invalid,7200,1778597805
363,browser,Malaysia,2024-05-15,45.0,Wall Clock,Generic,,view,40,1778597805
334,casual,Vietnam,2025-05-20,57.0,Basketball,Nike,Sports,view,50,1778597805
18,browser,Vietnam,2024-12-03,29.0,Sandals,Havaianas,Fashion,view,560,1778597805
277,browser,Malaysia,2025-05-12,3.0,MacBook Pro,Apple,Electronics,view,2500,1778597805
339,browser,Indonesia,2024-10-15,12.0,Wireless Mouse,Logitech,Electronics,view,80,1778597805
306,browser,Vietnam,2024-09-28,3.0,MacBook Pro,Apple,Electronics,click,2500,1778597805
252,browser,Philippines,2025-09-29,56.0,Football,Adidas,Sports,view,40,1778597805
98,browser,Malaysia,2025-09-06,57.0,Basketball,Nike,Sports,view,500,1778597805
unknown_user,browser,Singapore,2025-02-19,61.0,Treadmill,Technogym,Sports,view,1500,1778597805
,casual,Singapore,2026-02-22,30.0,Watch,Casio,Fashion,view,250,1778597805
328,buyer,Malaysia,2026-02-12,2472.0,Nail Polish,O.P.I,Beauty,purchase,15,1778597805
407,browser,Malaysia,2025-11-23,45.0,Wall Clock,Generic,Home,view,320,1778597805
160,buyer,Malaysia,2026-03-13,22.0,Hoodie,Puma,Fashion,view,90,1778597805
6,casual,Singapore,2024-07-08,2852.0,External SSD,Samsung,Electronics,view,200,1778597805
72,buyer,Malaysia,2025-08-31,2.0,Samsung Galaxy S23,Samsung,Electronics,view,1000,1778597805
175,browser,Vietnam,2026-04-01,5000.0,Sofa,Ikea,Home,view,1200,1778597805
342,buyer,Philippines,2025-09-05,48.0,Lipstick,Maybelline,Beauty,invalid,25,1778597805
48,browser,Singapore,2025-05-22,33.0,Vacuum Cleaner,Dyson,Home,view,300,1778597805
233,casual,Vietnam,2025-11-04,41.0,Bed Frame,Ikea,Home,view,-900,1778597805
367,buyer,Singapore,2024-09-04,1012.0,Hoodie,Puma,Fashion,click,-90,1778597805
251,browser,Malaysia,2025-12-29,38.0,Toaster,Philips,Home,invalid,70,1778597805
155,buyer,Malaysia,2025-09-13,3178.0,4K Monitor,LG,Electronics,purchase,600,1778597805
86,browser,Malaysia,2025-09-05,65.0,Water Bottle,Stanley,Sports,view,25,1778597805
403,buyer,Thailand,2025-09-09,18.0,Jeans,Levi's,Fashion,click,80,1778597805
unknown_user,browser,Malaysia,2025-06-11,,Sofa,Ikea,Home,view,1200,1778597805
18,browser,Singapore,2025-01-01,4263.0,Sunscreen,Nivea,Beauty,view,-35,1778597805
253,browser,Thailand,2024-06-25,2767.0,Tennis Racket,Wilson,Sports,invalid,200,1778597805
58,browser,Philippines,2025-11-09,3132.0,Curtains,Ikea,Home,purchase,-1200,1778597805
329,browser,Thailand,2024-06-27,13.0,4K Monitor,LG,Electronics,view,600,1778597805
unknown_user,browser,Malaysia,2025-09-16,5.0,iPad Air,Apple,,view,900,1778597805
490,browser,Indonesia,2024-08-18,51.0,Hair Dryer,Philips,Beauty,view,80,1778597805
461,casual,Malaysia,2025-02-18,39.0,Dining Table,Ikea,Home,view,-800,1778597805
180,browser,Thailand,2025-04-26,57.0,Basketball,Nike,Sports,view,50,1778597805
201,casual,Malaysia,2025-10-12,29.0,Sandals,Havaianas,Fashion,view,-70,1778597805
461,browser,Malaysia,2025-04-29,15.0,Bluetooth Speaker,JBL,Electronics,click,120,1778597805
unknown_user,browser,Malaysia,2024-11-01,,Treadmill,Technogym,Sports,view,1500,1778597805
428,buyer,Singapore,2026-03-14,,Office Chair,Ikea,Home,purchase,200,1778597805
79,browser,Malaysia,2025-07-31,3333.0,Running Shoes,Nike,Fashion,view,120,1778597805
259,casual,Malaysia,2025-07-02,67.0,Data Science Handbook,Packt,,purchase,70,1778597805
8,casual,Indonesia,2024-06-24,,AirPods Pro,Apple,,view,1250,1778597805
430,browser,Thailand,2024-09-23,,Samsung Tablet,Samsung,Electronics,view,700,1778597805
438,browser,Malaysia,2026-03-25,47.0,Moisturizer,Nivea,Beauty,view,-40,1778597805
122,casual,Indonesia,2024-11-18,,Dining Table,Ikea,Home,view,800,1778597805
131,browser,Indonesia,2025-05-10,69.0,Business Strategy Book,Harvard Press,,purchase,60,1778597805
274,browser,Malaysia,2026-04-29,12.0,Wireless Mouse,Logitech,Electronics,view,80,1778597805
,buyer,Thailand,2025-07-20,2.0,Samsung Galaxy S23,Samsung,Electronics,purchase,1000,1778597805
unknown_user,casual,Malaysia,2025-08-16,,Electric Kettle,Tefal,Home,click,60,1778597805
359,browser,Malaysia,2025-08-01,24.0,Sunglasses,Ray-Ban,,view,180,1778597805
312,browser,Malaysia,2025-02-26,63.0,Skipping Rope,Decathlon,Sports,invalid,20,1778597805
1,browser,Singapore,2025-09-20,,Gym Bag,Nike,Sports,view,90,1778597805
302,buyer,Indonesia,2025-12-06,1883.0,Desk Lamp,Philips,Home,click,50,1778597805
422,casual,Indonesia,2025-09-07,27.0,Sports Shorts,Nike,,click,50,1778597805
105,browser,Malaysia,2025-03-12,10.0,Gaming Laptop,Asus,Electronics,invalid,2200,1778597805
406,buyer,Indonesia,2025-05-14,19.0,T-Shirt,Uniqlo,Fashion,purchase,40,1778597805
221,browser,Malaysia,2024-06-20,67.0,Data Science Handbook,Packt,Books,invalid,70,1778597805
262,browser,Malaysia,2025-01-10,25.0,Leather Belt,Levi's,,view,60,1778597805
319,casual,Indonesia,2024-11-18,20.0,Jacket,Zara,,click,200,1778597805
,casual,Malaysia,2024-08-03,11.0,Mechanical Keyboard,Logitech,,view,150,1778597805
133,browser,Singapore,2026-03-27,16.0,Running Shoes,Nike,Fashion,view,120,1778597805
unknown_user,browser,Singapore,2025-02-01,23.0,Cap,Nike,Fashion,view,30,1778597805
340,browser,Malaysia,2025-10-08,4324.0,Bluetooth Speaker,JBL,Electronics,view,120,1778597805
54,casual,Vietnam,2024-09-07,63.0,Skipping Rope,Decathlon,Sports,click,20,1778597805
499,buyer,Indonesia,2026-05-05,2.0,Samsung Galaxy S23,Samsung,,purchase,1000,1778597805
28,casual,Thailand,2024-11-13,63.0,Skipping Rope,Decathlon,Sports,invalid,20,1778597805
unknown_user,casual,Indonesia,2025-09-07,1015.0,Lipstick,Maybelline,Beauty,purchase,25,1778597805
491,casual,Indonesia,2025-02-17,53.0,Sunscreen,Nivea,Beauty,invalid,35,1778597805
20,casual,Thailand,2026-02-15,62.0,Cycling Helmet,Giro,Sports,view,80,1778597805
266,casual,Singapore,2025-09-28,41.0,Bed Frame,Ikea,Home,view,900,1778597805
,casual,Malaysia,2024-10-28,1957.0,Moisturizer,Nivea,Beauty,view,-40,1778597805
258,casual,Thailand,2025-11-21,68.0,Machine Learning Guide,O'Reilly,Books,click,80,1778597805
377,casual,Indonesia,2025-12-17,34.0,Blender,Philips,Home,view,100,1778597805
176,buyer,Malaysia,2025-09-28,4035.0,Samsung Galaxy S23,Samsung,Electronics,invalid,1000,1778597805
101,browser,Singapore,2024-08-29,9.0,Smart Watch,Fitbit,Electronics,view,400,1778597805
,browser,Malaysia,2025-08-29,42.0,Sofa,Ikea,Home,view,1200,1778597805
255,casual,Thailand,2025-09-07,18.0,Jeans,Levi's,Fashion,invalid,80,1778597805
146,casual,Singapore,2025-03-08,48.0,Lipstick,Maybelline,Beauty,purchase,25,1778597805
257,browser,Malaysia,2024-09-08,49.0,Perfume,Dior,Beauty,invalid,-750,1778597805
293,casual,Thailand,2026-04-25,2401.0,Wall Clock,Generic,Home,click,-160,1778597805
331,buyer,Malaysia,2025-04-13,38.0,Toaster,Philips,Home,purchase,70,1778597805
15,browser,Singapore,2025-02-23,16.0,Running Shoes,Nike,Fashion,invalid,1200,1778597805
324,casual,Singapore,2026-03-29,45.0,Wall Clock,Generic,Home,view,40,1778597805
60,casual,Singapore,2025-06-13,14.0,External SSD,Samsung,Electronics,view,200,1778597805
388,buyer,Malaysia,2025-07-07,2640.0,Sofa,Ikea,Home,purchase,1200,1778597805
187,browser,Malaysia,2025-05-27,37.0,Microwave Oven,Samsung,Home,view,250,1778597805
242,buyer,Thailand,2025-10-11,68.0,Machine Learning Guide,O'Reilly,Books,purchase,400,1778597805
499,browser,Indonesia,2025-12-07,3297.0,Desk Lamp,Philips,Home,view,50,1778597805
352,buyer,Singapore,2025-01-27,39.0,Dining Table,Ikea,Home,click,800,1778597805
91,casual,Malaysia,2024-09-18,3218.0,Coffee Maker,Philips,,invalid,150,1778597805
89,browser,Malaysia,2025-08-19,10.0,Gaming Laptop,Asus,Electronics,view,8800,1778597805
154,browser,Singapore,2024-11-02,45.0,Wall Clock,Generic,,view,40,1778597805
481,casual,Singapore,2025-10-19,1906.0,Machine Learning Guide,O'Reilly,Books,view,80,1778597805
115,browser,Malaysia,2026-04-06,27.0,Sports Shorts,Nike,Fashion,view,50,1778597805
74,casual,Malaysia,2025-12-23,2554.0,Curtains,Ikea,Home,view,120,1778597805
356,browser,Malaysia,2024-11-25,67.0,Data Science Handbook,Packt,Books,view,70,1778597805
280,browser,Thailand,2024-05-27,54.0,Body Lotion,Dove,Beauty,view,25,1778597805
189,buyer,Malaysia,2025-09-30,30.0,Watch,Casio,Fashion,purchase,250,1778597805
unknown_user,browser,Singapore,2024-09-11,36.0,Electric Kettle,Tefal,Home,invalid,60,1778597805
205,browser,Vietnam,2025-09-22,19.0,T-Shirt,Uniqlo,,view,40,1778597805
102,browser,Malaysia,2025-07-24,47.0,Moisturizer,Nivea,Beauty,view,40,1778597805
384,casual,Indonesia,2025-07-24,47.0,Moisturizer,Nivea,Beauty,view,200,1778597805
466,browser,Philippines,2025-10-21,23.0,Cap,Nike,Fashion,click,30,1778597805
,casual,Singapore,2024-11-24,67.0,Data Science Handbook,Packt,Books,click,70,1778597805
17,browser,Malaysia,2026-02-12,4929.0,iPhone 15,Apple,Electronics,purchase,1200,1778597805
,buyer,Malaysia,2024-10-12,3196.0,Dumbbells,Decathlon,Sports,purchase,1500,1778597805
333,browser,Malaysia,2025-08-01,41.0,Bed Frame,Ikea,Home,invalid,900,1778597805
365,casual,Singapore,2025-04-02,22.0,Hoodie,Puma,Fashion,click,810,1778597805
366,browser,Singapore,2024-10-11,,Dell XPS 13,Dell,Electronics,click,1800,1778597805
349,casual,Malaysia,2024-05-28,18.0,Jeans,Levi's,,click,80,1778597805
275,buyer,Thailand,2025-11-18,39.0,Dining Table,Ikea,Home,purchase,800,1778597805
282,casual,Thailand,2024-06-30,38.0,Toaster,Philips,Home,view,70,1778597805
254,casual,Malaysia,2026-01-12,70.0,Self Development Book,Penguin,Books,click,40,1778597805
227,browser,Malaysia,2024-08-09,29.0,Sandals,Havaianas,Fashion,view,70,1778597805
108,browser,Indonesia,2026-05-04,3969.0,Samsung Galaxy S23,Samsung,Electronics,click,9000,1778597805
unknown_user,casual,Philippines,2026-04-28,3231.0,External SSD,Samsung,Electronics,purchase,200,1778597805
17,browser,Vietnam,2025-07-07,,Sunscreen,Nivea,Beauty,view,35,1778597805
186,browser,Thailand,2024-09-03,38.0,Toaster,Philips,Home,view,70,1778597805
10,browser,Singapore,2025-05-27,42.0,Sofa,Ikea,Home,click,7200,1778597805
428,buyer,Malaysia,2025-06-24,48.0,Lipstick,Maybelline,,purchase,25,1778597805
172,buyer,Malaysia,2025-11-16,32.0,Air Fryer,Xiaomi,Home,purchase,180,1778597805
188,browser,Malaysia,2025-09-01,57.0,Basketball,Nike,Sports,view,50,1778597805
414,browser,Indonesia,2025-04-23,2298.0,Makeup Kit,Maybelline,Beauty,view,120,1778597805
77,browser,Thailand,2024-09-12,19.0,T-Shirt,Uniqlo,Fashion,view,40,1778597805
270,casual,Malaysia,2024-06-16,32.0,Air Fryer,Xiaomi,Home,click,-180,1778597805
unknown_user,browser,Malaysia,2024-05-30,60.0,Dumbbells,Decathlon,Sports,view,900,1778597805
,buyer,Malaysia,2025-03-23,2584.0,Water Bottle,Stanley,Sports,invalid,25,1778597805
55,browser,Singapore,2024-08-26,,Office Chair,Ikea,Home,view,200,1778597805
18,buyer,Malaysia,2024-09-06,1153.0,Perfume,Dior,Beauty,click,150,1778597805
unknown_user,browser,Malaysia,2025-09-02,57.0,Basketball,Nike,Sports,view,300,1778597805
459,buyer,Thailand,2024-11-09,68.0,Machine Learning Guide,O'Reilly,Books,click,80,1778597805
375,browser,Vietnam,2025-01-14,41.0,Bed Frame,Ikea,Home,view,900,1778597805
162,buyer,Philippines,2026-01-08,47.0,Moisturizer,Nivea,Beauty,purchase,-40,1778597805
195,buyer,Malaysia,2025-02-24,46.0,Face Cleanser,Nivea,Beauty,purchase,30,1778597805
425,browser,Singapore,2026-03-12,12.0,Wireless Mouse,Logitech,Electronics,view,800,1778597805
178,casual,Malaysia,2024-07-27,28.0,Formal Shirt,Zara,Fashion,invalid,90,1778597805
162,browser,Indonesia,2026-02-13,2.0,Samsung Galaxy S23,Samsung,,click,1000,1778597805
342,browser,Singapore,2025-07-29,32.0,Air Fryer,Xiaomi,Home,view,180,1778597805
342,casual,Thailand,2025-04-01,4.0,Dell XPS 13,Dell,Electronics,view,1800,1778597805
,buyer,Malaysia,2025-11-04,31.0,Coffee Maker,Philips,Home,purchase,150,1778597805
unknown_user,buyer,Indonesia,2025-09-08,42.0,Sofa,Ikea,Home,invalid,1200,1778597805
302,browser,Singapore,2026-01-01,49.0,Perfume,Dior,Beauty,view,150,1778597805
unknown_user,casual,Malaysia,2024-08-01,10.0,Gaming Laptop,Asus,Electronics,purchase,2200,1778597805
432,browser,Malaysia,2024-08-20,14.0,External SSD,Samsung,,view,200,1778597805
,casual,Malaysia,2025-01-17,7.0,Sony Headphones,Sony,,click,300,1778597805
142,browser,Malaysia,2024-12-14,,Business Strategy Book,Harvard Press,Books,view,60,1778597805
181,browser,Singapore,2024-12-06,37.0,Microwave Oven,Samsung,,click,2000,1778597805
265,buyer,Indonesia,2025-07-08,31.0,Coffee Maker,Philips,Home,click,150,1778597805
443,casual,Malaysia,2026-04-22,58.0,Tennis Racket,Wilson,,view,-200,1778597805
,casual,Singapore,2025-10-30,63.0,Skipping Rope,Decathlon,,view,140,1778597805
unknown_user,buyer,Singapore,2026-05-10,42.0,Sofa,Ikea,Home,view,6000,1778597805
292,buyer,Malaysia,2024-06-27,31.0,Coffee Maker,Philips,Home,invalid,1200,1778597805
58,casual,Indonesia,2024-06-06,63.0,Skipping Rope,Decathlon,Sports,click,60,1778597805
354,browser,Singapore,2025-12-10,30.0,Watch,Casio,Fashion,view,-250,1778597805
294,browser,Malaysia,2026-03-18,51.0,Hair Dryer,Philips,Beauty,view,80,1778597805
7,browser,Malaysia,2024-11-20,57.0,Basketball,Nike,Sports,view,50,1778597805
201,browser,Philippines,2025-12-10,53.0,Sunscreen,Nivea,Beauty,view,35,1778597805
439,browser,Indonesia,2024-10-14,8.0,AirPods Pro,Apple,,view,250,1778597805
462,browser,Singapore,2024-06-21,,Gym Bag,Nike,,view,360,1778597805
236,browser,Malaysia,2025-05-28,43.0,Desk Lamp,Philips,Home,view,50,1778597805
unknown_user,browser,Philippines,2025-03-03,36.0,Electric Kettle,Tefal,Home,view,60,1778597805
1,browser,Vietnam,2025-02-16,48.0,Lipstick,Maybelline,Beauty,invalid,100,1778597805
unknown_user,browser,Philippines,2024-11-02,15.0,Bluetooth Speaker,JBL,Electronics,invalid,120,1778597805
217,casual,Singapore,2026-03-13,37.0,Microwave Oven,Samsung,Home,purchase,250,1778597805
351,browser,Malaysia,2025-06-10,12.0,Wireless Mouse,Logitech,Electronics,click,80,1778597805
475,browser,Thailand,2025-01-06,33.0,Vacuum Cleaner,Dyson,Home,view,-300,1778597805
437,browser,Thailand,2025-05-14,50.0,Shampoo,Dove,Beauty,click,20,1778597805
,casual,Singapore,2025-11-22,25.0,Leather Belt,Levi's,Fashion,view,60,1778597805
280,buyer,Malaysia,2026-04-11,19.0,T-Shirt,Uniqlo,,click,40,1778597805
82,browser,Malaysia,2025-09-08,28.0,Formal Shirt,Zara,Fashion,view,90,1778597805
12,buyer,Malaysia,2025-12-21,46.0,Face Cleanser,Nivea,Beauty,click,30,1778597805
282,buyer,Malaysia,2025-04-13,,Moisturizer,Nivea,Beauty,purchase,40,1778597805
453,buyer,Indonesia,2025-04-28,4190.0,Dining Table,Ikea,Home,view,800,1778597805
146,buyer,Thailand,2025-10-30,32.0,Air Fryer,Xiaomi,Home,purchase,180,1778597805
323,casual,Indonesia,2024-07-26,68.0,Machine Learning Guide,O'Reilly,Books,view,80,1778597805
280,browser,Thailand,2024-12-12,47.0,Moisturizer,Nivea,Beauty,view,40,1778597805
439,buyer,Indonesia,2025-02-03,35.0,Rice Cooker,Panasonic,Home,click,120,1778597805
83,browser,Thailand,2024-12-16,3.0,MacBook Pro,Apple,Electronics,view,5000,1778597805
279,casual,Malaysia,2025-11-04,,Cycling Helmet,Giro,Sports,purchase,80,1778597805
469,browser,Thailand,2026-04-29,,Bluetooth Speaker,JBL,Electronics,view,120,1778597805
,buyer,Thailand,2025-04-20,68.0,Machine Learning Guide,O'Reilly,Books,purchase,80,1778597805
unknown_user,buyer,Malaysia,2024-08-11,10.0,Gaming Laptop,Asus,Electronics,purchase,-11000,1778597805
358,casual,Philippines,2024-10-21,42.0,Sofa,Ikea,Home,view,1200,1778597805
264,browser,Malaysia,2024-06-11,12.0,Wireless Mouse,Logitech,Electronics,purchase,80,1778597805
,browser,Singapore,2025-10-24,,External SSD,Samsung,Electronics,view,1600,1778597805
90,browser,Vietnam,2024-09-09,34.0,Blender,Philips,Home,view,-100,1778597805
300,buyer,Thailand,2025-10-19,21.0,Dress,H&M,Fashion,click,120,1778597805
unknown_user,browser,Malaysia,2025-08-04,42.0,Sofa,Ikea,Home,view,1200,1778597805
359,casual,Singapore,2026-02-06,23.0,Cap,Nike,Fashion,view,30,1778597805
300,buyer,Singapore,2024-09-20,4931.0,Air Fryer,Xiaomi,Home,purchase,180,1778597805
,browser,Malaysia,2024-09-25,47.0,Moisturizer,Nivea,Beauty,view,40,1778597805
430,buyer,Singapore,2024-06-26,62.0,Cycling Helmet,Giro,Sports,purchase,80,1778597805
163,buyer,Indonesia,2025-07-19,68.0,Machine Learning Guide,O'Reilly,Books,view,320,1778597805
361,buyer,Thailand,2025-02-25,44.0,Curtains,Ikea,Home,click,840,1778597805
489,browser,Singapore,2025-06-30,23.0,Cap,Nike,Fashion,view,30,1778597805
82,browser,Singapore,2025-09-12,1.0,iPhone 15,Apple,Electronics,invalid,1200,1778597805
unknown_user,browser,Malaysia,2024-05-30,9.0,Smart Watch,Fitbit,Electronics,view,400,1778597805
257,browser,Malaysia,2025-05-09,60.0,Dumbbells,Decathlon,Sports,click,-150,1778597805
,browser,Thailand,2025-01-23,3.0,MacBook Pro,Apple,Electronics,view,2500,1778597805
unknown_user,browser,Malaysia,2025-05-26,33.0,Vacuum Cleaner,Dyson,Home,view,300,1778597805
,buyer,Thailand,2026-03-27,6.0,Samsung Tablet,Samsung,Electronics,purchase,700,1778597805
231,buyer,Philippines,2025-06-18,,Tennis Racket,Wilson,Sports,invalid,1400,1778597805
266,casual,Malaysia,2025-06-21,,Wall Clock,Generic,Home,view,40,1778597805
395,buyer,Thailand,2025-07-09,26.0,Backpack,Adidas,Fashion,view,100,1778597805
,browser,Indonesia,2024-08-17,49.0,Perfume,Dior,Beauty,view,150,1778597805
364,browser,Indonesia,2024-09-22,1118.0,Sofa,Ikea,Home,view,10800,1778597805
339,browser,Malaysia,2026-03-08,9.0,Smart Watch,Fitbit,Electronics,view,400,1778597805
492,browser,Singapore,2024-08-15,31.0,Coffee Maker,Philips,Home,view,150,1778597805
198,buyer,Malaysia,2025-12-19,52.0,Makeup Kit,Maybelline,Beauty,invalid,120,1778597805
unknown_user,browser,Thailand,2024-05-28,2803.0,Samsung Tablet,Samsung,Electronics,view,700,1778597805
490,casual,Malaysia,2025-01-20,12.0,Wireless Mouse,Logitech,Electronics,purchase,80,1778597805
108,browser,Malaysia,2025-10-14,13.0,4K Monitor,LG,Electronics,view,600,1778597805
,buyer,Singapore,2025-11-18,60.0,Dumbbells,Decathlon,Sports,purchase,150,1778597805
190,browser,Indonesia,2026-02-12,64.0,Gym Bag,Nike,Sports,click,-90,1778597805
37,buyer,Malaysia,2025-07-02,43.0,Desk Lamp,Philips,Home,click,50,1778597805
262,browser,Thailand,2024-12-15,,Smart Watch,Fitbit,,view,400,1778597805
477,browser,Indonesia,2025-09-01,,Formal Shirt,Zara,Fashion,invalid,90,1778597805
294,browser,Indonesia,2025-11-28,52.0,Makeup Kit,Maybelline,Beauty,view,120,1778597805
unknown_user,buyer,Malaysia,2025-06-29,22.0,Hoodie,Puma,Fashion,view,90,1778597805
376,buyer,Malaysia,2025-10-17,,Formal Shirt,Zara,Fashion,click,90,1778597805
498,buyer,Thailand,2025-02-09,,Running Shoes,Nike,Fashion,purchase,-120,1778597805
44,casual,Malaysia,2024-07-29,,Cycling Helmet,Giro,Sports,purchase,80,1778597805
,casual,Thailand,2024-06-28,11.0,Mechanical Keyboard,Logitech,Electronics,view,150,1778597805
134,buyer,Philippines,2024-06-23,62.0,Cycling Helmet,Giro,Sports,purchase,80,1778597805
451,browser,Vietnam,2025-02-02,42.0,Sofa,Ikea,Home,view,1200,1778597805
92,browser,Malaysia,2024-09-06,9.0,Smart Watch,Fitbit,,view,400,1778597805
486,casual,Indonesia,2026-05-03,50.0,Shampoo,Dove,Beauty,view,-20,1778597805
,buyer,Singapore,2025-07-15,61.0,Treadmill,Technogym,Sports,purchase,1500,1778597805
132,casual,Thailand,2025-09-12,65.0,Water Bottle,Stanley,,click,25,1778597805
164,browser,Indonesia,2025-01-01,,Dumbbells,Decathlon,Sports,view,150,1778597805
382,buyer,Philippines,2024-07-12,59.0,Yoga Mat,Decathlon,Sports,view,180,1778597805
200,browser,Philippines,2024-10-24,55.0,Nail Polish,O.P.I,Beauty,view,75,1778597805
4,browser,Malaysia,2024-06-29,4.0,Dell XPS 13,Dell,Electronics,invalid,1800,1778597805
116,buyer,Malaysia,2025-07-02,58.0,Tennis Racket,Wilson,Sports,click,200,1778597805
176,buyer,Malaysia,2025-12-25,35.0,Rice Cooker,Panasonic,Home,invalid,960,1778597805
451,casual,Thailand,2025-11-19,21.0,Dress,H&M,Fashion,click,120,1778597805
254,browser,Philippines,2024-12-25,42.0,Sofa,Ikea,Home,click,1200,1778597805
87,casual,Philippines,2025-11-28,12.0,Wireless Mouse,Logitech,Electronics,purchase,560,1778597805
unknown_user,browser,Malaysia,2024-07-24,12.0,Wireless Mouse,Logitech,Electronics,view,80,1778597805
unknown_user,casual,Singapore,2024-06-16,16.0,Running Shoes,Nike,Fashion,view,120,1778597805
418,browser,Singapore,2024-12-19,29.0,Sandals,Havaianas,Fashion,view,70,1778597805
66,casual,Indonesia,2025-11-19,38.0,Toaster,Philips,Home,view,70,1778597805
,browser,Singapore,2025-05-06,26.0,Backpack,Adidas,Fashion,view,100,1778597805
392,casual,Malaysia,2026-02-03,8.0,AirPods Pro,Apple,Electronics,click,1500,1778597805
280,browser,Malaysia,2025-03-26,23.0,Cap,Nike,Fashion,view,30,1778597805
357,casual,Malaysia,2024-09-16,30.0,Watch,Casio,,view,250,1778597805
,buyer,Singapore,2024-12-20,30.0,Watch,Casio,Fashion,purchase,250,1778597805
386,buyer,Malaysia,2024-07-27,,Dress,H&M,,purchase,120,1778597805
150,browser,Malaysia,2025-08-06,,Treadmill,Technogym,Sports,view,1500,1778597805
91,browser,Singapore,2025-11-18,24.0,Sunglasses,Ray-Ban,Fashion,click,-180,1778597805
458,browser,Indonesia,2025-04-01,45.0,Wall Clock,Generic,Home,view,-40,1778597805
146,browser,Malaysia,2026-03-26,41.0,Bed Frame,Ikea,Home,view,900,1778597805
401,casual,Singapore,2024-06-23,6.0,Samsung Tablet,Samsung,Electronics,view,700,1778597805
23,casual,Thailand,2025-06-18,,Treadmill,Technogym,Sports,purchase,1500,1778597805
276,buyer,Indonesia,2025-05-12,16.0,Running Shoes,Nike,Fashion,click,120,1778597805
,casual,Thailand,2025-05-08,5.0,iPad Air,Apple,Electronics,view,-900,1778597805
352,casual,Thailand,2024-10-20,54.0,Body Lotion,Dove,Beauty,view,25,1778597805
31,browser,Malaysia,2026-01-09,62.0,Cycling Helmet,Giro,Sports,view,80,1778597805
184,browser,Malaysia,2026-04-03,6.0,Samsung Tablet,Samsung,Electronics,view,-700,1778597805
133,casual,Indonesia,2025-12-30,9.0,Smart Watch,Fitbit,Electronics,view,400,1778597805
306,browser,Malaysia,2024-09-08,2.0,Samsung Galaxy S23,Samsung,Electronics,click,1000,1778597805
unknown_user,browser,Philippines,2024-09-05,1359.0,Jeans,Levi's,Fashion,click,80,1778597805
139,casual,Malaysia,2025-09-09,35.0,Rice Cooker,Panasonic,Home,view,120,1778597805
,browser,Indonesia,2025-07-02,31.0,Coffee Maker,Philips,Home,view,600,1778597805
316,browser,Malaysia,2024-11-01,16.0,Running Shoes,Nike,Fashion,view,120,1778597805
unknown_user,buyer,Singapore,2026-03-20,,Dress,H&M,Fashion,purchase,120,1778597805
233,browser,Indonesia,2025-11-22,28.0,Formal Shirt,Zara,Fashion,view,90,1778597805
182,casual,Malaysia,2025-03-31,2618.0,Dell XPS 13,Dell,Electronics,purchase,1800,1778597805
155,buyer,Malaysia,2025-08-03,27.0,Sports Shorts,Nike,Fashion,purchase,150,1778597805
432,buyer,Malaysia,2026-05-05,4917.0,Machine Learning Guide,O'Reilly,Books,click,80,1778597805
464,browser,Thailand,2025-12-21,60.0,Dumbbells,Decathlon,Sports,view,300,1778597805
440,casual,Thailand,2025-12-06,,Coffee Maker,Philips,Home,purchase,450,1778597805
433,browser,Philippines,2024-11-17,17.0,Sneakers,Adidas,Fashion,purchase,150,1778597805
83,browser,Malaysia,2024-06-19,60.0,Dumbbells,Decathlon,Sports,view,150,1778597805
488,browser,Malaysia,2026-02-13,34.0,Blender,Philips,Home,view,100,1778597805
275,buyer,Malaysia,2024-07-10,26.0,Backpack,Adidas,Fashion,click,100,1778597805
394,casual,Singapore,2025-02-15,12.0,Wireless Mouse,Logitech,Electronics,view,-80,1778597805
408,browser,Malaysia,2026-03-28,48.0,Lipstick,Maybelline,Beauty,view,25,1778597805
378,browser,Singapore,2025-05-10,34.0,Blender,Philips,,view,100,1778597805
unknown_user,casual,Philippines,2025-06-03,27.0,Sports Shorts,Nike,Fashion,view,-50,1778597805
49,browser,Indonesia,2025-09-07,7.0,Sony Headphones,Sony,Electronics,view,300,1778597805
283,casual,Malaysia,2026-01-17,5.0,iPad Air,Apple,Electronics,view,900,1778597805
320,browser,Malaysia,2025-06-29,42.0,Sofa,Ikea,Home,view,1200,1778597805
,browser,Malaysia,2025-01-02,48.0,Lipstick,Maybelline,Beauty,view,25,1778597805
383,browser,Thailand,2024-09-16,49.0,Perfume,Dior,Beauty,view,150,1778597805
10,browser,Malaysia,2024-05-20,65.0,Water Bottle,Stanley,Sports,view,25,1778597805
285,buyer,Thailand,2024-09-08,21.0,Dress,H&M,Fashion,purchase,120,1778597805
,casual,Malaysia,2025-10-30,31.0,Coffee Maker,Philips,Home,purchase,150,1778597805
217,buyer,Malaysia,2024-10-18,17.0,Sneakers,Adidas,Fashion,view,1200,1778597805
214,browser,Indonesia,2024-07-07,48.0,Lipstick,Maybelline,Beauty,click,25,1778597805
456,browser,Indonesia,2025-04-21,60.0,Dumbbells,Decathlon,Sports,view,1200,1778597805
unknown_user,casual,Indonesia,2026-02-21,,iPad Air,Apple,Electronics,click,900,1778597805
117,casual,Philippines,2025-02-11,66.0,Python Programming Book,O'Reilly,Books,view,-50,1778597805
137,browser,Malaysia,2025-05-21,62.0,Cycling Helmet,Giro,Sports,view,80,1778597805
253,casual,Philippines,2025-03-06,50.0,Shampoo,Dove,Beauty,invalid,20,1778597805
6,browser,Thailand,2025-12-24,51.0,Hair Dryer,Philips,Beauty,view,80,1778597805
420,browser,Malaysia,2025-10-31,58.0,Tennis Racket,Wilson,Sports,view,200,1778597805
214,browser,Indonesia,2026-01-17,42.0,Sofa,Ikea,Home,view,1200,1778597805
146,browser,Philippines,2024-08-21,48.0,Lipstick,Maybelline,,view,25,1778597805
173,casual,Malaysia,2024-09-26,54.0,Body Lotion,Dove,Beauty,click,25,1778597805
unknown_user,buyer,Malaysia,2025-03-05,49.0,Perfume,Dior,,click,150,1778597805
499,casual,Malaysia,2024-11-28,42.0,Sofa,Ikea,Home,view,1200,1778597805
,browser,Philippines,2024-12-11,2.0,Samsung Galaxy S23,Samsung,Electronics,view,1000,1778597805
229,casual,Thailand,2025-04-04,58.0,Tennis Racket,Wilson,,click,1000,1778597805
306,buyer,Singapore,2025-02-24,68.0,Machine Learning Guide,O'Reilly,Books,invalid,-80,1778597805
unknown_user,browser,Philippines,2025-08-09,2001.0,Sofa,Ikea,Home,view,1200,1778597805
484,casual,Singapore,2025-10-23,23.0,Cap,Nike,Fashion,purchase,30,1778597805
,browser,Vietnam,2026-01-07,42.0,Sofa,Ikea,Home,view,12000,1778597805
,browser,Singapore,2026-01-18,29.0,Sandals,Havaianas,Fashion,view,70,1778597805
291,browser,Singapore,2026-04-12,43.0,Desk Lamp,Philips,Home,view,50,1778597805
355,casual,Thailand,2025-09-10,44.0,Curtains,Ikea,Home,invalid,120,1778597805
,casual,Indonesia,2026-03-13,17.0,Sneakers,Adidas,Fashion,invalid,1200,1778597805
219,casual,Malaysia,2025-01-19,41.0,Bed Frame,Ikea,Home,view,900,1778597805
240,buyer,Malaysia,2026-01-25,14.0,External SSD,Samsung,Electronics,view,1800,1778597805
unknown_user,browser,Malaysia,2025-09-15,,Basketball,Nike,Sports,view,50,1778597805
327,buyer,Malaysia,2025-02-25,16.0,Running Shoes,Nike,Fashion,click,-360,1778597805
90,buyer,Indonesia,2024-06-29,,Sony Headphones,Sony,Electronics,purchase,300,1778597805
152,browser,Thailand,2024-12-15,70.0,Self Development Book,Penguin,Books,view,40,1778597805
433,buyer,Thailand,2025-07-03,65.0,Water Bottle,Stanley,Sports,click,25,1778597805
93,browser,Malaysia,2025-09-08,67.0,Data Science Handbook,Packt,Books,view,70,1778597805
unknown_user,casual,Indonesia,2026-03-14,54.0,Body Lotion,Dove,Beauty,view,125,1778597805
386,browser,Malaysia,2024-11-15,30.0,Watch,Casio,Fashion,view,250,1778597805
52,browser,Singapore,2024-12-09,1822.0,Lipstick,Maybelline,Beauty,view,25,1778597805
,browser,Malaysia,2025-01-11,4600.0,Water Bottle,Stanley,Sports,view,25,1778597805
434,browser,Thailand,2024-09-14,13.0,4K Monitor,LG,,invalid,600,1778597805
278,buyer,Malaysia,2026-05-04,70.0,Self Development Book,Penguin,,purchase,40,1778597805
500,casual,Singapore,2025-11-14,54.0,Body Lotion,Dove,Beauty,view,100,1778597805
293,browser,Thailand,2025-05-08,56.0,Football,Adidas,Sports,view,40,1778597805
unknown_user,browser,Singapore,2024-08-10,46.0,Face Cleanser,Nivea,Beauty,view,30,1778597805
,browser,Singapore,2025-03-18,45.0,Wall Clock,Generic,Home,view,40,1778597805
294,casual,Thailand,2025-12-02,38.0,Toaster,Philips,Home,invalid,-70,1778597805
33,browser,Malaysia,2026-04-06,,Formal Shirt,Zara,Fashion,purchase,90,1778597805
259,casual,Malaysia,2024-06-10,29.0,Sandals,Havaianas,Fashion,purchase,70,1778597805
,browser,Thailand,2025-02-06,4324.0,Bluetooth Speaker,JBL,Electronics,invalid,120,1778597805
,buyer,Thailand,2024-07-29,21.0,Dress,H&M,Fashion,purchase,120,1778597805
98,buyer,Malaysia,2025-11-14,27.0,Sports Shorts,Nike,Fashion,view,50,1778597805
201,buyer,Malaysia,2026-03-05,42.0,Sofa,Ikea,,click,-1200,1778597805
180,buyer,Malaysia,2025-10-26,,Bed Frame,Ikea,Home,click,900,1778597805
unknown_user,browser,Malaysia,2025-09-09,25.0,Leather Belt,Levi's,Fashion,invalid,120,1778597805
186,browser,Malaysia,2025-11-05,60.0,Dumbbells,Decathlon,Sports,view,150,1778597805
210,casual,Malaysia,2025-07-08,15.0,Bluetooth Speaker,JBL,Electronics,view,120,1778597805
355,casual,Malaysia,2024-06-19,51.0,Hair Dryer,Philips,Beauty,click,80,1778597805
59,browser,Thailand,2025-10-30,49.0,Perfume,Dior,Beauty,view,150,1778597805
260,browser,Vietnam,2024-07-29,47.0,Moisturizer,Nivea,Beauty,view,40,1778597805
334,casual,Singapore,2025-09-13,51.0,Hair Dryer,Philips,Beauty,purchase,80,1778597805
282,casual,Philippines,2025-11-29,40.0,Office Chair,Ikea,Home,click,200,1778597805
293,buyer,Thailand,2025-01-22,,4K Monitor,LG,Electronics,click,600,1778597805
372,browser,Malaysia,2024-09-23,58.0,Tennis Racket,Wilson,Sports,view,200,1778597805
314,browser,Malaysia,2026-02-06,37.0,Microwave Oven,Samsung,Home,view,250,1778597805
284,casual,Philippines,2024-06-16,59.0,Yoga Mat,Decathlon,Sports,view,-60,1778597805
unknown_user,casual,Indonesia,2025-06-18,52.0,Makeup Kit,Maybelline,Beauty,view,120,1778597805
310,buyer,Indonesia,2026-01-31,1371.0,Dell XPS 13,Dell,Electronics,view,9000,1778597805
347,buyer,Malaysia,2025-04-15,1962.0,Sofa,Ikea,Home,purchase,1200,1778597805
171,browser,Malaysia,2024-08-11,9.0,Smart Watch,Fitbit,Electronics,click,-400,1778597805
66,browser,Thailand,2024-11-13,2993.0,Dell XPS 13,Dell,Electronics,view,1800,1778597805
278,browser,Malaysia,2024-09-12,,Python Programming Book,O'Reilly,Books,invalid,50,1778597805
370,casual,Singapore,2026-02-03,,Nail Polish,O.P.I,Beauty,view,15,1778597805
398,casual,Malaysia,2024-11-17,29.0,Sandals,Havaianas,Fashion,view,-70,1778597805
328,browser,Thailand,2025-09-07,11.0,Mechanical Keyboard,Logitech,Electronics,view,150,1778597805
111,buyer,Singapore,2025-09-21,25.0,Leather Belt,Levi's,,purchase,-60,1778597805
unknown_user,casual,Malaysia,2025-09-30,20.0,Jacket,Zara,Fashion,view,200,1778597805
37,casual,Thailand,2025-01-10,70.0,Self Development Book,Penguin,,click,40,1778597805
84,browser,Thailand,2025-02-14,44.0,Curtains,Ikea,Home,view,120,1778597805
429,browser,Thailand,2024-06-19,3983.0,Office Chair,Ikea,,view,200,1778597805
394,casual,Thailand,2025-02-19,12.0,Wireless Mouse,Logitech,Electronics,purchase,80,1778597805
unknown_user,browser,Malaysia,2024-07-06,60.0,Dumbbells,Decathlon,Sports,view,150,1778597805
351,casual,Singapore,2024-06-05,4.0,Dell XPS 13,Dell,Electronics,view,1800,1778597805
344,buyer,Malaysia,2025-03-18,30.0,Watch,Casio,Fashion,click,250,1778597805
,browser,Philippines,2025-04-01,39.0,Dining Table,Ikea,Home,view,800,1778597805
43,buyer,Malaysia,2024-10-09,10.0,Gaming Laptop,Asus,Electronics,click,2200,1778597805
60,browser,Malaysia,2025-02-11,30.0,Watch,Casio,Fashion,view,250,1778597805
443,browser,Vietnam,2024-08-09,11.0,Mechanical Keyboard,Logitech,Electronics,view,750,1778597805
13,browser,Thailand,2025-12-23,2150.0,Samsung Tablet,Samsung,Electronics,click,-7000,1778597805
unknown_user,casual,Singapore,2025-03-09,23.0,Cap,Nike,Fashion,click,30,1778597805
,casual,Singapore,2025-04-25,57.0,Basketball,Nike,Sports,click,300,1778597805
43,browser,Malaysia,2025-11-02,44.0,Curtains,Ikea,Home,view,120,1778597805
409,browser,Singapore,2025-07-12,18.0,Jeans,Levi's,Fashion,view,80,1778597805
206,casual,Thailand,2026-02-02,45.0,Wall Clock,Generic,Home,view,40,1778597805
,browser,Malaysia,2024-11-02,32.0,Air Fryer,Xiaomi,Home,view,180,1778597805
232,buyer,Thailand,2026-01-04,19.0,T-Shirt,Uniqlo,Fashion,click,40,1778597805
312,browser,Thailand,2025-04-21,3889.0,Jeans,Levi's,,view,80,1778597805
,buyer,Thailand,2025-06-29,2281.0,Jeans,Levi's,Fashion,purchase,80,1778597805
457,browser,Singapore,2024-06-02,2819.0,Treadmill,Technogym,Sports,view,-9000,1778597805
,casual,Malaysia,2026-01-09,,4K Monitor,LG,Electronics,view,-600,1778597805
371,browser,Indonesia,2026-04-17,42.0,Sofa,Ikea,Home,click,1200,1778597805
165,casual,Thailand,2025-08-22,20.0,Jacket,Zara,Fashion,view,200,1778597805
unknown_user,casual,Vietnam,2025-07-13,26.0,Backpack,Adidas,Fashion,view,100,1778597805
unknown_user,casual,Thailand,2024-07-11,44.0,Curtains,Ikea,Home,click,120,1778597805
121,browser,Malaysia,2025-02-27,50.0,Shampoo,Dove,,view,20,1778597805
229,buyer,Malaysia,2025-12-20,18.0,Jeans,Levi's,Fashion,purchase,80,1778597805
unknown_user,casual,Indonesia,2025-08-04,23.0,Cap,Nike,,purchase,180,1778597805
473,casual,Philippines,2025-07-06,42.0,Sofa,Ikea,Home,invalid,1200,1778597805
unknown_user,browser,Malaysia,2024-08-17,25.0,Leather Belt,Levi's,Fashion,view,60,1778597805
258,buyer,Thailand,2025-02-01,29.0,Sandals,Havaianas,Fashion,click,-70,1778597805
441,browser,Malaysia,2025-12-17,,Samsung Tablet,Samsung,Electronics,view,700,1778597805
unknown_user,browser,Malaysia,2026-02-13,14.0,External SSD,Samsung,Electronics,view,200,1778597805
420,casual,Malaysia,2024-08-15,28.0,Formal Shirt,Zara,Fashion,view,540,1778597805
183,buyer,Philippines,2025-09-15,15.0,Bluetooth Speaker,JBL,Electronics,purchase,120,1778597805
181,casual,Malaysia,2025-02-10,60.0,Dumbbells,Decathlon,Sports,purchase,150,1778597805
481,browser,Philippines,2024-10-16,2978.0,Curtains,Ikea,,view,120,1778597805
193,browser,Singapore,2024-09-15,33.0,Vacuum Cleaner,Dyson,Home,view,300,1778597805
398,buyer,Indonesia,2026-03-29,54.0,Body Lotion,Dove,Beauty,view,175,1778597805
,casual,Malaysia,2025-05-04,16.0,Running Shoes,Nike,Fashion,click,120,1778597805
383,browser,Indonesia,2024-08-03,30.0,Watch,Casio,Fashion,view,250,1778597805
221,casual,Singapore,2025-05-27,10.0,Gaming Laptop,Asus,Electronics,invalid,2200,1778597805
330,browser,Malaysia,2024-12-10,3108.0,Sunglasses,Ray-Ban,Fashion,click,180,1778597805
440,casual,Singapore,2025-12-19,30.0,Watch,Casio,Fashion,view,250,1778597805
320,browser,Malaysia,2026-03-30,23.0,Cap,Nike,Fashion,view,30,1778597805
,browser,Singapore,2025-02-21,48.0,Lipstick,Maybelline,Beauty,view,25,1778597805
106,browser,Singapore,2024-05-14,54.0,Body Lotion,Dove,,view,25,1778597805
74,buyer,Thailand,2026-01-17,70.0,Self Development Book,Penguin,Books,purchase,160,1778597805
,buyer,Malaysia,2024-10-16,14.0,External SSD,Samsung,Electronics,purchase,200,1778597805
49,browser,Indonesia,2026-05-04,67.0,Data Science Handbook,Packt,Books,invalid,70,1778597805
249,casual,Thailand,2024-10-05,56.0,Football,Adidas,Sports,view,40,1778597805
494,browser,Indonesia,2025-07-18,22.0,Hoodie,Puma,,view,90,1778597805
105,browser,Malaysia,2025-02-25,40.0,Office Chair,Ikea,,view,200,1778597805
89,casual,Vietnam,2025-09-29,50.0,Shampoo,Dove,,view,20,1778597805
257,browser,Malaysia,2025-06-22,4991.0,Running Shoes,Nike,Fashion,view,120,1778597805
,buyer,Singapore,2024-11-25,42.0,Sofa,Ikea,Home,view,1200,1778597805
,browser,Indonesia,2026-05-05,15.0,Bluetooth Speaker,JBL,Electronics,view,-600,1778597805
144,browser,Thailand,2024-12-21,2362.0,Electric Kettle,Tefal,Home,view,60,1778597805
295,casual,Thailand,2024-12-13,16.0,Running Shoes,Nike,Fashion,purchase,120,1778597805
108,casual,Indonesia,2024-10-13,45.0,Wall Clock,Generic,Home,invalid,40,1778597805
,casual,Singapore,2024-09-30,12.0,Wireless Mouse,Logitech,Electronics,click,80,1778597805
,browser,Malaysia,2025-02-13,12.0,Wireless Mouse,Logitech,Electronics,view,80,1778597805
39,buyer,Thailand,2025-01-07,69.0,Business Strategy Book,Harvard Press,Books,view,60,1778597805
33,browser,Singapore,2025-07-28,34.0,Blender,Philips,,view,100,1778597805
,browser,Malaysia,2024-11-24,11.0,Mechanical Keyboard,Logitech,Electronics,view,1050,1778597805
346,casual,Singapore,2024-12-30,4260.0,Sony Headphones,Sony,Electronics,purchase,300,1778597805
,casual,Malaysia,2024-11-02,27.0,Sports Shorts,Nike,Fashion,view,400,1778597805
,casual,Singapore,2024-09-27,70.0,Self Development Book,Penguin,Books,click,360,1778597805
77,casual,Malaysia,2025-03-18,62.0,Cycling Helmet,Giro,Sports,view,80,1778597805
289,browser,Philippines,2024-12-03,45.0,Wall Clock,Generic,Home,invalid,40,1778597805
unknown_user,browser,Indonesia,2026-03-22,5.0,iPad Air,Apple,Electronics,view,900,1778597805
75,buyer,Malaysia,2025-06-02,25.0,Leather Belt,Levi's,Fashion,click,-60,1778597805
313,buyer,Malaysia,2026-03-22,61.0,Treadmill,Technogym,Sports,purchase,1500,1778597805
284,casual,Indonesia,2024-10-01,39.0,Dining Table,Ikea,Home,view,-5600,1778597805
387,casual,Malaysia,2025-08-28,64.0,Gym Bag,Nike,Sports,view,90,1778597805
216,buyer,Singapore,2026-01-18,,Machine Learning Guide,O'Reilly,Books,view,-80,1778597805
274,casual,Malaysia,2025-03-28,,Bed Frame,Ikea,Home,purchase,-900,1778597805
278,casual,Vietnam,2024-10-03,14.0,External SSD,Samsung,Electronics,invalid,1000,1778597805
292,browser,Singapore,2024-09-14,59.0,Yoga Mat,Decathlon,Sports,view,60,1778597805
,browser,Singapore,2025-09-15,1340.0,Smart Watch,Fitbit,Electronics,view,400,1778597805
364,casual,Thailand,2025-06-18,66.0,Python Programming Book,O'Reilly,Books,view,50,1778597805
58,casual,Singapore,2026-05-05,16.0,Running Shoes,Nike,Fashion,purchase,120,1778597805
6,browser,Malaysia,2026-01-12,57.0,Basketball,Nike,Sports,view,50,1778597805
30,buyer,Malaysia,2025-10-21,34.0,Blender,Philips,Home,purchase,100,1778597805
159,buyer,Malaysia,2024-10-24,1988.0,Yoga Mat,Decathlon,Sports,purchase,60,1778597805
340,casual,Malaysia,2024-10-14,51.0,Hair Dryer,Philips,Beauty,click,-80,1778597805
49,buyer,Malaysia,2026-02-16,,Leather Belt,Levi's,,click,60,1778597805
377,browser,Malaysia,2025-05-23,33.0,Vacuum Cleaner,Dyson,Home,invalid,300,1778597805
94,casual,Singapore,2026-01-23,44.0,Curtains,Ikea,Home,view,120,1778597805
208,casual,Malaysia,2025-11-25,,Mechanical Keyboard,Logitech,Electronics,click,-150,1778597805
unknown_user,casual,Malaysia,2024-08-26,27.0,Sports Shorts,Nike,Fashion,invalid,150,1778597805
368,buyer,Thailand,2024-07-05,20.0,Jacket,Zara,Fashion,purchase,200,1778597805
106,casual,Thailand,2024-06-22,,Jacket,Zara,Fashion,view,800,1778597805
344,casual,Thailand,2026-01-11,66.0,Python Programming Book,O'Reilly,Books,click,-50,1778597805
,casual,Thailand,2025-12-30,9.0,Smart Watch,Fitbit,Electronics,view,400,1778597805
475,browser,Vietnam,2025-05-24,5.0,iPad Air,Apple,Electronics,view,900,1778597805
111,browser,Malaysia,2024-10-02,67.0,Data Science Handbook,Packt,Books,view,-70,1778597805
142,browser,Philippines,2025-03-29,9.0,Smart Watch,Fitbit,Electronics,view,400,1778597805
,buyer,Thailand,2026-03-28,40.0,Office Chair,Ikea,Home,purchase,200,1778597805
319,buyer,Malaysia,2024-07-26,43.0,Desk Lamp,Philips,Home,click,50,1778597805
,buyer,Indonesia,2026-04-08,55.0,Nail Polish,O.P.I,,click,15,1778597805
,buyer,Malaysia,2025-04-20,40.0,Office Chair,Ikea,Home,purchase,200,1778597805
486,casual,Malaysia,2026-04-09,29.0,Sandals,Havaianas,Fashion,purchase,70,1778597805
116,browser,Vietnam,2026-04-13,20.0,Jacket,Zara,Fashion,invalid,200,1778597805
,casual,Singapore,2024-10-20,44.0,Curtains,Ikea,Home,view,120,1778597805
76,browser,Malaysia,2024-11-09,60.0,Dumbbells,Decathlon,,view,-150,1778597805
5,casual,Indonesia,2024-10-01,4.0,Dell XPS 13,Dell,Electronics,view,1800,1778597805
204,browser,Thailand,2026-01-23,32.0,Air Fryer,Xiaomi,Home,view,180,1778597805
247,casual,Vietnam,2026-02-20,58.0,Tennis Racket,Wilson,Sports,view,1400,1778597805
440,browser,Indonesia,2025-08-01,66.0,Python Programming Book,O'Reilly,Books,view,200,1778597805
342,browser,Malaysia,2025-05-30,43.0,Desk Lamp,Philips,Home,view,50,1778597805
271,buyer,Thailand,2025-05-12,47.0,Moisturizer,Nivea,Beauty,purchase,40,1778597805
188,casual,Thailand,2026-04-01,46.0,Face Cleanser,Nivea,,purchase,30,1778597805
330,buyer,Singapore,2025-03-08,,Dining Table,Ikea,Home,purchase,-800,1778597805
188,casual,Malaysia,2025-08-24,61.0,Treadmill,Technogym,Sports,view,1500,1778597805
,casual,Singapore,2024-07-29,38.0,Toaster,Philips,,purchase,70,1778597805
161,buyer,Thailand,2024-12-04,12.0,Wireless Mouse,Logitech,Electronics,view,80,1778597805
251,casual,Singapore,2024-12-13,38.0,Toaster,Philips,Home,view,70,1778597805
339,buyer,Indonesia,2025-07-11,8.0,AirPods Pro,Apple,Electronics,click,-250,1778597805
,browser,Malaysia,2025-02-14,35.0,Rice Cooker,Panasonic,Home,view,-120,1778597805
360,browser,Indonesia,2025-12-28,50.0,Shampoo,Dove,Beauty,view,20,1778597805
269,browser,Indonesia,2025-11-15,17.0,Sneakers,Adidas,Fashion,invalid,150,1778597805
259,casual,Malaysia,2025-04-23,64.0,Gym Bag,Nike,Sports,view,90,1778597805
458,buyer,Indonesia,2025-12-09,67.0,Data Science Handbook,Packt,,click,70,1778597805
211,browser,Malaysia,2024-06-03,19.0,T-Shirt,Uniqlo,Fashion,view,40,1778597805
6,buyer,Philippines,2024-10-12,,Watch,Casio,Fashion,view,250,1778597805
16,casual,Thailand,2026-04-10,53.0,Sunscreen,Nivea,Beauty,purchase,35,1778597805
159,buyer,Indonesia,2024-08-30,31.0,Coffee Maker,Philips,Home,click,750,1778597805
unknown_user,casual,Malaysia,2026-01-09,22.0,Hoodie,Puma,Fashion,click,90,1778597805
455,buyer,Thailand,2025-10-31,4064.0,Treadmill,Technogym,Sports,view,1500,1778597805
381,browser,Malaysia,2025-02-21,1019.0,Gaming Laptop,Asus,,click,2200,1778597805
69,browser,Indonesia,2025-06-29,50.0,Shampoo,Dove,Beauty,view,20,1778597805
232,casual,Singapore,2025-03-01,3705.0,Skipping Rope,Decathlon,,invalid,20,1778597805
349,browser,Malaysia,2025-05-13,4.0,Dell XPS 13,Dell,Electronics,purchase,1800,1778597805
480,browser,Thailand,2024-10-12,55.0,Nail Polish,O.P.I,Beauty,invalid,15,1778597805
363,buyer,Indonesia,2024-08-11,40.0,Office Chair,Ikea,Home,purchase,200,1778597805
134,browser,Singapore,2025-07-09,8.0,AirPods Pro,Apple,Electronics,view,-250,1778597805
unknown_user,casual,Malaysia,2024-08-23,50.0,Shampoo,Dove,,purchase,20,1778597805
,browser,Philippines,2026-02-18,69.0,Business Strategy Book,Harvard Press,Books,view,60,1778597805
193,browser,Malaysia,2025-01-22,23.0,Cap,Nike,Fashion,invalid,30,1778597805
459,browser,Indonesia,2025-03-11,4352.0,Samsung Galaxy S23,Samsung,Electronics,view,1000,1778597805
373,buyer,Indonesia,2025-06-17,4733.0,Bluetooth Speaker,JBL,Electronics,purchase,960,1778597805
433,browser,Malaysia,2026-04-16,38.0,Toaster,Philips,Home,view,70,1778597805
249,browser,Malaysia,2025-06-16,56.0,Football,Adidas,Sports,invalid,40,1778597805
unknown_user,browser,Malaysia,2024-08-10,49.0,Perfume,Dior,Beauty,view,150,1778597805
236,buyer,Singapore,2025-08-23,42.0,Sofa,Ikea,Home,click,1200,1778597805
272,browser,Vietnam,2025-03-11,1.0,iPhone 15,Apple,Electronics,view,1200,1778597805
,buyer,Malaysia,2025-06-16,51.0,Hair Dryer,Philips,Beauty,purchase,80,1778597805
243,browser,Malaysia,2025-10-09,24.0,Sunglasses,Ray-Ban,Fashion,view,360,1778597805
37,buyer,Singapore,2025-10-27,18.0,Jeans,Levi's,,click,80,1778597805
412,browser,Philippines,2025-07-11,62.0,Cycling Helmet,Giro,,view,80,1778597805
,browser,Malaysia,2024-09-24,20.0,Jacket,Zara,Fashion,view,-200,1778597805
,casual,Vietnam,2026-02-21,64.0,Gym Bag,Nike,Sports,purchase,90,1778597805
265,browser,Malaysia,2026-03-21,,MacBook Pro,Apple,,view,20000,1778597805
428,browser,Malaysia,2026-02-22,26.0,Backpack,Adidas,Fashion,view,100,1778597805
222,buyer,Indonesia,2025-06-08,17.0,Sneakers,Adidas,Fashion,view,150,1778597805
470,browser,Singapore,2026-02-12,48.0,Lipstick,Maybelline,Beauty,view,200,1778597805
,casual,Singapore,2025-03-01,24.0,Sunglasses,Ray-Ban,Fashion,click,180,1778597805
331,browser,Indonesia,2025-11-19,57.0,Basketball,Nike,Sports,invalid,250,1778597805
91,casual,Singapore,2026-01-17,20.0,Jacket,Zara,Fashion,view,200,1778597805
93,casual,Philippines,2024-12-15,63.0,Skipping Rope,Decathlon,Sports,view,20,1778597805
293,browser,Malaysia,2024-11-11,17.0,Sneakers,Adidas,Fashion,view,150,1778597805
,browser,Singapore,2024-10-13,34.0,Blender,Philips,Home,view,100,1778597805
262,casual,Malaysia,2025-11-15,30.0,Watch,Casio,Fashion,click,250,1778597805
unknown_user,casual,Vietnam,2026-03-18,34.0,Blender,Philips,Home,view,100,1778597805
21,casual,Malaysia,2025-06-11,31.0,Coffee Maker,Philips,Home,purchase,-150,1778597805
unknown_user,browser,Thailand,2025-10-05,37.0,Microwave Oven,Samsung,Home,view,250,1778597805
492,browser,Singapore,2025-10-02,19.0,T-Shirt,Uniqlo,Fashion,invalid,40,1778597805
439,casual,Singapore,2025-04-27,52.0,Makeup Kit,Maybelline,Beauty,view,120,1778597805
,browser,Malaysia,2024-07-20,54.0,Body Lotion,Dove,Beauty,view,25,1778597805
,browser,Malaysia,2025-03-09,54.0,Body Lotion,Dove,Beauty,view,175,1778597805
328,browser,Malaysia,2024-10-30,2.0,Samsung Galaxy S23,Samsung,Electronics,invalid,1000,1778597805
279,buyer,Indonesia,2025-03-31,19.0,T-Shirt,Uniqlo,Fashion,purchase,360,1778597805
290,casual,Singapore,2024-10-05,3264.0,Dell XPS 13,Dell,Electronics,invalid,1800,1778597805
,browser,Malaysia,2024-10-08,57.0,Basketball,Nike,Sports,view,50,1778597805
120,casual,Malaysia,2025-05-13,57.0,Basketball,Nike,Sports,view,50,1778597805
30,buyer,Thailand,2025-01-06,6.0,Samsung Tablet,Samsung,Electronics,purchase,700,1778597805
unknown_user,casual,Indonesia,2024-05-29,45.0,Wall Clock,Generic,Home,click,40,1778597805
485,browser,Vietnam,2024-08-19,64.0,Gym Bag,Nike,Sports,click,-90,1778597805
47,casual,Thailand,2024-06-24,57.0,Basketball,Nike,Sports,click,50,1778597805
473,casual,Philippines,2024-11-08,16.0,Running Shoes,Nike,,click,120,1778597805
47,casual,Thailand,2026-05-07,53.0,Sunscreen,Nivea,Beauty,invalid,35,1778597805
350,browser,Malaysia,2025-08-13,47.0,Moisturizer,Nivea,Beauty,view,-40,1778597805
308,browser,Malaysia,2025-03-11,69.0,Business Strategy Book,Harvard Press,Books,view,420,1778597805
99,buyer,Malaysia,2025-03-27,36.0,Electric Kettle,Tefal,Home,purchase,60,1778597805
171,casual,Indonesia,2025-01-28,67.0,Data Science Handbook,Packt,Books,view,70,1778597805
unknown_user,casual,Malaysia,2024-07-25,60.0,Dumbbells,Decathlon,Sports,click,150,1778597805
416,casual,Philippines,2025-08-07,,Face Cleanser,Nivea,Beauty,purchase,30,1778597805
unknown_user,casual,Malaysia,2026-03-15,25.0,Leather Belt,Levi's,Fashion,click,60,1778597805
19,casual,Vietnam,2026-04-27,19.0,T-Shirt,Uniqlo,Fashion,view,-40,1778597805
283,buyer,Indonesia,2025-12-17,59.0,Yoga Mat,Decathlon,Sports,click,60,1778597805
435,buyer,Singapore,2024-06-24,17.0,Sneakers,Adidas,Fashion,purchase,1500,1778597805
103,casual,Malaysia,2025-01-14,,Dell XPS 13,Dell,,view,1800,1778597805
,buyer,Singapore,2025-06-12,60.0,Dumbbells,Decathlon,Sports,purchase,450,1778597805
199,browser,Indonesia,2026-03-03,16.0,Running Shoes,Nike,Fashion,view,120,1778597805
25,buyer,Singapore,2026-01-01,8.0,AirPods Pro,Apple,Electronics,click,250,1778597805
302,casual,Malaysia,2024-08-15,10.0,Gaming Laptop,Asus,Electronics,view,2200,1778597805
20,browser,Malaysia,2025-03-17,55.0,Nail Polish,O.P.I,Beauty,view,15,1778597805
131,casual,Malaysia,2026-02-06,,Hair Dryer,Philips,Beauty,view,80,1778597805
261,casual,Vietnam,2025-07-05,36.0,Electric Kettle,Tefal,Home,purchase,60,1778597805
192,casual,Singapore,2025-02-19,21.0,Dress,H&M,,invalid,120,1778597805
2,browser,Singapore,2025-04-20,,Football,Adidas,Sports,view,200,1778597805
290,casual,Philippines,2024-08-11,36.0,Electric Kettle,Tefal,Home,purchase,60,1778597805
,browser,Philippines,2024-07-18,31.0,Coffee Maker,Philips,,invalid,150,1778597805
410,browser,Malaysia,2025-06-14,5.0,iPad Air,Apple,Electronics,click,-900,1778597805
148,browser,Vietnam,2024-10-29,2.0,Samsung Galaxy S23,Samsung,Electronics,view,1000,1778597805
27,browser,Vietnam,2024-07-07,2.0,Samsung Galaxy S23,Samsung,Electronics,view,-4000,1778597805
352,casual,Malaysia,2025-03-25,2077.0,Leather Belt,Levi's,Fashion,invalid,60,1778597805
111,casual,Malaysia,2024-12-14,1456.0,Mechanical Keyboard,Logitech,Electronics,purchase,150,1778597805
462,browser,Malaysia,2025-03-13,41.0,Bed Frame,Ikea,Home,view,900,1778597805
10,browser,Thailand,2024-07-23,2.0,Samsung Galaxy S23,Samsung,Electronics,view,1000,1778597805
unknown_user,browser,Malaysia,2025-02-21,14.0,External SSD,Samsung,Electronics,view,200,1778597805
290,casual,Malaysia,2024-07-03,45.0,Wall Clock,Generic,Home,view,200,1778597805
,browser,Malaysia,2026-04-03,53.0,Sunscreen,Nivea,,click,35,1778597805
,browser,Singapore,2024-09-16,13.0,4K Monitor,LG,Electronics,view,600,1778597805
451,browser,Thailand,2025-10-03,42.0,Sofa,Ikea,Home,view,1200,1778597805
425,buyer,Philippines,2025-09-24,17.0,Sneakers,Adidas,Fashion,purchase,150,1778597805
215,buyer,Malaysia,2025-08-28,11.0,Mechanical Keyboard,Logitech,Electronics,purchase,150,1778597805
272,browser,Thailand,2024-10-31,9.0,Smart Watch,Fitbit,Electronics,click,2800,1778597805
131,buyer,Indonesia,2026-02-17,26.0,Backpack,Adidas,Fashion,view,-100,1778597805
19,browser,Singapore,2025-06-29,40.0,Office Chair,Ikea,,view,200,1778597805
434,buyer,Indonesia,2025-12-01,48.0,Lipstick,Maybelline,Beauty,view,25,1778597805
437,casual,Malaysia,2025-02-05,63.0,Skipping Rope,Decathlon,Sports,view,20,1778597805
,browser,Singapore,2025-01-21,13.0,4K Monitor,LG,,view,1200,1778597805
unknown_user,browser,Singapore,2025-02-11,20.0,Jacket,Zara,Fashion,click,200,1778597805
308,browser,Indonesia,2025-02-18,59.0,Yoga Mat,Decathlon,Sports,view,60,1778597805
470,browser,Thailand,2025-04-12,58.0,Tennis Racket,Wilson,Sports,view,200,1778597805
494,browser,Indonesia,2026-02-25,20.0,Jacket,Zara,Fashion,click,200,1778597805
446,browser,Singapore,2024-08-16,2511.0,Smart Watch,Fitbit,Electronics,view,400,1778597805
220,browser,Malaysia,2026-01-18,14.0,External SSD,Samsung,Electronics,invalid,200,1778597805
66,browser,Philippines,2025-08-28,52.0,Makeup Kit,Maybelline,Beauty,click,120,1778597805
428,browser,Philippines,2025-09-07,69.0,Business Strategy Book,Harvard Press,Books,view,60,1778597805
170,casual,Philippines,2025-10-29,63.0,Skipping Rope,Decathlon,Sports,view,20,1778597805
306,browser,Singapore,2025-01-29,1903.0,iPhone 15,Apple,Electronics,view,-1200,1778597805
276,casual,Vietnam,2025-11-30,4.0,Dell XPS 13,Dell,Electronics,view,1800,1778597805
83,casual,Vietnam,2024-11-24,57.0,Basketball,Nike,Sports,click,-50,1778597805
,browser,Thailand,2025-07-07,54.0,Body Lotion,Dove,Beauty,click,25,1778597805
464,browser,Singapore,2025-01-29,26.0,Backpack,Adidas,,view,800,1778597805
367,browser,Malaysia,2025-02-25,,Wireless Mouse,Logitech,Electronics,view,80,1778597805
176,casual,Thailand,2024-08-10,15.0,Bluetooth Speaker,JBL,Electronics,view,120,1778597805
114,buyer,Philippines,2025-11-02,21.0,Dress,H&M,Fashion,view,120,1778597805
436,browser,Vietnam,2026-04-19,9.0,Smart Watch,Fitbit,Electronics,view,400,1778597805
373,buyer,Thailand,2024-05-22,41.0,Bed Frame,Ikea,Home,purchase,900,1778597805
154,browser,Singapore,2026-05-09,47.0,Moisturizer,Nivea,Beauty,view,40,1778597805
,casual,Vietnam,2025-02-09,52.0,Makeup Kit,Maybelline,Beauty,view,120,1778597805
336,buyer,Singapore,2024-09-01,11.0,Mechanical Keyboard,Logitech,Electronics,purchase,150,1778597805
359,browser,Malaysia,2026-02-11,44.0,Curtains,Ikea,Home,view,120,1778597805
unknown_user,browser,Indonesia,2025-07-11,33.0,Vacuum Cleaner,Dyson,,invalid,300,1778597805
317,casual,Malaysia,2025-04-09,51.0,Hair Dryer,Philips,Beauty,view,80,1778597805
158,browser,Malaysia,2026-01-30,42.0,Sofa,Ikea,Home,view,1200,1778597805
443,casual,Singapore,2025-07-07,10.0,Gaming Laptop,Asus,Electronics,invalid,2200,1778597805
,casual,Thailand,2026-05-06,68.0,Machine Learning Guide,O'Reilly,Books,view,80,1778597805
454,browser,Malaysia,2025-07-03,67.0,Data Science Handbook,Packt,Books,invalid,70,1778597805
107,casual,Malaysia,2024-06-03,2877.0,Moisturizer,Nivea,Beauty,click,40,1778597805
,browser,Indonesia,2024-06-11,27.0,Sports Shorts,Nike,Fashion,view,50,1778597805
,browser,Philippines,2026-01-19,4620.0,AirPods Pro,Apple,Electronics,view,250,1778597805
unknown_user,browser,Philippines,2024-07-07,6.0,Samsung Tablet,Samsung,Electronics,view,700,1778597805
223,buyer,Malaysia,2025-12-08,22.0,Hoodie,Puma,Fashion,purchase,-90,1778597805
,browser,Malaysia,2025-05-29,26.0,Backpack,Adidas,Fashion,click,500,1778597805
106,browser,Thailand,2024-07-13,24.0,Sunglasses,Ray-Ban,Fashion,invalid,180,1778597805
260,browser,Singapore,2024-10-10,52.0,Makeup Kit,Maybelline,,view,120,1778597805
228,browser,Indonesia,2025-06-06,2939.0,Body Lotion,Dove,,view,25,1778597805
,browser,Malaysia,2025-01-24,54.0,Body Lotion,Dove,Beauty,view,25,1778597805
429,buyer,Malaysia,2026-01-24,66.0,Python Programming Book,O'Reilly,Books,purchase,50,1778597805
387,browser,Indonesia,2025-03-15,29.0,Sandals,Havaianas,Fashion,view,-70,1778597805
205,buyer,Indonesia,2026-02-09,4896.0,Sunscreen,Nivea,Beauty,purchase,35,1778597805
unknown_user,browser,Malaysia,2025-09-08,2.0,Samsung Galaxy S23,Samsung,Electronics,view,1000,1778597805
301,casual,Malaysia,2026-04-15,8.0,AirPods Pro,Apple,Electronics,view,250,1778597805
16,casual,Malaysia,2025-05-10,26.0,Backpack,Adidas,Fashion,click,100,1778597805
498,buyer,Philippines,2025-12-29,3.0,MacBook Pro,Apple,Electronics,purchase,-2500,1778597805
275,casual,Malaysia,2024-11-28,54.0,Body Lotion,Dove,Beauty,view,25,1778597805
217,buyer,Indonesia,2025-05-10,15.0,Bluetooth Speaker,JBL,Electronics,click,600,1778597805
185,browser,Singapore,2026-01-10,19.0,T-Shirt,Uniqlo,Fashion,invalid,40,1778597805
493,browser,Vietnam,2026-02-23,66.0,Python Programming Book,O'Reilly,Books,view,50,1778597805
64,browser,Malaysia,2026-04-16,19.0,T-Shirt,Uniqlo,Fashion,click,40,1778597805
283,browser,Malaysia,2025-10-31,62.0,Cycling Helmet,Giro,,click,80,1778597805
16,buyer,Malaysia,2024-10-07,11.0,Mechanical Keyboard,Logitech,Electronics,view,150,1778597805
,browser,Malaysia,2025-11-07,2939.0,Watch,Casio,,view,250,1778597805
250,casual,Malaysia,2024-09-13,54.0,Body Lotion,Dove,Beauty,view,25,1778597805
132,casual,Malaysia,2025-04-30,19.0,T-Shirt,Uniqlo,Fashion,view,-40,1778597805
49,casual,Indonesia,2026-03-03,40.0,Office Chair,Ikea,Home,view,200,1778597805
468,browser,Indonesia,2025-04-10,33.0,Vacuum Cleaner,Dyson,,view,300,1778597805
234,casual,Singapore,2025-09-18,,Dumbbells,Decathlon,Sports,view,150,1778597805
280,casual,Indonesia,2026-05-12,51.0,Hair Dryer,Philips,Beauty,click,80,1778597805
,browser,Thailand,2025-01-08,29.0,Sandals,Havaianas,Fashion,view,70,1778597805
unknown_user,browser,Malaysia,2025-01-23,47.0,Moisturizer,Nivea,Beauty,click,40,1778597805
164,buyer,Philippines,2025-11-30,69.0,Business Strategy Book,Harvard Press,Books,purchase,60,1778597805
444,buyer,Singapore,2025-07-08,31.0,Coffee Maker,Philips,Home,purchase,150,1778597805
500,casual,Malaysia,2025-03-30,22.0,Hoodie,Puma,Fashion,view,90,1778597805
unknown_user,buyer,Malaysia,2026-03-02,36.0,Electric Kettle,Tefal,Home,purchase,60,1778597805
,browser,Indonesia,2025-03-29,3292.0,Sofa,Ikea,Home,view,1200,1778597805
482,browser,Indonesia,2025-06-13,3.0,MacBook Pro,Apple,Electronics,invalid,2500,1778597805
437,casual,Singapore,2025-05-02,,Perfume,Dior,Beauty,view,150,1778597805
141,browser,Thailand,2025-01-02,13.0,4K Monitor,LG,,view,600,1778597805
351,browser,Malaysia,2024-06-01,,Dumbbells,Decathlon,Sports,view,150,1778597805
427,browser,Thailand,2025-12-08,14.0,External SSD,Samsung,Electronics,view,200,1778597805
271,buyer,Indonesia,2025-09-18,17.0,Sneakers,Adidas,Fashion,purchase,150,1778597805
335,browser,Singapore,2025-08-23,10.0,Gaming Laptop,Asus,Electronics,view,2200,1778597805
276,browser,Malaysia,2026-03-24,19.0,T-Shirt,Uniqlo,Fashion,purchase,-80,1778597805
272,browser,Malaysia,2025-11-05,4322.0,Jeans,Levi's,Fashion,click,80,1778597805
346,browser,Thailand,2024-08-05,68.0,Machine Learning Guide,O'Reilly,Books,view,-80,1778597805
312,casual,Singapore,2025-07-17,50.0,Shampoo,Dove,,click,20,1778597805
12,browser,Singapore,2024-11-23,69.0,Business Strategy Book,Harvard Press,Books,view,60,1778597805
394,buyer,Singapore,2025-04-05,10.0,Gaming Laptop,Asus,Electronics,purchase,2200,1778597805
399,browser,Malaysia,2025-08-23,2.0,Samsung Galaxy S23,Samsung,Electronics,view,1000,1778597805
,browser,Indonesia,2025-10-09,37.0,Microwave Oven,Samsung,Home,view,250,1778597805
382,browser,Singapore,2025-01-05,9.0,Smart Watch,Fitbit,Electronics,view,400,1778597805
,casual,Indonesia,2025-06-06,3.0,MacBook Pro,Apple,Electronics,purchase,2500,1778597805
147,browser,Thailand,2025-10-24,,Smart Watch,Fitbit,Electronics,view,800,1778597805
447,buyer,Singapore,2024-06-12,67.0,Data Science Handbook,Packt,,click,70,1778597805
376,casual,Singapore,2025-11-17,3.0,MacBook Pro,Apple,Electronics,click,2500,1778597805
485,casual,Singapore,2024-11-13,,Face Cleanser,Nivea,Beauty,invalid,30,1778597805
103,browser,Thailand,2024-09-27,23.0,Cap,Nike,Fashion,view,30,1778597805
167,browser,Indonesia,2026-03-08,41.0,Bed Frame,Ikea,Home,click,900,1778597805
243,browser,Indonesia,2025-09-08,47.0,Moisturizer,Nivea,Beauty,invalid,-40,1778597805
59,casual,Malaysia,2026-01-08,46.0,Face Cleanser,Nivea,Beauty,click,30,1778597805
96,browser,Malaysia,2024-10-14,46.0,Face Cleanser,Nivea,Beauty,view,30,1778597805
,buyer,Malaysia,2025-11-12,16.0,Running Shoes,Nike,Fashion,purchase,120,1778597805
465,buyer,Singapore,2026-04-30,63.0,Skipping Rope,Decathlon,Sports,view,-180,1778597805
338,browser,Singapore,2025-04-11,68.0,Machine Learning Guide,O'Reilly,Books,view,80,1778597805
8,buyer,Malaysia,2024-08-04,1738.0,Dumbbells,Decathlon,Sports,purchase,-150,1778597805
426,browser,Singapore,2025-07-15,50.0,Shampoo,Dove,Beauty,view,20,1778597805
491,browser,Malaysia,2026-02-12,18.0,Jeans,Levi's,,view,480,1778597805
39,casual,Singapore,2025-09-19,53.0,Sunscreen,Nivea,Beauty,purchase,35,1778597805
402,buyer,Malaysia,2025-04-24,30.0,Watch,Casio,Fashion,purchase,250,1778597805
unknown_user,buyer,Malaysia,2025-06-07,50.0,Shampoo,Dove,Beauty,purchase,-20,1778597805
149,browser,Thailand,2025-09-27,63.0,Skipping Rope,Decathlon,Sports,invalid,20,1778597805
184,buyer,Indonesia,2025-02-07,36.0,Electric Kettle,Tefal,Home,view,60,1778597805
284,buyer,Indonesia,2025-11-07,40.0,Office Chair,Ikea,Home,view,200,1778597805
unknown_user,buyer,Thailand,2024-09-23,37.0,Microwave Oven,Samsung,Home,purchase,250,1778597805
139,casual,Philippines,2025-03-07,69.0,Business Strategy Book,Harvard Press,Books,view,60,1778597805
401,casual,Malaysia,2025-10-14,61.0,Treadmill,Technogym,Sports,click,1500,1778597805
259,casual,Thailand,2025-01-08,1182.0,Water Bottle,Stanley,Sports,purchase,25,1778597805
unknown_user,buyer,Indonesia,2024-05-27,39.0,Dining Table,Ikea,Home,purchase,800,1778597805
388,browser,Malaysia,2024-12-11,17.0,Sneakers,Adidas,Fashion,view,150,1778597805
309,casual,Malaysia,2024-07-11,9.0,Smart Watch,Fitbit,Electronics,view,400,1778597805
416,casual,Singapore,2024-07-04,30.0,Watch,Casio,Fashion,click,250,1778597805
406,casual,Indonesia,2025-04-12,31.0,Coffee Maker,Philips,Home,purchase,-150,1778597805
253,browser,Thailand,2025-03-24,4700.0,Desk Lamp,Philips,Home,view,-350,1778597805
215,browser,Singapore,2025-11-28,4585.0,Samsung Tablet,Samsung,Electronics,view,700,1778597805
219,browser,Malaysia,2024-07-20,56.0,Football,Adidas,,click,40,1778597805
483,casual,Singapore,2026-04-19,21.0,Dress,H&M,Fashion,click,-120,1778597805
380,buyer,Indonesia,2024-05-20,69.0,Business Strategy Book,Harvard Press,Books,purchase,60,1778597805
353,buyer,Thailand,2026-03-23,,Yoga Mat,Decathlon,Sports,click,60,1778597805
96,buyer,Malaysia,2024-07-24,,Smart Watch,Fitbit,Electronics,invalid,400,1778597805
327,casual,Indonesia,2024-11-10,1.0,iPhone 15,Apple,Electronics,click,9600,1778597805
41,browser,Vietnam,2025-01-28,,Blender,Philips,Home,view,100,1778597805
236,browser,Indonesia,2026-04-07,4687.0,Basketball,Nike,Sports,view,50,1778597805
101,casual,Indonesia,2026-04-27,27.0,Sports Shorts,Nike,Fashion,view,350,1778597805
115,buyer,Thailand,2025-03-23,20.0,Jacket,Zara,Fashion,click,1400,1778597805
413,casual,Malaysia,2025-12-08,1.0,iPhone 15,Apple,Electronics,view,7200,1778597805
368,casual,Vietnam,2025-04-24,50.0,Shampoo,Dove,Beauty,click,20,1778597805
436,casual,Indonesia,2025-12-21,18.0,Jeans,Levi's,,purchase,80,1778597805
470,buyer,Singapore,2025-07-12,,Rice Cooker,Panasonic,Home,purchase,120,1778597805
434,buyer,Thailand,2025-08-29,2308.0,Cycling Helmet,Giro,Sports,purchase,80,1778597805
205,browser,Thailand,2025-04-19,2389.0,Business Strategy Book,Harvard Press,Books,view,60,1778597805
unknown_user,browser,Indonesia,2025-04-10,62.0,Cycling Helmet,Giro,Sports,view,400,1778597805
,browser,Malaysia,2024-12-04,15.0,Bluetooth Speaker,JBL,Electronics,invalid,120,1778597805
159,browser,Malaysia,2025-05-05,7.0,Sony Headphones,Sony,Electronics,view,300,1778597805
459,casual,Vietnam,2025-10-05,3039.0,4K Monitor,LG,Electronics,invalid,600,1778597805
177,casual,Thailand,2025-12-26,63.0,Skipping Rope,Decathlon,Sports,view,20,1778597805
,casual,Singapore,2024-06-06,1.0,iPhone 15,Apple,Electronics,click,1200,1778597805
448,browser,Singapore,2025-09-14,13.0,4K Monitor,LG,Electronics,click,-600,1778597805
,casual,Thailand,2026-03-05,3550.0,Backpack,Adidas,Fashion,purchase,-100,1778597805
229,buyer,Singapore,2025-12-08,,Vacuum Cleaner,Dyson,Home,view,300,1778597805
101,casual,Indonesia,2025-06-26,46.0,Face Cleanser,Nivea,Beauty,click,30,1778597805
,browser,Philippines,2025-05-02,69.0,Business Strategy Book,Harvard Press,Books,view,540,1778597805
9,browser,Malaysia,2026-04-23,53.0,Sunscreen,Nivea,Beauty,view,35,1778597805
345,casual,Indonesia,2025-08-07,19.0,T-Shirt,Uniqlo,Fashion,purchase,40,1778597805
435,buyer,Singapore,2024-07-26,2.0,Samsung Galaxy S23,Samsung,Electronics,purchase,1000,1778597805
105,casual,Thailand,2024-09-04,11.0,Mechanical Keyboard,Logitech,Electronics,click,150,1778597805
308,browser,Malaysia,2024-10-24,47.0,Moisturizer,Nivea,Beauty,purchase,40,1778597805
93,browser,Indonesia,2025-12-28,4414.0,AirPods Pro,Apple,Electronics,view,250,1778597805
unknown_user,browser,Indonesia,2025-07-20,18.0,Jeans,Levi's,Fashion,view,640,1778597805
311,casual,Thailand,2025-06-10,68.0,Machine Learning Guide,O'Reilly,Books,invalid,80,1778597805
168,buyer,Malaysia,2024-09-19,,Gym Bag,Nike,Sports,invalid,90,1778597805
14,browser,Malaysia,2025-02-25,12.0,Wireless Mouse,Logitech,Electronics,view,80,1778597805
51,casual,Malaysia,2025-10-10,,Football,Adidas,Sports,purchase,360,1778597805
380,browser,Malaysia,2024-12-27,4933.0,Self Development Book,Penguin,Books,view,-40,1778597805
119,browser,Malaysia,2025-06-10,13.0,4K Monitor,LG,Electronics,view,600,1778597805
237,casual,Malaysia,2024-12-28,,Gaming Laptop,Asus,Electronics,invalid,22000,1778597805
16,buyer,Indonesia,2024-08-02,46.0,Face Cleanser,Nivea,Beauty,purchase,30,1778597805
441,browser,Malaysia,2025-01-16,,Lipstick,Maybelline,Beauty,view,25,1778597805
233,casual,Malaysia,2025-08-12,56.0,Football,Adidas,Sports,view,40,1778597805
275,casual,Malaysia,2025-03-26,3285.0,Sunscreen,Nivea,Beauty,view,35,1778597805
144,casual,Singapore,2024-05-15,2.0,Samsung Galaxy S23,Samsung,Electronics,click,-1000,1778597805
unknown_user,casual,Indonesia,2025-08-28,29.0,Sandals,Havaianas,Fashion,view,70,1778597805
369,browser,Singapore,2026-01-11,47.0,Moisturizer,Nivea,Beauty,view,-40,1778597805
286,browser,Malaysia,2024-06-07,14.0,External SSD,Samsung,Electronics,view,600,1778597805
unknown_user,browser,Malaysia,2026-03-06,,Python Programming Book,O'Reilly,Books,click,50,1778597805
20,browser,Thailand,2024-10-27,69.0,Business Strategy Book,Harvard Press,Books,view,60,1778597805
21,browser,Singapore,2025-10-28,2581.0,Running Shoes,Nike,Fashion,invalid,120,1778597805
247,browser,Malaysia,2024-10-22,52.0,Makeup Kit,Maybelline,Beauty,view,120,1778597805
424,browser,Indonesia,2026-03-09,61.0,Treadmill,Technogym,Sports,view,1500,1778597805
,casual,Thailand,2025-04-25,49.0,Perfume,Dior,Beauty,invalid,-150,1778597805
364,casual,Indonesia,2025-10-03,51.0,Hair Dryer,Philips,Beauty,invalid,-80,1778597805
451,browser,Indonesia,2024-11-15,43.0,Desk Lamp,Philips,Home,view,50,1778597805
unknown_user,browser,Malaysia,2025-08-25,33.0,Vacuum Cleaner,Dyson,Home,view,2700,1778597805
,browser,Thailand,2025-03-05,63.0,Skipping Rope,Decathlon,Sports,invalid,20,1778597805
79,browser,Malaysia,2026-02-12,48.0,Lipstick,Maybelline,Beauty,view,25,1778597805
13,browser,Singapore,2025-02-13,3529.0,Bed Frame,Ikea,Home,view,5400,1778597805
404,browser,Malaysia,2026-01-31,3789.0,Coffee Maker,Philips,Home,view,150,1778597805
87,browser,Singapore,2025-01-14,,Coffee Maker,Philips,Home,view,150,1778597805
151,browser,Malaysia,2024-06-04,,Treadmill,Technogym,Sports,invalid,1500,1778597805
236,buyer,Malaysia,2024-10-18,37.0,Microwave Oven,Samsung,,purchase,1250,1778597805
unknown_user,buyer,Singapore,2026-03-03,16.0,Running Shoes,Nike,Fashion,purchase,120,1778597805
396,browser,Thailand,2026-03-13,27.0,Sports Shorts,Nike,Fashion,view,50,1778597805
479,browser,Thailand,2025-07-27,21.0,Dress,H&M,Fashion,view,-120,1778597805
338,casual,Singapore,2025-06-04,46.0,Face Cleanser,Nivea,Beauty,view,30,1778597805
,casual,Malaysia,2025-01-19,66.0,Python Programming Book,O'Reilly,Books,view,-50,1778597805
472,casual,Malaysia,2026-02-12,68.0,Machine Learning Guide,O'Reilly,Books,view,80,1778597805
214,casual,Thailand,2025-07-17,25.0,Leather Belt,Levi's,Fashion,purchase,60,1778597805
333,buyer,Indonesia,2026-05-01,3.0,MacBook Pro,Apple,Electronics,purchase,2500,1778597805
46,browser,Malaysia,2024-08-26,34.0,Blender,Philips,Home,view,500,1778597805
305,buyer,Singapore,2025-12-23,66.0,Python Programming Book,O'Reilly,Books,view,50,1778597805
411,casual,Malaysia,2025-05-16,45.0,Wall Clock,Generic,Home,view,40,1778597805
449,casual,Singapore,2024-08-08,26.0,Backpack,Adidas,Fashion,view,100,1778597805
360,browser,Singapore,2025-05-15,30.0,Watch,Casio,Fashion,invalid,250,1778597805
28,buyer,Philippines,2025-09-20,52.0,Makeup Kit,Maybelline,Beauty,click,120,1778597805
372,buyer,Singapore,2025-11-12,55.0,Nail Polish,O.P.I,Beauty,purchase,15,1778597805
unknown_user,buyer,Singapore,2025-08-10,23.0,Cap,Nike,Fashion,view,30,1778597805
12,buyer,Singapore,2024-11-21,44.0,Curtains,Ikea,Home,purchase,120,1778597805
,buyer,Vietnam,2025-11-18,56.0,Football,Adidas,,purchase,-40,1778597805
476,buyer,Thailand,2025-11-29,48.0,Lipstick,Maybelline,Beauty,view,25,1778597805
336,browser,Malaysia,2025-01-10,44.0,Curtains,Ikea,Home,view,120,1778597805
225,casual,Malaysia,2026-05-10,18.0,Jeans,Levi's,Fashion,view,80,1778597805
459,browser,Singapore,2025-05-17,42.0,Sofa,Ikea,Home,view,1200,1778597805
273,browser,Thailand,2025-07-23,60.0,Dumbbells,Decathlon,Sports,view,150,1778597805
21,buyer,Indonesia,2024-07-27,21.0,Dress,H&M,Fashion,click,120,1778597805
472,browser,Malaysia,2024-12-25,55.0,Nail Polish,O.P.I,Beauty,view,15,1778597805
422,browser,Philippines,2025-11-03,6.0,Samsung Tablet,Samsung,Electronics,click,700,1778597805
365,casual,Thailand,2025-03-14,31.0,Coffee Maker,Philips,Home,view,150,1778597805
,buyer,Indonesia,2025-02-22,20.0,Jacket,Zara,Fashion,view,200,1778597805
,browser,Malaysia,2025-01-26,57.0,Basketball,Nike,Sports,click,50,1778597805
unknown_user,browser,Indonesia,2025-06-20,11.0,Mechanical Keyboard,Logitech,,view,150,1778597805
85,buyer,Thailand,2026-01-02,65.0,Water Bottle,Stanley,Sports,click,25,1778597805
283,browser,Thailand,2025-01-04,1.0,iPhone 15,Apple,Electronics,view,1200,1778597805
326,browser,Malaysia,2024-12-27,53.0,Sunscreen,Nivea,Beauty,view,35,1778597805
306,buyer,Singapore,2026-01-13,,Cap,Nike,Fashion,purchase,30,1778597805
unknown_user,browser,Thailand,2025-04-29,,External SSD,Samsung,Electronics,view,800,1778597805
unknown_user,buyer,Malaysia,2025-03-26,11.0,Mechanical Keyboard,Logitech,Electronics,view,150,1778597805
unknown_user,casual,Malaysia,2025-02-14,1986.0,Self Development Book,Penguin,Books,view,40,1778597805
353,browser,Thailand,2025-06-05,23.0,Cap,Nike,Fashion,view,30,1778597805
270,casual,Malaysia,2024-11-06,62.0,Cycling Helmet,Giro,,view,80,1778597805
54,browser,Malaysia,2025-08-05,4856.0,Gym Bag,Nike,Sports,view,90,1778597805
254,buyer,Indonesia,2025-07-30,29.0,Sandals,Havaianas,Fashion,click,70,1778597805
182,browser,Malaysia,2025-05-17,44.0,Curtains,Ikea,Home,invalid,120,1778597805
27,browser,Malaysia,2026-02-24,2.0,Samsung Galaxy S23,Samsung,Electronics,invalid,6000,1778597805
17,casual,Thailand,2024-12-07,47.0,Moisturizer,Nivea,Beauty,view,40,1778597805
unknown_user,casual,Malaysia,2024-12-05,57.0,Basketball,Nike,Sports,click,-50,1778597805
120,browser,Malaysia,2025-06-26,55.0,Nail Polish,O.P.I,Beauty,invalid,15,1778597805
56,browser,Thailand,2025-09-17,19.0,T-Shirt,Uniqlo,Fashion,view,-40,1778597805
331,casual,Vietnam,2025-02-17,,Treadmill,Technogym,Sports,purchase,1500,1778597805
unknown_user,buyer,Indonesia,2024-07-12,58.0,Tennis Racket,Wilson,Sports,click,-200,1778597805
394,casual,Malaysia,2025-11-02,37.0,Microwave Oven,Samsung,Home,purchase,250,1778597805
105,buyer,Malaysia,2024-12-02,41.0,Bed Frame,Ikea,Home,click,900,1778597805
321,buyer,Singapore,2024-12-04,49.0,Perfume,Dior,Beauty,click,150,1778597805
346,buyer,Malaysia,2024-12-14,35.0,Rice Cooker,Panasonic,Home,invalid,240,1778597805
34,casual,Malaysia,2025-09-30,37.0,Microwave Oven,Samsung,Home,invalid,250,1778597805
171,buyer,Singapore,2024-12-07,65.0,Water Bottle,Stanley,Sports,purchase,25,1778597805
86,casual,Thailand,2025-04-02,36.0,Electric Kettle,Tefal,Home,purchase,60,1778597805
77,browser,Singapore,2025-01-21,3375.0,Watch,Casio,Fashion,view,250,1778597805
unknown_user,browser,Malaysia,2026-04-12,10.0,Gaming Laptop,Asus,Electronics,view,-22000,1778597805
122,buyer,Thailand,2025-09-08,65.0,Water Bottle,Stanley,Sports,view,175,1778597805
28,browser,Singapore,2025-06-23,14.0,External SSD,Samsung,Electronics,view,200,1778597805
30,browser,Indonesia,2025-09-01,49.0,Perfume,Dior,Beauty,view,150,1778597805
250,browser,Malaysia,2025-06-23,21.0,Dress,H&M,Fashion,view,120,1778597805
138,buyer,Malaysia,2024-05-27,20.0,Jacket,Zara,Fashion,view,1000,1778597805
434,buyer,Malaysia,2026-04-10,,Machine Learning Guide,O'Reilly,Books,click,80,1778597805
,casual,Indonesia,2025-08-01,27.0,Sports Shorts,Nike,Fashion,click,50,1778597805
228,casual,Philippines,2024-06-24,47.0,Moisturizer,Nivea,Beauty,click,40,1778597805
32,browser,Malaysia,2025-10-23,4105.0,External SSD,Samsung,Electronics,click,200,1778597805
,casual,Singapore,2025-03-31,40.0,Office Chair,Ikea,Home,view,200,1778597805
364,browser,Singapore,2024-08-01,55.0,Nail Polish,O.P.I,Beauty,view,15,1778597805
75,browser,Thailand,2025-10-31,,Mechanical Keyboard,Logitech,Electronics,view,150,1778597805
unknown_user,buyer,Indonesia,2025-10-14,8.0,AirPods Pro,Apple,,view,-250,1778597805
495,browser,Malaysia,2025-09-13,20.0,Jacket,Zara,Fashion,view,1800,1778597805
226,casual,Thailand,2026-04-26,35.0,Rice Cooker,Panasonic,Home,view,120,1778597805
475,browser,Indonesia,2024-09-08,50.0,Shampoo,Dove,Beauty,view,20,1778597805
131,casual,Malaysia,2025-09-02,45.0,Wall Clock,Generic,Home,purchase,40,1778597805
245,browser,Singapore,2025-11-30,57.0,Basketball,Nike,,view,50,1778597805
102,browser,Singapore,2025-10-07,26.0,Backpack,Adidas,Fashion,view,-100,1778597805
unknown_user,casual,Malaysia,2024-10-03,24.0,Sunglasses,Ray-Ban,Fashion,click,180,1778597805
106,casual,Thailand,2025-08-28,1322.0,Shampoo,Dove,Beauty,view,20,1778597805
358,browser,Thailand,2024-07-07,2649.0,Toaster,Philips,Home,view,70,1778597805
92,casual,Singapore,2025-08-29,1187.0,Shampoo,Dove,,invalid,20,1778597805
,browser,Malaysia,2025-01-22,55.0,Nail Polish,O.P.I,Beauty,view,15,1778597805
58,browser,Singapore,2024-08-10,16.0,Running Shoes,Nike,Fashion,invalid,120,1778597805
319,buyer,Malaysia,2024-08-15,24.0,Sunglasses,Ray-Ban,Fashion,purchase,180,1778597805
464,casual,Vietnam,2025-04-21,61.0,Treadmill,Technogym,Sports,view,1500,1778597805
312,browser,Indonesia,2026-03-16,39.0,Dining Table,Ikea,Home,view,800,1778597805
212,casual,Malaysia,2025-08-12,18.0,Jeans,Levi's,Fashion,view,-80,1778597805
7,buyer,Malaysia,2025-08-13,7.0,Sony Headphones,Sony,Electronics,purchase,300,1778597805
207,casual,Malaysia,2025-02-20,59.0,Yoga Mat,Decathlon,Sports,purchase,60,1778597805
440,casual,Singapore,2024-09-08,62.0,Cycling Helmet,Giro,Sports,view,80,1778597805
346,buyer,Vietnam,2025-02-20,53.0,Sunscreen,Nivea,Beauty,purchase,35,1778597805
,browser,Thailand,2025-07-07,61.0,Treadmill,Technogym,,invalid,1500,1778597805
114,browser,Malaysia,2025-11-27,7.0,Sony Headphones,Sony,Electronics,view,300,1778597805
439,browser,Thailand,2024-08-13,61.0,Treadmill,Technogym,Sports,view,1500,1778597805
unknown_user,browser,Malaysia,2024-07-01,64.0,Gym Bag,Nike,,view,90,1778597805
175,casual,Singapore,2025-08-04,69.0,Business Strategy Book,Harvard Press,,click,60,1778597805
unknown_user,buyer,Malaysia,2024-05-30,2243.0,Hair Dryer,Philips,Beauty,view,80,1778597805
50,buyer,Vietnam,2025-08-13,9.0,Smart Watch,Fitbit,Electronics,view,400,1778597805
185,buyer,Philippines,2025-11-01,,Wall Clock,Generic,Home,invalid,280,1778597805
unknown_user,casual,Thailand,2025-04-23,18.0,Jeans,Levi's,Fashion,click,80,1778597805
,browser,Indonesia,2025-03-14,58.0,Tennis Racket,Wilson,Sports,view,200,1778597805
438,browser,Malaysia,2025-02-04,41.0,Bed Frame,Ikea,Home,click,-900,1778597805
,buyer,Malaysia,2025-07-09,68.0,Machine Learning Guide,O'Reilly,Books,click,80,1778597805
283,buyer,Singapore,2025-02-19,53.0,Sunscreen,Nivea,Beauty,click,35,1778597805
,casual,Indonesia,2025-05-28,20.0,Jacket,Zara,Fashion,view,200,1778597805
1,browser,Malaysia,2025-02-10,50.0,Shampoo,Dove,Beauty,invalid,20,1778597805
,browser,Singapore,2025-04-24,41.0,Bed Frame,Ikea,Home,invalid,900,1778597805
254,casual,Singapore,2024-10-01,36.0,Electric Kettle,Tefal,Home,purchase,60,1778597805
,browser,Malaysia,2025-11-09,,Mechanical Keyboard,Logitech,Electronics,view,150,1778597805
129,browser,Malaysia,2025-10-15,16.0,Running Shoes,Nike,Fashion,view,120,1778597805
97,buyer,Singapore,2024-06-28,48.0,Lipstick,Maybelline,,purchase,25,1778597805
232,browser,Malaysia,2026-04-27,1881.0,Sunscreen,Nivea,Beauty,view,280,1778597805
500,browser,Vietnam,2024-08-26,,Rice Cooker,Panasonic,Home,view,120,1778597805
392,casual,Philippines,2024-08-09,37.0,Microwave Oven,Samsung,Home,view,250,1778597805
203,buyer,Indonesia,2025-07-20,26.0,Backpack,Adidas,Fashion,purchase,100,1778597805
183,browser,Thailand,2025-02-14,1149.0,MacBook Pro,Apple,Electronics,invalid,2500,1778597805
416,casual,Philippines,2024-05-14,37.0,Microwave Oven,Samsung,Home,purchase,250,1778597805
,browser,Malaysia,2024-07-05,7.0,Sony Headphones,Sony,Electronics,view,-300,1778597805
unknown_user,buyer,Thailand,2025-05-10,8.0,AirPods Pro,Apple,Electronics,view,250,1778597805
447,buyer,Malaysia,2025-05-29,62.0,Cycling Helmet,Giro,Sports,purchase,80,1778597805
311,browser,Indonesia,2025-03-01,51.0,Hair Dryer,Philips,Beauty,click,80,1778597805
69,browser,Singapore,2026-04-22,34.0,Blender,Philips,Home,view,100,1778597805
39,buyer,Malaysia,2024-10-23,47.0,Moisturizer,Nivea,Beauty,click,40,1778597805
,browser,Singapore,2026-04-10,24.0,Sunglasses,Ray-Ban,Fashion,view,180,1778597805
347,browser,Malaysia,2025-09-11,62.0,Cycling Helmet,Giro,Sports,view,320,1778597805
157,casual,Malaysia,2026-01-05,32.0,Air Fryer,Xiaomi,Home,view,-180,1778597805
427,browser,Singapore,2025-05-19,43.0,Desk Lamp,Philips,Home,view,50,1778597805
377,browser,Thailand,2025-06-01,44.0,Curtains,Ikea,Home,view,120,1778597805
82,browser,Malaysia,2025-04-23,2593.0,T-Shirt,Uniqlo,Fashion,view,40,1778597805
116,browser,Indonesia,2025-06-05,9.0,Smart Watch,Fitbit,,view,400,1778597805
404,browser,Singapore,2025-03-18,37.0,Microwave Oven,Samsung,Home,view,250,1778597805
107,browser,Thailand,2025-08-05,27.0,Sports Shorts,Nike,Fashion,invalid,-50,1778597805
362,buyer,Malaysia,2024-10-27,,Jeans,Levi's,Fashion,click,-80,1778597805
228,browser,Indonesia,2025-08-28,34.0,Blender,Philips,,view,100,1778597805
199,browser,Vietnam,2024-12-09,62.0,Cycling Helmet,Giro,Sports,view,80,1778597805
387,buyer,Malaysia,2026-04-14,51.0,Hair Dryer,Philips,Beauty,click,80,1778597805
491,browser,Indonesia,2025-08-19,55.0,Nail Polish,O.P.I,Beauty,view,-15,1778597805
39,browser,Malaysia,2026-01-26,46.0,Face Cleanser,Nivea,Beauty,invalid,30,1778597805
94,casual,Singapore,2025-12-06,1.0,iPhone 15,Apple,Electronics,view,9600,1778597805
431,browser,Malaysia,2025-11-01,47.0,Moisturizer,Nivea,Beauty,view,280,1778597805
394,browser,Malaysia,2025-04-11,65.0,Water Bottle,Stanley,Sports,view,25,1778597805
,browser,Thailand,2025-05-24,18.0,Jeans,Levi's,Fashion,view,80,1778597805
410,browser,Philippines,2026-01-03,37.0,Microwave Oven,Samsung,Home,view,250,1778597805
324,browser,Malaysia,2024-05-27,1523.0,AirPods Pro,Apple,Electronics,view,250,1778597805
,browser,Singapore,2025-04-21,37.0,Microwave Oven,Samsung,Home,view,-250,1778597805
,browser,Malaysia,2025-12-16,4564.0,Cap,Nike,Fashion,view,-90,1778597805
unknown_user,browser,Thailand,2024-12-26,22.0,Hoodie,Puma,Fashion,view,90,1778597805
231,browser,Indonesia,2025-05-22,1605.0,Sony Headphones,Sony,Electronics,view,300,1778597805
33,casual,Malaysia,2024-09-02,52.0,Makeup Kit,Maybelline,Beauty,view,120,1778597805
unknown_user,casual,Malaysia,2024-11-09,10.0,Gaming Laptop,Asus,Electronics,click,17600,1778597805
412,casual,Singapore,2025-01-01,,Cap,Nike,Fashion,invalid,30,1778597805
262,browser,Malaysia,2024-07-11,11.0,Mechanical Keyboard,Logitech,Electronics,click,150,1778597805
448,buyer,Malaysia,2024-12-14,35.0,Rice Cooker,Panasonic,Home,purchase,120,1778597805
104,browser,Philippines,2025-12-29,30.0,Watch,Casio,Fashion,view,250,1778597805
397,casual,Thailand,2025-09-05,,Gaming Laptop,Asus,,invalid,2200,1778597805
,browser,Indonesia,2024-06-28,33.0,Vacuum Cleaner,Dyson,Home,view,300,1778597805
196,casual,Malaysia,2025-11-13,20.0,Jacket,Zara,Fashion,view,200,1778597805
188,casual,Malaysia,2025-06-05,29.0,Sandals,Havaianas,Fashion,click,70,1778597805
455,browser,Vietnam,2025-04-12,63.0,Skipping Rope,Decathlon,Sports,view,20,1778597805
193,buyer,Malaysia,2025-03-09,53.0,Sunscreen,Nivea,Beauty,invalid,35,1778597805
62,casual,Indonesia,2024-10-06,32.0,Air Fryer,Xiaomi,Home,view,900,1778597805
425,browser,Thailand,2025-08-06,35.0,Rice Cooker,Panasonic,Home,view,120,1778597805
unknown_user,casual,Malaysia,2024-07-12,43.0,Desk Lamp,Philips,Home,invalid,450,1778597805
unknown_user,browser,Malaysia,2025-03-15,16.0,Running Shoes,Nike,Fashion,view,120,1778597805
255,browser,Thailand,2024-05-13,36.0,Electric Kettle,Tefal,Home,invalid,-60,1778597805
484,casual,Malaysia,2025-09-01,45.0,Wall Clock,Generic,Home,view,40,1778597805
175,buyer,Singapore,2026-02-11,54.0,Body Lotion,Dove,Beauty,click,25,1778597805
444,browser,Indonesia,2024-10-09,19.0,T-Shirt,Uniqlo,Fashion,view,40,1778597805
397,casual,Indonesia,2025-02-21,61.0,Treadmill,Technogym,Sports,click,10500,1778597805
414,browser,Malaysia,2026-04-22,50.0,Shampoo,Dove,Beauty,view,20,1778597805
unknown_user,browser,Vietnam,2025-06-21,2905.0,Bluetooth Speaker,JBL,Electronics,click,1080,1778597805
24,browser,Malaysia,2025-02-12,,Formal Shirt,Zara,Fashion,view,90,1778597805
257,browser,Indonesia,2025-07-02,50.0,Shampoo,Dove,,invalid,-160,1778597805
356,browser,Malaysia,2024-11-08,59.0,Yoga Mat,Decathlon,Sports,view,60,1778597805
,browser,Indonesia,2025-05-06,,Running Shoes,Nike,Fashion,view,120,1778597805
unknown_user,browser,Vietnam,2025-10-19,8.0,AirPods Pro,Apple,Electronics,view,250,1778597805
unknown_user,buyer,Singapore,2025-02-10,,Body Lotion,Dove,Beauty,purchase,25,1778597805
136,browser,Thailand,2025-09-22,60.0,Dumbbells,Decathlon,,view,900,1778597805
74,browser,Philippines,2025-06-01,12.0,Wireless Mouse,Logitech,Electronics,view,80,1778597805
127,browser,Malaysia,2026-01-24,5.0,iPad Air,Apple,,invalid,900,1778597805
90,buyer,Philippines,2024-11-15,,Bluetooth Speaker,JBL,Electronics,click,120,1778597805
457,browser,Thailand,2026-05-07,57.0,Basketball,Nike,Sports,purchase,50,1778597805
393,browser,Singapore,2025-08-12,19.0,T-Shirt,Uniqlo,Fashion,view,40,1778597805
208,buyer,Malaysia,2025-11-26,63.0,Skipping Rope,Decathlon,Sports,click,20,1778597805
383,browser,Indonesia,2024-08-02,70.0,Self Development Book,Penguin,Books,click,40,1778597805
329,casual,Indonesia,2026-04-07,30.0,Watch,Casio,Fashion,view,250,1778597805
187,browser,Indonesia,2026-04-02,62.0,Cycling Helmet,Giro,Sports,invalid,80,1778597805
452,browser,Vietnam,2024-11-11,31.0,Coffee Maker,Philips,Home,view,150,1778597805
,casual,Malaysia,2025-07-03,19.0,T-Shirt,Uniqlo,,click,40,1778597805
266,casual,Malaysia,2025-02-22,63.0,Skipping Rope,Decathlon,Sports,view,20,1778597805
37,casual,Indonesia,2025-05-07,26.0,Backpack,Adidas,Fashion,view,100,1778597805
115,browser,Vietnam,2024-08-03,24.0,Sunglasses,Ray-Ban,Fashion,view,180,1778597805
unknown_user,browser,Malaysia,2026-05-09,45.0,Wall Clock,Generic,,purchase,80,1778597805
,browser,Thailand,2024-07-19,56.0,Football,Adidas,Sports,invalid,40,1778597805
207,browser,Malaysia,2024-07-30,4.0,Dell XPS 13,Dell,,view,1800,1778597805
76,browser,Indonesia,2026-04-27,27.0,Sports Shorts,Nike,Fashion,view,50,1778597805
,casual,Indonesia,2025-05-25,46.0,Face Cleanser,Nivea,Beauty,view,30,1778597805
unknown_user,buyer,Malaysia,2024-07-25,,T-Shirt,Uniqlo,Fashion,purchase,40,1778597805
186,browser,Vietnam,2025-05-19,38.0,Toaster,Philips,Home,view,-70,1778597805
231,browser,Indonesia,2026-02-02,4110.0,AirPods Pro,Apple,Electronics,view,250,1778597805
87,browser,Malaysia,2025-12-10,33.0,Vacuum Cleaner,Dyson,Home,view,300,1778597805
249,casual,Thailand,2026-02-20,2394.0,Self Development Book,Penguin,Books,purchase,40,1778597805
228,casual,Singapore,2025-08-01,47.0,Moisturizer,Nivea,Beauty,view,40,1778597805
22,browser,Singapore,2025-10-21,37.0,Microwave Oven,Samsung,Home,view,250,1778597805
unknown_user,browser,Philippines,2025-06-28,45.0,Wall Clock,Generic,Home,view,40,1778597805
232,browser,Singapore,2025-12-07,39.0,Dining Table,Ikea,Home,view,4000,1778597805
152,buyer,Singapore,2026-03-20,,Rice Cooker,Panasonic,Home,purchase,360,1778597805
466,buyer,Malaysia,2024-10-25,3622.0,Nail Polish,O.P.I,Beauty,view,15,1778597805
unknown_user,browser,Malaysia,2024-09-22,66.0,Python Programming Book,O'Reilly,Books,view,50,1778597805
134,browser,Singapore,2024-10-12,31.0,Coffee Maker,Philips,Home,view,-300,1778597805
100,browser,Malaysia,2024-09-01,34.0,Blender,Philips,,click,100,1778597805
18,buyer,Indonesia,2025-12-19,,Cycling Helmet,Giro,Sports,click,80,1778597805
,browser,Singapore,2025-12-02,52.0,Makeup Kit,Maybelline,Beauty,view,120,1778597805
476,browser,Malaysia,2026-01-22,21.0,Dress,H&M,Fashion,invalid,120,1778597805
380,browser,Malaysia,2026-03-12,68.0,Machine Learning Guide,O'Reilly,Books,view,80,1778597805
unknown_user,buyer,Indonesia,2024-09-26,67.0,Data Science Handbook,Packt,Books,view,70,1778597805
213,buyer,Thailand,2024-08-25,67.0,Data Science Handbook,Packt,Books,click,70,1778597805
13,browser,Indonesia,2024-06-13,16.0,Running Shoes,Nike,Fashion,view,240,1778597805
205,browser,Vietnam,2025-11-02,67.0,Data Science Handbook,Packt,Books,view,210,1778597805
421,buyer,Singapore,2024-08-06,44.0,Curtains,Ikea,Home,purchase,120,1778597805
256,browser,Singapore,2026-04-12,51.0,Hair Dryer,Philips,Beauty,view,80,1778597805
112,casual,Malaysia,2024-06-30,60.0,Dumbbells,Decathlon,Sports,purchase,150,1778597805
337,casual,Malaysia,2025-02-18,5.0,iPad Air,Apple,Electronics,view,900,1778597805
411,casual,Philippines,2025-10-14,47.0,Moisturizer,Nivea,Beauty,view,40,1778597805
462,browser,Malaysia,2024-09-26,46.0,Face Cleanser,Nivea,Beauty,view,30,1778597805
257,casual,Indonesia,2024-08-03,57.0,Basketball,Nike,Sports,view,-50,1778597805
130,browser,Singapore,2024-07-24,2373.0,Microwave Oven,Samsung,Home,view,250,1778597805
453,casual,Malaysia,2026-01-21,,Yoga Mat,Decathlon,Sports,click,60,1778597805
,casual,Indonesia,2025-09-21,4389.0,Face Cleanser,Nivea,Beauty,purchase,210,1778597805
unknown_user,buyer,Singapore,2026-01-17,49.0,Perfume,Dior,Beauty,purchase,150,1778597805
167,buyer,Vietnam,2024-05-27,21.0,Dress,H&M,Fashion,purchase,120,1778597805
unknown_user,casual,Indonesia,2025-10-28,28.0,Formal Shirt,Zara,Fashion,click,90,1778597805
317,buyer,Philippines,2024-09-02,7.0,Sony Headphones,Sony,Electronics,purchase,300,1778597805
282,buyer,Indonesia,2024-06-23,28.0,Formal Shirt,Zara,Fashion,view,180,1778597805
339,browser,Malaysia,2025-11-03,53.0,Sunscreen,Nivea,Beauty,view,-105,1778597805
304,casual,Thailand,2025-06-15,50.0,Shampoo,Dove,Beauty,view,20,1778597805
unknown_user,casual,Malaysia,2025-09-17,44.0,Curtains,Ikea,Home,view,120,1778597805
62,browser,Thailand,2025-03-14,40.0,Office Chair,Ikea,Home,invalid,200,1778597805
411,casual,Thailand,2026-03-08,41.0,Bed Frame,Ikea,Home,view,900,1778597805
46,browser,Singapore,2025-11-25,30.0,Watch,Casio,Fashion,view,250,1778597805
108,browser,Malaysia,2026-04-16,26.0,Backpack,Adidas,Fashion,click,100,1778597805
,buyer,Malaysia,2025-08-26,69.0,Business Strategy Book,Harvard Press,Books,purchase,60,1778597805
unknown_user,browser,Vietnam,2025-12-25,39.0,Dining Table,Ikea,Home,invalid,7200,1778597805
unknown_user,casual,Indonesia,2025-07-04,41.0,Bed Frame,Ikea,Home,click,900,1778597805
430,browser,Indonesia,2024-06-19,,Formal Shirt,Zara,Fashion,purchase,-90,1778597805
,browser,Singapore,2025-08-12,9.0,Smart Watch,Fitbit,Electronics,purchase,400,1778597805
465,browser,Malaysia,2024-07-29,59.0,Yoga Mat,Decathlon,Sports,view,120,1778597805
220,browser,Thailand,2025-09-15,8.0,AirPods Pro,Apple,Electronics,view,250,1778597805
3,buyer,Indonesia,2026-01-28,52.0,Makeup Kit,Maybelline,Beauty,click,120,1778597805
358,browser,Malaysia,2025-10-15,26.0,Backpack,Adidas,Fashion,view,-100,1778597805
247,browser,Malaysia,2024-12-06,3856.0,Sony Headphones,Sony,Electronics,view,1800,1778597805
457,buyer,Indonesia,2025-08-12,26.0,Backpack,Adidas,Fashion,invalid,100,1778597805
337,buyer,Thailand,2024-05-28,31.0,Coffee Maker,Philips,Home,invalid,150,1778597805
193,buyer,Philippines,2024-10-24,38.0,Toaster,Philips,Home,view,70,1778597805
253,buyer,Singapore,2024-10-17,58.0,Tennis Racket,Wilson,Sports,invalid,200,1778597805
463,casual,Singapore,2024-11-11,7.0,Sony Headphones,Sony,Electronics,click,300,1778597805
,browser,Philippines,2025-08-08,,Water Bottle,Stanley,Sports,view,25,1778597805
171,browser,Malaysia,2025-06-08,32.0,Air Fryer,Xiaomi,,view,180,1778597805
367,browser,Singapore,2026-02-25,4729.0,Sunglasses,Ray-Ban,Fashion,view,180,1778597805
46,casual,Indonesia,2024-10-31,,Data Science Handbook,Packt,,invalid,-70,1778597805
275,browser,Thailand,2025-04-12,29.0,Sandals,Havaianas,,invalid,70,1778597805
447,browser,Malaysia,2024-10-11,,Water Bottle,Stanley,Sports,view,25,1778597805
99,casual,Indonesia,2024-11-09,30.0,Watch,Casio,Fashion,view,250,1778597805
289,buyer,Malaysia,2024-05-28,3.0,MacBook Pro,Apple,Electronics,purchase,-2500,1778597805
436,browser,Malaysia,2025-09-26,64.0,Gym Bag,Nike,Sports,purchase,90,1778597805
29,browser,Malaysia,2024-07-05,53.0,Sunscreen,Nivea,Beauty,view,35,1778597805
,browser,Vietnam,2025-02-16,51.0,Hair Dryer,Philips,Beauty,view,80,1778597805
260,buyer,Malaysia,2025-06-03,14.0,External SSD,Samsung,Electronics,purchase,200,1778597805
228,browser,Malaysia,2025-02-20,1271.0,Shampoo,Dove,Beauty,click,20,1778597805
203,buyer,Philippines,2025-02-12,4.0,Dell XPS 13,Dell,Electronics,view,1800,1778597805
471,buyer,Vietnam,2025-02-23,7.0,Sony Headphones,Sony,Electronics,click,300,1778597805
63,browser,Malaysia,2025-11-10,8.0,AirPods Pro,Apple,Electronics,view,250,1778597805
60,buyer,Malaysia,2024-10-04,4560.0,Jacket,Zara,Fashion,invalid,200,1778597805
108,casual,Indonesia,2025-02-23,56.0,Football,Adidas,Sports,view,360,1778597805
455,buyer,Singapore,2025-08-04,67.0,Data Science Handbook,Packt,Books,invalid,70,1778597805
367,casual,Indonesia,2024-07-19,11.0,Mechanical Keyboard,Logitech,Electronics,view,150,1778597805
338,browser,Malaysia,2024-07-06,22.0,Hoodie,Puma,Fashion,view,90,1778597805
391,casual,Indonesia,2024-10-15,69.0,Business Strategy Book,Harvard Press,Books,view,60,1778597805
471,browser,Philippines,2024-07-16,1818.0,Hair Dryer,Philips,Beauty,view,80,1778597805
,browser,Malaysia,2024-05-16,2577.0,Body Lotion,Dove,,view,75,1778597805
,casual,Thailand,2025-03-06,16.0,Running Shoes,Nike,Fashion,view,960,1778597805
35,browser,Singapore,2025-09-04,42.0,Sofa,Ikea,Home,view,1200,1778597805
248,browser,Vietnam,2025-01-14,45.0,Wall Clock,Generic,Home,view,-40,1778597805
,buyer,Indonesia,2025-10-23,35.0,Rice Cooker,Panasonic,Home,click,360,1778597805
,buyer,Malaysia,2024-08-17,48.0,Lipstick,Maybelline,Beauty,view,25,1778597805
246,browser,Thailand,2024-12-25,31.0,Coffee Maker,Philips,Home,view,150,1778597805
197,browser,Malaysia,2024-10-20,70.0,Self Development Book,Penguin,Books,view,40,1778597805
215,casual,Singapore,2024-07-31,,Machine Learning Guide,O'Reilly,Books,click,80,1778597805
,browser,Malaysia,2025-12-21,46.0,Face Cleanser,Nivea,Beauty,view,30,1778597805
328,casual,Malaysia,2024-08-11,19.0,T-Shirt,Uniqlo,Fashion,view,120,1778597805
162,casual,Malaysia,2025-10-15,67.0,Data Science Handbook,Packt,Books,click,70,1778597805
218,browser,Indonesia,2024-09-18,55.0,Nail Polish,O.P.I,Beauty,view,75,1778597805
59,browser,Malaysia,2025-08-28,59.0,Yoga Mat,Decathlon,Sports,view,60,1778597805
74,casual,Malaysia,2024-06-22,62.0,Cycling Helmet,Giro,Sports,invalid,80,1778597805
134,buyer,Thailand,2026-04-06,4873.0,Electric Kettle,Tefal,Home,invalid,60,1778597805
495,browser,Singapore,2026-01-27,37.0,Microwave Oven,Samsung,Home,view,1000,1778597805
123,casual,Singapore,2024-12-27,64.0,Gym Bag,Nike,,invalid,90,1778597805
430,browser,Malaysia,2026-05-03,4.0,Dell XPS 13,Dell,Electronics,view,7200,1778597805
,buyer,Indonesia,2025-11-13,15.0,Bluetooth Speaker,JBL,Electronics,click,120,1778597805
21,browser,Malaysia,2024-10-24,4.0,Dell XPS 13,Dell,Electronics,view,1800,1778597805
454,buyer,Singapore,2024-10-02,24.0,Sunglasses,Ray-Ban,Fashion,click,180,1778597805
,casual,Malaysia,2025-11-07,4606.0,Jeans,Levi's,Fashion,view,320,1778597805
433,casual,Malaysia,2025-06-26,17.0,Sneakers,Adidas,Fashion,view,1500,1778597805
,browser,Thailand,2024-10-30,37.0,Microwave Oven,Samsung,Home,view,250,1778597805
214,browser,Malaysia,2026-04-26,52.0,Makeup Kit,Maybelline,Beauty,view,120,1778597805
unknown_user,casual,Malaysia,2024-07-12,50.0,Shampoo,Dove,Beauty,view,20,1778597805
192,casual,Singapore,2025-05-29,19.0,T-Shirt,Uniqlo,Fashion,view,40,1778597805
354,buyer,Singapore,2025-04-04,43.0,Desk Lamp,Philips,Home,click,-50,1778597805
unknown_user,casual,Malaysia,2024-11-28,56.0,Football,Adidas,Sports,invalid,40,1778597805
387,buyer,Philippines,2024-10-09,4999.0,Backpack,Adidas,Fashion,click,-100,1778597805
109,buyer,Malaysia,2025-07-01,,Yoga Mat,Decathlon,Sports,purchase,60,1778597805
,buyer,Malaysia,2024-12-05,5.0,iPad Air,Apple,Electronics,purchase,900,1778597805
307,browser,Indonesia,2026-04-08,40.0,Office Chair,Ikea,Home,view,200,1778597805
,casual,Malaysia,2024-12-08,4496.0,Dell XPS 13,Dell,Electronics,view,14400,1778597805
,browser,Indonesia,2025-04-21,17.0,Sneakers,Adidas,Fashion,invalid,150,1778597805
1,casual,Vietnam,2025-09-14,40.0,Office Chair,Ikea,,view,200,1778597805
226,buyer,Singapore,2024-06-14,65.0,Water Bottle,Stanley,Sports,click,-25,1778597805
174,browser,Philippines,2024-08-28,58.0,Tennis Racket,Wilson,Sports,view,200,1778597805
98,browser,Thailand,2025-05-21,4.0,Dell XPS 13,Dell,Electronics,view,1800,1778597805
43,browser,Malaysia,2026-02-21,,AirPods Pro,Apple,Electronics,invalid,250,1778597805
12,buyer,Indonesia,2024-12-21,36.0,Electric Kettle,Tefal,Home,purchase,60,1778597805
,browser,Thailand,2024-06-08,62.0,Cycling Helmet,Giro,,view,-80,1778597805
252,casual,Indonesia,2026-04-08,54.0,Body Lotion,Dove,Beauty,invalid,25,1778597805
410,casual,Singapore,2025-09-14,11.0,Mechanical Keyboard,Logitech,Electronics,view,150,1778597805
253,buyer,Indonesia,2024-05-23,11.0,Mechanical Keyboard,Logitech,Electronics,purchase,600,1778597805
unknown_user,buyer,Malaysia,2025-11-28,34.0,Blender,Philips,Home,view,100,1778597805
unknown_user,casual,Malaysia,2025-11-06,,iPad Air,Apple,Electronics,invalid,900,1778597805
unknown_user,casual,Indonesia,2024-07-23,28.0,Formal Shirt,Zara,Fashion,purchase,900,1778597805
483,buyer,Malaysia,2025-10-14,,Body Lotion,Dove,Beauty,invalid,25,1778597805
153,casual,Indonesia,2026-04-07,12.0,Wireless Mouse,Logitech,Electronics,purchase,80,1778597805
10,casual,Thailand,2025-06-25,16.0,Running Shoes,Nike,Fashion,click,120,1778597805
93,browser,Malaysia,2024-12-03,37.0,Microwave Oven,Samsung,Home,view,250,1778597805
,casual,Vietnam,2025-07-21,20.0,Jacket,Zara,Fashion,click,200,1778597805
71,buyer,Malaysia,2024-12-26,27.0,Sports Shorts,Nike,Fashion,purchase,50,1778597805
488,casual,Malaysia,2026-01-31,7.0,Sony Headphones,Sony,Electronics,purchase,300,1778597805
175,casual,Thailand,2025-05-18,10.0,Gaming Laptop,Asus,Electronics,click,2200,1778597805
4,browser,Singapore,2024-07-09,34.0,Blender,Philips,Home,view,100,1778597805
263,buyer,Malaysia,2025-06-03,69.0,Business Strategy Book,Harvard Press,Books,invalid,60,1778597805
100,casual,Thailand,2025-04-03,54.0,Body Lotion,Dove,,view,25,1778597805
371,browser,Indonesia,2024-11-16,4.0,Dell XPS 13,Dell,Electronics,view,1800,1778597805
281,casual,Indonesia,2025-02-09,2.0,Samsung Galaxy S23,Samsung,Electronics,view,1000,1778597805
134,browser,Malaysia,2025-09-18,9.0,Smart Watch,Fitbit,Electronics,view,400,1778597805
,browser,Singapore,2024-12-02,,Dress,H&M,Fashion,view,360,1778597805
371,casual,Indonesia,2025-05-09,4414.0,Air Fryer,Xiaomi,Home,click,180,1778597805
272,casual,Thailand,2024-11-27,18.0,Jeans,Levi's,Fashion,view,80,1778597805
296,casual,Malaysia,2024-09-10,17.0,Sneakers,Adidas,Fashion,click,150,1778597805
436,buyer,Singapore,2026-05-12,45.0,Wall Clock,Generic,Home,invalid,-200,1778597805
unknown_user,casual,Malaysia,2026-04-20,59.0,Yoga Mat,Decathlon,,invalid,60,1778597805
485,buyer,Malaysia,2025-12-17,,Sunscreen,Nivea,,view,35,1778597805
unknown_user,casual,Malaysia,2025-11-10,4.0,Dell XPS 13,Dell,,view,1800,1778597805
,buyer,Malaysia,2024-07-10,,Air Fryer,Xiaomi,Home,purchase,180,1778597805
,casual,Malaysia,2025-02-02,62.0,Cycling Helmet,Giro,,view,80,1778597805
69,browser,Singapore,2026-02-21,48.0,Lipstick,Maybelline,Beauty,click,-25,1778597805
135,buyer,Malaysia,2025-08-19,7.0,Sony Headphones,Sony,Electronics,invalid,300,1778597805
unknown_user,casual,Thailand,2025-12-02,3916.0,Office Chair,Ikea,Home,click,200,1778597805
71,casual,Philippines,2024-07-05,13.0,4K Monitor,LG,Electronics,view,600,1778597805
67,casual,Vietnam,2024-11-01,,Face Cleanser,Nivea,Beauty,purchase,30,1778597805
204,browser,Malaysia,2025-10-20,6.0,Samsung Tablet,Samsung,Electronics,view,700,1778597805
448,casual,Singapore,2024-12-27,36.0,Electric Kettle,Tefal,Home,purchase,60,1778597805
283,browser,Malaysia,2025-11-17,,Air Fryer,Xiaomi,Home,click,360,1778597805
43,browser,Vietnam,2025-02-26,34.0,Blender,Philips,Home,view,100,1778597805
250,browser,Thailand,2024-06-02,60.0,Dumbbells,Decathlon,Sports,click,-150,1778597805
117,casual,Singapore,2024-11-01,23.0,Cap,Nike,,purchase,30,1778597805
271,buyer,Singapore,2025-07-07,43.0,Desk Lamp,Philips,Home,purchase,50,1778597805
,buyer,Thailand,2025-09-09,13.0,4K Monitor,LG,Electronics,purchase,600,1778597805
444,browser,Indonesia,2026-02-15,23.0,Cap,Nike,Fashion,view,30,1778597805
184,browser,Thailand,2025-09-15,3851.0,Air Fryer,Xiaomi,Home,view,180,1778597805
69,buyer,Malaysia,2025-08-31,26.0,Backpack,Adidas,Fashion,invalid,200,1778597805
476,browser,Thailand,2024-09-25,55.0,Nail Polish,O.P.I,Beauty,invalid,15,1778597805
420,browser,Indonesia,2024-06-28,16.0,Running Shoes,Nike,Fashion,click,120,1778597805
169,casual,Thailand,2024-11-14,,Python Programming Book,O'Reilly,Books,click,400,1778597805
unknown_user,casual,Malaysia,2026-04-27,3.0,MacBook Pro,Apple,Electronics,purchase,5000,1778597805
,browser,Thailand,2025-01-12,12.0,Wireless Mouse,Logitech,Electronics,view,80,1778597805
319,browser,Malaysia,2025-06-17,40.0,Office Chair,Ikea,Home,click,200,1778597805
313,browser,Malaysia,2026-01-23,16.0,Running Shoes,Nike,Fashion,view,120,1778597805
161,casual,Indonesia,2024-06-24,3.0,MacBook Pro,Apple,Electronics,purchase,2500,1778597805
326,casual,Indonesia,2025-12-30,30.0,Watch,Casio,,invalid,250,1778597805
94,browser,Singapore,2025-01-05,42.0,Sofa,Ikea,Home,view,1200,1778597805
,casual,Malaysia,2025-10-30,59.0,Yoga Mat,Decathlon,Sports,purchase,60,1778597805
342,browser,Singapore,2025-10-14,5.0,iPad Air,Apple,Electronics,purchase,2700,1778597805
2,casual,Malaysia,2024-12-09,55.0,Nail Polish,O.P.I,Beauty,view,15,1778597805
185,browser,Malaysia,2024-11-17,21.0,Dress,H&M,,view,-120,1778597805
129,casual,Singapore,2025-11-01,41.0,Bed Frame,Ikea,Home,click,2700,1778597805
38,browser,Thailand,2025-08-04,4685.0,Machine Learning Guide,O'Reilly,Books,click,80,1778597805
,browser,Singapore,2025-10-13,49.0,Perfume,Dior,Beauty,click,150,1778597805
492,browser,Indonesia,2026-01-07,41.0,Bed Frame,Ikea,,view,900,1778597805
unknown_user,casual,Thailand,2025-06-04,,Air Fryer,Xiaomi,Home,click,-180,1778597805
286,buyer,Indonesia,2024-10-11,57.0,Basketball,Nike,Sports,purchase,50,1778597805
unknown_user,browser,Indonesia,2026-02-02,35.0,Rice Cooker,Panasonic,Home,view,120,1778597805
4,buyer,Malaysia,2025-03-22,55.0,Nail Polish,O.P.I,Beauty,view,-15,1778597805
106,browser,Singapore,2025-05-02,2470.0,Samsung Tablet,Samsung,Electronics,click,700,1778597805
234,browser,Malaysia,2024-08-15,3324.0,Wireless Mouse,Logitech,Electronics,view,-80,1778597805
312,browser,Thailand,2025-11-11,,Sports Shorts,Nike,,view,250,1778597805
317,browser,Malaysia,2025-10-02,3553.0,Face Cleanser,Nivea,Beauty,view,30,1778597805
,browser,Thailand,2024-12-16,29.0,Sandals,Havaianas,Fashion,view,70,1778597805
388,casual,Malaysia,2025-10-15,57.0,Basketball,Nike,Sports,view,50,1778597805
147,casual,Indonesia,2026-01-29,4.0,Dell XPS 13,Dell,Electronics,click,1800,1778597805
389,browser,Malaysia,2026-02-13,35.0,Rice Cooker,Panasonic,,click,120,1778597805
486,casual,Thailand,2026-01-12,43.0,Desk Lamp,Philips,Home,view,50,1778597805
274,buyer,Malaysia,2025-12-09,9.0,Smart Watch,Fitbit,Electronics,purchase,400,1778597805
125,browser,Malaysia,2026-03-02,43.0,Desk Lamp,Philips,Home,view,50,1778597805
unknown_user,browser,Thailand,2026-05-10,2.0,Samsung Galaxy S23,Samsung,Electronics,view,1000,1778597805
296,casual,Malaysia,2026-01-30,11.0,Mechanical Keyboard,Logitech,Electronics,click,-150,1778597805
20,buyer,Philippines,2025-09-04,38.0,Toaster,Philips,Home,view,-70,1778597805
306,browser,Singapore,2026-03-14,47.0,Moisturizer,Nivea,Beauty,view,40,1778597805
283,browser,Indonesia,2025-05-21,16.0,Running Shoes,Nike,Fashion,view,120,1778597805
164,browser,Malaysia,2026-05-01,62.0,Cycling Helmet,Giro,Sports,click,80,1778597805
186,casual,Indonesia,2025-09-15,12.0,Wireless Mouse,Logitech,Electronics,purchase,80,1778597805
50,casual,Indonesia,2025-02-15,7.0,Sony Headphones,Sony,Electronics,view,300,1778597805
249,casual,Indonesia,2025-11-10,2812.0,Samsung Galaxy S23,Samsung,Electronics,view,1000,1778597805
,buyer,Indonesia,2024-09-08,30.0,Watch,Casio,Fashion,purchase,250,1778597805
155,casual,Singapore,2025-06-20,40.0,Office Chair,Ikea,Home,view,200,1778597805
341,browser,Vietnam,2025-01-26,7.0,Sony Headphones,Sony,Electronics,view,300,1778597805
unknown_user,browser,Indonesia,2026-03-03,50.0,Shampoo,Dove,Beauty,view,20,1778597805
267,browser,Singapore,2025-12-27,61.0,Treadmill,Technogym,Sports,purchase,-1500,1778597805
61,casual,Indonesia,2024-06-29,3788.0,Football,Adidas,Sports,view,320,1778597805
453,browser,Thailand,2025-06-30,68.0,Machine Learning Guide,O'Reilly,Books,purchase,80,1778597805
276,buyer,Malaysia,2026-05-07,17.0,Sneakers,Adidas,Fashion,purchase,150,1778597805
193,casual,Malaysia,2026-01-26,11.0,Mechanical Keyboard,Logitech,Electronics,purchase,-900,1778597805
106,buyer,Malaysia,2025-01-04,2388.0,Skipping Rope,Decathlon,Sports,invalid,20,1778597805
,browser,Malaysia,2025-04-25,64.0,Gym Bag,Nike,Sports,view,90,1778597805
324,casual,Indonesia,2026-04-06,66.0,Python Programming Book,O'Reilly,,view,50,1778597805
15,buyer,Malaysia,2026-01-20,33.0,Vacuum Cleaner,Dyson,Home,view,300,1778597805
unknown_user,casual,Singapore,2024-11-06,46.0,Face Cleanser,Nivea,,click,120,1778597805
unknown_user,browser,Malaysia,2025-03-20,31.0,Coffee Maker,Philips,Home,view,150,1778597805
428,casual,Indonesia,2025-11-07,26.0,Backpack,Adidas,Fashion,purchase,100,1778597805
474,buyer,Malaysia,2024-10-14,4.0,Dell XPS 13,Dell,Electronics,view,1800,1778597805
unknown_user,casual,Vietnam,2024-05-15,69.0,Business Strategy Book,Harvard Press,Books,click,60,1778597805
,casual,Indonesia,2026-04-28,14.0,External SSD,Samsung,Electronics,purchase,200,1778597805
9,browser,Singapore,2026-02-28,24.0,Sunglasses,Ray-Ban,Fashion,view,720,1778597805
unknown_user,browser,Malaysia,2025-07-10,35.0,Rice Cooker,Panasonic,Home,click,120,1778597805
411,browser,Malaysia,2024-08-24,57.0,Basketball,Nike,,view,-50,1778597805
,browser,Vietnam,2026-02-09,12.0,Wireless Mouse,Logitech,Electronics,view,80,1778597805
unknown_user,casual,Thailand,2026-05-02,6.0,Samsung Tablet,Samsung,Electronics,invalid,700,1778597805
78,browser,Malaysia,2025-12-12,44.0,Curtains,Ikea,Home,view,120,1778597805
39,buyer,Malaysia,2025-05-10,33.0,Vacuum Cleaner,Dyson,Home,click,300,1778597805
,casual,Indonesia,2025-02-19,4234.0,Sneakers,Adidas,Fashion,view,1200,1778597805
unknown_user,browser,Vietnam,2024-07-15,49.0,Perfume,Dior,Beauty,view,150,1778597805
443,browser,Indonesia,2025-02-22,23.0,Cap,Nike,Fashion,view,30,1778597805
473,casual,Malaysia,2024-12-01,70.0,Self Development Book,Penguin,Books,click,40,1778597805
60,browser,Malaysia,2026-02-16,68.0,Machine Learning Guide,O'Reilly,Books,view,-80,1778597805
284,browser,Singapore,2025-09-14,53.0,Sunscreen,Nivea,Beauty,invalid,35,1778597805
98,browser,Singapore,2025-08-22,66.0,Python Programming Book,O'Reilly,Books,view,50,1778597805
422,buyer,Thailand,2025-08-14,,Gym Bag,Nike,Sports,purchase,90,1778597805
,browser,Malaysia,2025-11-10,55.0,Nail Polish,O.P.I,Beauty,click,15,1778597805
,browser,Indonesia,2025-07-11,,Treadmill,Technogym,Sports,click,1500,1778597805
23,casual,Malaysia,2024-07-27,11.0,Mechanical Keyboard,Logitech,Electronics,invalid,150,1778597805
456,browser,Singapore,2024-11-13,2562.0,Hoodie,Puma,Fashion,view,90,1778597805
452,browser,Malaysia,2024-10-24,38.0,Toaster,Philips,Home,view,70,1778597805
unknown_user,casual,Malaysia,2025-11-25,57.0,Basketball,Nike,,click,200,1778597805
,browser,Malaysia,2026-01-18,24.0,Sunglasses,Ray-Ban,Fashion,invalid,180,1778597805
unknown_user,casual,Indonesia,2025-09-06,52.0,Makeup Kit,Maybelline,Beauty,purchase,120,1778597805
127,browser,Indonesia,2026-04-08,44.0,Curtains,Ikea,Home,view,120,1778597805
370,browser,Singapore,2025-05-09,3691.0,Curtains,Ikea,Home,view,120,1778597805
386,browser,Indonesia,2026-03-11,64.0,Gym Bag,Nike,,view,90,1778597805
35,browser,Indonesia,2025-09-09,54.0,Body Lotion,Dove,Beauty,view,25,1778597805
209,casual,Vietnam,2024-11-26,57.0,Basketball,Nike,Sports,view,-50,1778597805
unknown_user,browser,Thailand,2025-12-08,59.0,Yoga Mat,Decathlon,Sports,view,60,1778597805
304,buyer,Vietnam,2024-06-13,17.0,Sneakers,Adidas,Fashion,purchase,150,1778597805
100,browser,Malaysia,2026-04-12,47.0,Moisturizer,Nivea,Beauty,view,40,1778597805
20,browser,Malaysia,2026-02-11,62.0,Cycling Helmet,Giro,Sports,view,80,1778597805
49,buyer,Malaysia,2024-05-26,,Running Shoes,Nike,Fashion,purchase,120,1778597805
157,browser,Singapore,2024-06-04,53.0,Sunscreen,Nivea,Beauty,view,35,1778597805
148,browser,Malaysia,2025-01-25,65.0,Water Bottle,Stanley,Sports,view,25,1778597805
,browser,Thailand,2024-11-15,69.0,Business Strategy Book,Harvard Press,Books,purchase,60,1778597805
4,browser,Thailand,2025-06-12,19.0,T-Shirt,Uniqlo,Fashion,view,40,1778597805
275,browser,Malaysia,2024-05-20,5.0,iPad Air,Apple,Electronics,view,900,1778597805
427,browser,Malaysia,2025-03-14,3.0,MacBook Pro,Apple,Electronics,invalid,2500,1778597805
272,buyer,Singapore,2024-09-29,46.0,Face Cleanser,Nivea,Beauty,purchase,30,1778597805
unknown_user,browser,Malaysia,2025-01-18,28.0,Formal Shirt,Zara,Fashion,view,270,1778597805
unknown_user,buyer,Malaysia,2025-04-02,36.0,Electric Kettle,Tefal,Home,view,60,1778597805
unknown_user,casual,Philippines,2025-02-12,39.0,Dining Table,Ikea,,view,800,1778597805
239,casual,Malaysia,2025-03-15,30.0,Watch,Casio,Fashion,view,250,1778597805
,buyer,Thailand,2026-01-18,8.0,AirPods Pro,Apple,Electronics,invalid,-250,1778597805
unknown_user,browser,Thailand,2024-07-19,26.0,Backpack,Adidas,Fashion,view,100,1778597805
146,casual,Vietnam,2025-04-30,1.0,iPhone 15,Apple,Electronics,click,1200,1778597805
221,browser,Malaysia,2025-10-27,,Football,Adidas,Sports,click,40,1778597805
,browser,Thailand,2024-07-27,35.0,Rice Cooker,Panasonic,Home,view,120,1778597805
34,browser,Malaysia,2025-05-30,54.0,Body Lotion,Dove,Beauty,view,200,1778597805
340,casual,Malaysia,2025-03-23,16.0,Running Shoes,Nike,Fashion,view,120,1778597805
356,casual,Singapore,2025-06-01,,Cap,Nike,,click,30,1778597805
236,casual,Singapore,2026-03-21,39.0,Dining Table,Ikea,Home,invalid,800,1778597805
425,buyer,Thailand,2024-08-13,14.0,External SSD,Samsung,Electronics,click,200,1778597805
249,browser,Indonesia,2024-05-18,24.0,Sunglasses,Ray-Ban,Fashion,invalid,180,1778597805
205,browser,Malaysia,2025-08-13,2.0,Samsung Galaxy S23,Samsung,,click,1000,1778597805
340,buyer,Malaysia,2025-08-04,54.0,Body Lotion,Dove,Beauty,click,-25,1778597805
483,browser,Thailand,2025-08-30,67.0,Data Science Handbook,Packt,Books,click,70,1778597805
253,browser,Thailand,2024-06-10,16.0,Running Shoes,Nike,Fashion,click,120,1778597805
26,browser,Vietnam,2026-04-08,64.0,Gym Bag,Nike,Sports,click,90,1778597805
unknown_user,browser,Indonesia,2025-08-16,61.0,Treadmill,Technogym,Sports,click,1500,1778597805
136,browser,Malaysia,2026-02-20,32.0,Air Fryer,Xiaomi,Home,view,-180,1778597805
150,browser,Indonesia,2025-09-08,4.0,Dell XPS 13,Dell,Electronics,click,1800,1778597805
457,browser,Malaysia,2025-09-16,61.0,Treadmill,Technogym,Sports,view,12000,1778597805
55,browser,Thailand,2026-04-30,58.0,Tennis Racket,Wilson,Sports,view,800,1778597805
446,casual,Singapore,2024-11-14,1874.0,Business Strategy Book,Harvard Press,Books,invalid,420,1778597805
,browser,Malaysia,2025-11-13,67.0,Data Science Handbook,Packt,Books,view,70,1778597805
94,browser,Indonesia,2024-09-08,5.0,iPad Air,Apple,Electronics,view,3600,1778597805
290,casual,Indonesia,2025-08-02,,Data Science Handbook,Packt,Books,view,70,1778597805
426,browser,Singapore,2024-10-08,57.0,Basketball,Nike,Sports,click,50,1778597805
345,browser,Indonesia,2025-09-06,46.0,Face Cleanser,Nivea,Beauty,view,30,1778597805
,buyer,Indonesia,2025-04-03,52.0,Makeup Kit,Maybelline,,purchase,120,1778597805
178,casual,Malaysia,2025-03-14,44.0,Curtains,Ikea,Home,view,120,1778597805
352,casual,Malaysia,2024-08-25,5.0,iPad Air,Apple,Electronics,purchase,900,1778597805
422,buyer,Thailand,2025-09-13,36.0,Electric Kettle,Tefal,Home,purchase,-60,1778597805
unknown_user,browser,Malaysia,2025-08-16,51.0,Hair Dryer,Philips,Beauty,view,80,1778597805
167,casual,Thailand,2025-05-21,47.0,Moisturizer,Nivea,Beauty,view,40,1778597805
234,browser,Philippines,2026-01-02,45.0,Wall Clock,Generic,Home,view,40,1778597805
17,buyer,Thailand,2025-11-24,64.0,Gym Bag,Nike,Sports,purchase,-90,1778597805
77,browser,Philippines,2025-08-06,62.0,Cycling Helmet,Giro,Sports,click,80,1778597805
333,browser,Malaysia,2026-03-12,3086.0,Sunscreen,Nivea,Beauty,view,35,1778597805
177,buyer,Malaysia,2024-12-05,63.0,Skipping Rope,Decathlon,Sports,click,20,1778597805
32,browser,Indonesia,2026-04-01,38.0,Toaster,Philips,Home,click,70,1778597805
370,browser,Philippines,2024-06-03,4284.0,Machine Learning Guide,O'Reilly,Books,purchase,560,1778597805
unknown_user,buyer,Thailand,2025-06-18,11.0,Mechanical Keyboard,Logitech,Electronics,view,150,1778597805
unknown_user,casual,Vietnam,2024-07-27,54.0,Body Lotion,Dove,Beauty,invalid,200,1778597805
246,browser,Malaysia,2024-07-05,67.0,Data Science Handbook,Packt,Books,view,420,1778597805
463,casual,Singapore,2025-07-17,18.0,Jeans,Levi's,Fashion,click,80,1778597805
257,buyer,Indonesia,2026-03-04,48.0,Lipstick,Maybelline,Beauty,purchase,25,1778597805
76,casual,Thailand,2026-05-09,10.0,Gaming Laptop,Asus,,view,2200,1778597805
,browser,Malaysia,2025-06-01,58.0,Tennis Racket,Wilson,Sports,view,200,1778597805
6,browser,Thailand,2024-07-14,6.0,Samsung Tablet,Samsung,Electronics,purchase,700,1778597805
,browser,Malaysia,2026-01-16,2663.0,Sofa,Ikea,,view,1200,1778597805
26,browser,Indonesia,2025-01-18,37.0,Microwave Oven,Samsung,Home,invalid,1750,1778597805
80,browser,Thailand,2025-02-05,25.0,Leather Belt,Levi's,Fashion,view,60,1778597805
290,casual,Malaysia,2026-04-21,,Bed Frame,Ikea,Home,click,-900,1778597805
119,browser,Singapore,2026-03-02,12.0,Wireless Mouse,Logitech,Electronics,click,-80,1778597805
449,browser,Malaysia,2025-10-17,18.0,Jeans,Levi's,Fashion,click,80,1778597805
264,browser,Thailand,2024-10-14,64.0,Gym Bag,Nike,Sports,view,-90,1778597805
221,browser,Indonesia,2024-12-06,38.0,Toaster,Philips,Home,view,-70,1778597805
245,casual,Indonesia,2025-09-11,2762.0,Sports Shorts,Nike,Fashion,click,50,1778597805
151,buyer,Singapore,2025-05-14,44.0,Curtains,Ikea,Home,purchase,1200,1778597805
297,casual,Malaysia,2024-12-20,55.0,Nail Polish,O.P.I,Beauty,view,-15,1778597805
,browser,Indonesia,2025-08-11,25.0,Leather Belt,Levi's,Fashion,click,60,1778597805
462,casual,Singapore,2025-01-20,1013.0,Business Strategy Book,Harvard Press,Books,view,60,1778597805
141,browser,Malaysia,2025-10-12,3770.0,Smart Watch,Fitbit,Electronics,click,400,1778597805
278,buyer,Malaysia,2024-12-17,6.0,Samsung Tablet,Samsung,Electronics,purchase,700,1778597805
37,casual,Singapore,2024-12-14,1576.0,Face Cleanser,Nivea,Beauty,invalid,30,1778597805
345,browser,Malaysia,2025-10-28,62.0,Cycling Helmet,Giro,Sports,view,80,1778597805
379,buyer,Malaysia,2025-10-20,2233.0,Skipping Rope,Decathlon,Sports,click,20,1778597805
146,buyer,Philippines,2024-12-17,40.0,Office Chair,Ikea,Home,purchase,1800,1778597805
130,buyer,Indonesia,2024-07-01,56.0,Football,Adidas,Sports,purchase,400,1778597805
,buyer,Malaysia,2025-02-22,17.0,Sneakers,Adidas,Fashion,purchase,150,1778597805
393,casual,Malaysia,2025-05-14,40.0,Office Chair,Ikea,Home,view,200,1778597805
1,browser,Indonesia,2024-08-25,23.0,Cap,Nike,Fashion,view,30,1778597805
289,casual,Malaysia,2024-06-23,2.0,Samsung Galaxy S23,Samsung,Electronics,click,1000,1778597805
305,browser,Indonesia,2025-05-08,6.0,Samsung Tablet,Samsung,Electronics,view,700,1778597805
296,buyer,Malaysia,2025-10-14,60.0,Dumbbells,Decathlon,Sports,invalid,-150,1778597805
277,browser,Thailand,2025-07-22,7.0,Sony Headphones,Sony,Electronics,click,300,1778597805
140,browser,Malaysia,2025-08-22,3.0,MacBook Pro,Apple,,click,-2500,1778597805
295,browser,Thailand,2025-06-02,,Moisturizer,Nivea,Beauty,click,40,1778597805
239,casual,Malaysia,2024-06-04,34.0,Blender,Philips,Home,view,100,1778597805
286,browser,Singapore,2025-11-01,29.0,Sandals,Havaianas,Fashion,view,70,1778597805
168,browser,Malaysia,2024-10-17,,iPad Air,Apple,Electronics,view,-900,1778597805
186,casual,Malaysia,2025-10-24,40.0,Office Chair,Ikea,Home,view,200,1778597805
88,buyer,Malaysia,2024-09-04,61.0,Treadmill,Technogym,Sports,purchase,3000,1778597805
unknown_user,buyer,Thailand,2024-09-20,31.0,Coffee Maker,Philips,Home,click,300,1778597805
unknown_user,browser,Singapore,2025-09-03,35.0,Rice Cooker,Panasonic,Home,view,120,1778597805
,buyer,Malaysia,2026-04-14,46.0,Face Cleanser,Nivea,Beauty,purchase,30,1778597805
249,browser,Malaysia,2026-01-05,45.0,Wall Clock,Generic,Home,view,40,1778597805
,casual,Singapore,2025-03-25,,Curtains,Ikea,Home,view,120,1778597805
265,buyer,Vietnam,2025-02-06,1644.0,Watch,Casio,Fashion,click,250,1778597805
437,browser,Thailand,2024-05-13,19.0,T-Shirt,Uniqlo,Fashion,view,40,1778597805
unknown_user,casual,Thailand,2025-10-12,39.0,Dining Table,Ikea,Home,purchase,-800,1778597805
369,browser,Singapore,2026-01-09,68.0,Machine Learning Guide,O'Reilly,Books,view,240,1778597805
343,browser,Philippines,2025-08-19,49.0,Perfume,Dior,Beauty,view,150,1778597805
396,browser,Malaysia,2024-07-28,4293.0,Rice Cooker,Panasonic,Home,view,-120,1778597805
unknown_user,buyer,Indonesia,2025-12-16,14.0,External SSD,Samsung,Electronics,click,200,1778597805
264,browser,Thailand,2024-10-02,4199.0,Mechanical Keyboard,Logitech,Electronics,view,150,1778597805
451,browser,Vietnam,2025-03-28,69.0,Business Strategy Book,Harvard Press,Books,click,60,1778597805
189,browser,Singapore,2025-03-23,19.0,T-Shirt,Uniqlo,Fashion,click,40,1778597805
144,browser,Malaysia,2025-03-23,12.0,Wireless Mouse,Logitech,,click,80,1778597805
87,buyer,Thailand,2025-04-17,17.0,Sneakers,Adidas,Fashion,view,150,1778597805
,buyer,Malaysia,2025-05-09,4576.0,Leather Belt,Levi's,Fashion,purchase,60,1778597805
55,browser,Malaysia,2026-01-02,66.0,Python Programming Book,O'Reilly,,purchase,50,1778597805
382,browser,Malaysia,2024-05-15,4188.0,Jacket,Zara,Fashion,invalid,400,1778597805
161,browser,Singapore,2026-03-02,1786.0,Air Fryer,Xiaomi,Home,view,180,1778597805
495,browser,Singapore,2025-09-28,12.0,Wireless Mouse,Logitech,Electronics,click,80,1778597805
34,buyer,Malaysia,2025-02-04,11.0,Mechanical Keyboard,Logitech,Electronics,purchase,150,1778597805
9,casual,Malaysia,2025-05-04,2.0,Samsung Galaxy S23,Samsung,Electronics,purchase,1000,1778597805
372,casual,Indonesia,2026-03-07,48.0,Lipstick,Maybelline,Beauty,purchase,25,1778597805
147,buyer,Thailand,2024-05-17,48.0,Lipstick,Maybelline,Beauty,invalid,25,1778597805
463,casual,Indonesia,2024-10-10,11.0,Mechanical Keyboard,Logitech,Electronics,view,150,1778597805
,buyer,Thailand,2024-11-28,28.0,Formal Shirt,Zara,Fashion,purchase,90,1778597805
183,browser,Malaysia,2024-09-15,1672.0,iPhone 15,Apple,Electronics,purchase,1200,1778597805
220,casual,Singapore,2024-07-23,24.0,Sunglasses,Ray-Ban,,click,900,1778597805
323,browser,Malaysia,2025-02-09,25.0,Leather Belt,Levi's,Fashion,view,60,1778597805
16,buyer,Malaysia,2026-02-09,4823.0,Samsung Galaxy S23,Samsung,Electronics,view,1000,1778597805
,casual,Thailand,2024-06-19,1035.0,T-Shirt,Uniqlo,Fashion,view,-40,1778597805
unknown_user,browser,Malaysia,2025-12-21,58.0,Tennis Racket,Wilson,Sports,click,200,1778597805
261,buyer,Singapore,2026-01-04,54.0,Body Lotion,Dove,Beauty,invalid,25,1778597805
,casual,Philippines,2024-06-27,10.0,Gaming Laptop,Asus,Electronics,click,2200,1778597805
354,browser,Malaysia,2025-12-21,68.0,Machine Learning Guide,O'Reilly,Books,view,80,1778597805
251,browser,Malaysia,2024-12-11,16.0,Running Shoes,Nike,,view,-120,1778597805
382,casual,Malaysia,2025-06-28,,Rice Cooker,Panasonic,Home,click,120,1778597805
unknown_user,browser,Malaysia,2024-06-04,4234.0,Coffee Maker,Philips,Home,view,-150,1778597805
,browser,Thailand,2025-11-18,60.0,Dumbbells,Decathlon,Sports,view,750,1778597805
115,browser,Thailand,2026-04-05,61.0,Treadmill,Technogym,Sports,view,1500,1778597805
241,buyer,Malaysia,2024-06-09,7.0,Sony Headphones,Sony,Electronics,click,300,1778597805
459,browser,Malaysia,2024-10-08,16.0,Running Shoes,Nike,Fashion,view,120,1778597805
144,browser,Malaysia,2025-03-22,16.0,Running Shoes,Nike,Fashion,view,120,1778597805
15,casual,Philippines,2025-02-10,7.0,Sony Headphones,Sony,Electronics,purchase,300,1778597805
219,casual,Thailand,2024-06-23,,Basketball,Nike,Sports,purchase,50,1778597805
,browser,Indonesia,2024-09-15,46.0,Face Cleanser,Nivea,Beauty,invalid,30,1778597805
,browser,Singapore,2024-11-09,3725.0,Office Chair,Ikea,Home,view,1400,1778597805
346,browser,Indonesia,2025-09-29,39.0,Dining Table,Ikea,Home,click,800,1778597805
428,casual,Thailand,2024-05-22,69.0,Business Strategy Book,Harvard Press,Books,view,60,1778597805
408,browser,Malaysia,2025-06-28,55.0,Nail Polish,O.P.I,Beauty,invalid,15,1778597805
292,buyer,Indonesia,2025-07-03,34.0,Blender,Philips,,click,100,1778597805
374,browser,Malaysia,2024-08-04,4.0,Dell XPS 13,Dell,Electronics,invalid,1800,1778597805
338,browser,Malaysia,2024-11-03,8.0,AirPods Pro,Apple,Electronics,click,250,1778597805
,casual,Indonesia,2026-02-14,16.0,Running Shoes,Nike,Fashion,view,-120,1778597805
451,browser,Malaysia,2026-02-22,64.0,Gym Bag,Nike,Sports,invalid,90,1778597805
unknown_user,casual,Malaysia,2024-08-17,,Jeans,Levi's,,invalid,-80,1778597805
,browser,Singapore,2025-06-13,5.0,iPad Air,Apple,Electronics,view,900,1778597805
,browser,Malaysia,2024-09-21,2183.0,Jeans,Levi's,Fashion,invalid,80,1778597805
254,casual,Philippines,2025-06-21,10.0,Gaming Laptop,Asus,Electronics,view,15400,1778597805
412,browser,Malaysia,2026-02-09,56.0,Football,Adidas,Sports,view,40,1778597805
,browser,Indonesia,2024-08-25,29.0,Sandals,Havaianas,Fashion,view,-70,1778597805
,buyer,Singapore,2024-11-10,15.0,Bluetooth Speaker,JBL,Electronics,click,960,1778597805
190,buyer,Malaysia,2026-01-21,3195.0,iPad Air,Apple,Electronics,purchase,900,1778597805
,casual,Malaysia,2024-06-14,10.0,Gaming Laptop,Asus,Electronics,purchase,2200,1778597805
371,browser,Malaysia,2024-11-21,25.0,Leather Belt,Levi's,Fashion,view,60,1778597805
484,buyer,Malaysia,2025-11-10,32.0,Air Fryer,Xiaomi,Home,purchase,180,1778597805
unknown_user,casual,Malaysia,2025-02-02,59.0,Yoga Mat,Decathlon,,purchase,60,1778597805
465,buyer,Malaysia,2025-04-29,,Blender,Philips,Home,purchase,-100,1778597805
294,casual,Singapore,2024-10-14,34.0,Blender,Philips,Home,click,600,1778597805
393,casual,Indonesia,2025-02-21,4946.0,Data Science Handbook,Packt,Books,view,70,1778597805
177,browser,Malaysia,2024-07-14,50.0,Shampoo,Dove,Beauty,view,20,1778597805
unknown_user,browser,Indonesia,2025-06-27,16.0,Running Shoes,Nike,Fashion,view,120,1778597805
307,browser,Indonesia,2025-07-06,51.0,Hair Dryer,Philips,,view,80,1778597805
37,browser,Malaysia,2025-09-02,41.0,Bed Frame,Ikea,,view,900,1778597805
97,casual,Thailand,2025-10-02,10.0,Gaming Laptop,Asus,Electronics,invalid,2200,1778597805
369,casual,Singapore,2024-09-03,65.0,Water Bottle,Stanley,Sports,view,25,1778597805
11,browser,Malaysia,2026-04-25,15.0,Bluetooth Speaker,JBL,Electronics,view,120,1778597805
30,casual,Indonesia,2026-05-12,62.0,Cycling Helmet,Giro,Sports,click,80,1778597805
,browser,Malaysia,2026-02-08,8.0,AirPods Pro,Apple,,view,1750,1778597805
484,buyer,Singapore,2024-08-08,2.0,Samsung Galaxy S23,Samsung,,purchase,1000,1778597805
313,browser,Malaysia,2025-08-24,4.0,Dell XPS 13,Dell,Electronics,view,1800,1778597805
80,browser,Indonesia,2026-02-14,41.0,Bed Frame,Ikea,Home,view,-900,1778597805
348,browser,Indonesia,2025-01-24,,Perfume,Dior,Beauty,view,-150,1778597805
234,browser,Philippines,2024-11-07,46.0,Face Cleanser,Nivea,Beauty,click,270,1778597805
193,browser,Malaysia,2025-05-14,2.0,Samsung Galaxy S23,Samsung,Electronics,view,1000,1778597805
47,buyer,Malaysia,2025-12-08,44.0,Curtains,Ikea,Home,purchase,120,1778597805
,browser,Singapore,2025-07-11,30.0,Watch,Casio,Fashion,view,250,1778597805
221,browser,Malaysia,2026-03-23,11.0,Mechanical Keyboard,Logitech,Electronics,view,150,1778597805
257,browser,Malaysia,2025-03-06,59.0,Yoga Mat,Decathlon,Sports,view,60,1778597805
213,casual,Malaysia,2025-01-18,4062.0,MacBook Pro,Apple,Electronics,click,-2500,1778597805
400,buyer,Singapore,2024-10-07,20.0,Jacket,Zara,Fashion,purchase,200,1778597805
,casual,Malaysia,2024-09-10,42.0,Sofa,Ikea,Home,click,12000,1778597805
453,browser,Thailand,2026-03-23,58.0,Tennis Racket,Wilson,Sports,view,200,1778597805
450,browser,Singapore,2026-02-25,41.0,Bed Frame,Ikea,Home,view,900,1778597805
269,browser,Philippines,2026-03-20,70.0,Self Development Book,Penguin,Books,view,360,1778597805
447,browser,Vietnam,2026-01-30,57.0,Basketball,Nike,,view,50,1778597805
36,casual,Singapore,2025-12-04,42.0,Sofa,Ikea,Home,invalid,1200,1778597805
unknown_user,casual,Indonesia,2024-06-03,38.0,Toaster,Philips,Home,view,210,1778597805
86,browser,Indonesia,2025-03-13,59.0,Yoga Mat,Decathlon,Sports,view,60,1778597805
222,browser,Malaysia,2025-07-16,9.0,Smart Watch,Fitbit,Electronics,view,400,1778597805
269,casual,Thailand,2024-08-17,,Moisturizer,Nivea,Beauty,invalid,40,1778597805
116,casual,Malaysia,2024-08-23,12.0,Wireless Mouse,Logitech,Electronics,click,-80,1778597805
10,browser,Singapore,2026-04-04,54.0,Body Lotion,Dove,Beauty,view,225,1778597805
230,buyer,Thailand,2024-07-25,59.0,Yoga Mat,Decathlon,Sports,invalid,60,1778597805
,browser,Philippines,2024-08-26,1285.0,Dining Table,Ikea,Home,click,800,1778597805
405,casual,Vietnam,2024-10-27,55.0,Nail Polish,O.P.I,Beauty,view,15,1778597805
108,casual,Malaysia,2024-06-09,4.0,Dell XPS 13,Dell,Electronics,view,16200,1778597805
387,browser,Vietnam,2025-07-03,23.0,Cap,Nike,,view,30,1778597805
unknown_user,browser,Indonesia,2024-05-18,35.0,Rice Cooker,Panasonic,Home,view,120,1778597805
295,browser,Singapore,2025-04-02,,Rice Cooker,Panasonic,Home,purchase,120,1778597805
97,browser,Indonesia,2026-04-26,39.0,Dining Table,Ikea,Home,view,-4000,1778597805
299,browser,Indonesia,2025-11-14,26.0,Backpack,Adidas,Fashion,view,100,1778597805
373,buyer,Singapore,2025-07-23,64.0,Gym Bag,Nike,Sports,invalid,90,1778597805
243,casual,Indonesia,2026-03-08,27.0,Sports Shorts,Nike,Fashion,view,50,1778597805
295,browser,Vietnam,2025-08-21,30.0,Watch,Casio,Fashion,view,250,1778597805
34,browser,Malaysia,2025-02-07,2377.0,Desk Lamp,Philips,Home,purchase,100,1778597805
270,buyer,Thailand,2024-07-19,4416.0,Data Science Handbook,Packt,Books,invalid,70,1778597805
448,browser,Malaysia,2025-09-06,2588.0,Face Cleanser,Nivea,,view,30,1778597805
unknown_user,buyer,Thailand,2024-07-06,67.0,Data Science Handbook,Packt,Books,purchase,280,1778597805
304,casual,Malaysia,2024-08-16,57.0,Basketball,Nike,Sports,invalid,50,1778597805
297,browser,Thailand,2025-05-11,40.0,Office Chair,Ikea,Home,view,-200,1778597805
225,browser,Philippines,2024-09-24,10.0,Gaming Laptop,Asus,Electronics,invalid,2200,1778597805
215,buyer,Philippines,2024-08-01,55.0,Nail Polish,O.P.I,Beauty,purchase,15,1778597805
108,browser,Vietnam,2025-10-24,54.0,Body Lotion,Dove,Beauty,view,50,1778597805
411,browser,Philippines,2025-02-27,20.0,Jacket,Zara,Fashion,click,200,1778597805
,browser,Indonesia,2025-02-15,,Hoodie,Puma,Fashion,view,90,1778597805
200,buyer,Malaysia,2026-02-25,66.0,Python Programming Book,O'Reilly,Books,purchase,50,1778597805
146,buyer,Indonesia,2025-08-17,18.0,Jeans,Levi's,Fashion,view,400,1778597805
208,casual,Singapore,2024-10-17,38.0,Toaster,Philips,Home,click,70,1778597805
59,browser,Philippines,2025-03-23,42.0,Sofa,Ikea,Home,invalid,1200,1778597805
258,browser,Malaysia,2025-07-31,46.0,Face Cleanser,Nivea,Beauty,view,240,1778597805
33,browser,Malaysia,2026-01-11,38.0,Toaster,Philips,Home,view,70,1778597805
unknown_user,buyer,Malaysia,2024-05-20,2321.0,MacBook Pro,Apple,Electronics,purchase,2500,1778597805
,buyer,Thailand,2024-07-25,4046.0,Lipstick,Maybelline,Beauty,purchase,250,1778597805
139,browser,Singapore,2026-02-08,1424.0,Toaster,Philips,Home,view,70,1778597805
394,browser,Malaysia,2025-08-13,14.0,External SSD,Samsung,Electronics,view,1600,1778597805
195,buyer,Singapore,2025-01-17,41.0,Bed Frame,Ikea,Home,view,900,1778597805
102,browser,Singapore,2026-05-02,57.0,Basketball,Nike,Sports,view,50,1778597805
219,casual,Singapore,2025-06-06,19.0,T-Shirt,Uniqlo,Fashion,click,40,1778597805
490,casual,Indonesia,2025-08-21,,Bed Frame,Ikea,Home,view,9000,1778597805
48,browser,Singapore,2025-01-06,,Smart Watch,Fitbit,Electronics,invalid,2000,1778597805
272,casual,Malaysia,2026-04-05,23.0,Cap,Nike,Fashion,view,30,1778597805
unknown_user,browser,Indonesia,2025-03-02,11.0,Mechanical Keyboard,Logitech,Electronics,view,-150,1778597805
306,casual,Indonesia,2026-02-11,16.0,Running Shoes,Nike,Fashion,purchase,1200,1778597805
273,browser,Malaysia,2024-12-12,31.0,Coffee Maker,Philips,Home,view,150,1778597805
445,casual,Thailand,2026-02-28,23.0,Cap,Nike,Fashion,view,30,1778597805
,browser,Philippines,2024-07-16,27.0,Sports Shorts,Nike,Fashion,click,100,1778597805
unknown_user,browser,Indonesia,2024-12-17,1.0,iPhone 15,Apple,Electronics,view,1200,1778597805
122,casual,Malaysia,2024-07-29,39.0,Dining Table,Ikea,Home,view,-800,1778597805
,buyer,Indonesia,2026-05-02,63.0,Skipping Rope,Decathlon,Sports,purchase,20,1778597805
,browser,Indonesia,2025-07-28,,Office Chair,Ikea,Home,view,200,1778597805
unknown_user,buyer,Malaysia,2024-12-31,2970.0,Face Cleanser,Nivea,Beauty,purchase,-30,1778597805
361,browser,Malaysia,2024-09-26,65.0,Water Bottle,Stanley,Sports,view,25,1778597805
495,browser,Malaysia,2024-10-02,55.0,Nail Polish,O.P.I,Beauty,click,15,1778597805
214,browser,Singapore,2025-04-21,46.0,Face Cleanser,Nivea,Beauty,view,270,1778597805
389,buyer,Malaysia,2025-11-21,37.0,Microwave Oven,Samsung,,purchase,-250,1778597805
unknown_user,browser,Malaysia,2025-05-05,56.0,Football,Adidas,Sports,click,-40,1778597805
494,browser,Malaysia,2025-03-06,,Face Cleanser,Nivea,Beauty,view,270,1778597805
266,casual,Thailand,2024-08-09,26.0,Backpack,Adidas,,purchase,300,1778597805
483,casual,Malaysia,2026-04-20,4343.0,Skipping Rope,Decathlon,Sports,view,20,1778597805
unknown_user,browser,Malaysia,2024-06-06,26.0,Backpack,Adidas,Fashion,view,100,1778597805
349,casual,Vietnam,2026-04-05,6.0,Samsung Tablet,Samsung,Electronics,purchase,700,1778597805
371,casual,Malaysia,2026-01-14,38.0,Toaster,Philips,Home,click,70,1778597805
18,buyer,Indonesia,2024-12-30,30.0,Watch,Casio,Fashion,click,250,1778597805
265,buyer,Malaysia,2024-05-16,59.0,Yoga Mat,Decathlon,Sports,click,-60,1778597805
54,browser,Singapore,2025-05-16,25.0,Leather Belt,Levi's,Fashion,view,60,1778597805
,casual,Malaysia,2025-08-21,52.0,Makeup Kit,Maybelline,Beauty,view,1200,1778597805
389,browser,Malaysia,2024-07-29,66.0,Python Programming Book,O'Reilly,Books,view,50,1778597805
166,buyer,Malaysia,2025-10-14,54.0,Body Lotion,Dove,Beauty,view,25,1778597805
457,browser,Singapore,2024-10-23,70.0,Self Development Book,Penguin,Books,view,40,1778597805
186,buyer,Philippines,2025-08-31,61.0,Treadmill,Technogym,,view,1500,1778597805
,browser,Singapore,2025-09-21,39.0,Dining Table,Ikea,Home,view,800,1778597805
330,browser,Singapore,2025-04-06,68.0,Machine Learning Guide,O'Reilly,Books,view,800,1778597805
498,browser,Malaysia,2024-09-24,21.0,Dress,H&M,Fashion,click,120,1778597805
71,browser,Malaysia,2024-08-12,67.0,Data Science Handbook,Packt,Books,view,70,1778597805
479,browser,Singapore,2025-01-04,44.0,Curtains,Ikea,,view,120,1778597805
251,browser,Malaysia,2025-08-27,4677.0,Gaming Laptop,Asus,,view,2200,1778597805
43,buyer,Singapore,2025-01-19,25.0,Leather Belt,Levi's,Fashion,view,60,1778597805
454,buyer,Philippines,2025-02-25,54.0,Body Lotion,Dove,Beauty,view,25,1778597805
unknown_user,buyer,Thailand,2025-11-12,4.0,Dell XPS 13,Dell,Electronics,purchase,1800,1778597805
322,browser,Malaysia,2025-08-05,2.0,Samsung Galaxy S23,Samsung,Electronics,view,3000,1778597805
103,casual,Singapore,2025-01-28,20.0,Jacket,Zara,Fashion,view,200,1778597805
434,browser,Malaysia,2024-12-19,34.0,Blender,Philips,Home,view,-100,1778597805
59,casual,Thailand,2026-02-24,25.0,Leather Belt,Levi's,Fashion,click,60,1778597805
434,browser,Malaysia,2025-01-18,43.0,Desk Lamp,Philips,Home,view,250,1778597805
305,casual,Malaysia,2025-03-22,,Sony Headphones,Sony,Electronics,click,300,1778597805
431,casual,Philippines,2026-04-29,68.0,Machine Learning Guide,O'Reilly,Books,view,80,1778597805
218,casual,Singapore,2024-11-01,,External SSD,Samsung,Electronics,purchase,200,1778597805
309,buyer,Malaysia,2024-06-01,60.0,Dumbbells,Decathlon,Sports,view,150,1778597805
471,buyer,Indonesia,2024-11-16,,Watch,Casio,,view,250,1778597805
235,browser,Malaysia,2025-12-09,48.0,Lipstick,Maybelline,Beauty,invalid,25,1778597805
,casual,Malaysia,2024-09-26,37.0,Microwave Oven,Samsung,Home,view,250,1778597805
276,casual,Indonesia,2024-12-11,52.0,Makeup Kit,Maybelline,Beauty,purchase,120,1778597805
19,browser,Malaysia,2024-10-03,4.0,Dell XPS 13,Dell,Electronics,purchase,1800,1778597805
,casual,Malaysia,2025-12-31,3.0,MacBook Pro,Apple,Electronics,purchase,2500,1778597805
29,buyer,Singapore,2024-06-28,34.0,Blender,Philips,Home,view,100,1778597805
326,browser,Malaysia,2025-02-25,27.0,Sports Shorts,Nike,Fashion,view,50,1778597805
,casual,Malaysia,2026-03-30,59.0,Yoga Mat,Decathlon,Sports,view,60,1778597805
,casual,Malaysia,2024-06-14,60.0,Dumbbells,Decathlon,Sports,view,150,1778597805
411,browser,Indonesia,2026-04-27,2463.0,Data Science Handbook,Packt,Books,view,70,1778597805
134,buyer,Vietnam,2024-05-15,65.0,Water Bottle,Stanley,Sports,purchase,25,1778597805
398,browser,Singapore,2024-11-30,47.0,Moisturizer,Nivea,Beauty,view,40,1778597805
13,buyer,Singapore,2025-05-14,34.0,Blender,Philips,Home,invalid,100,1778597805
283,casual,Malaysia,2025-05-16,27.0,Sports Shorts,Nike,Fashion,purchase,-50,1778597805
unknown_user,browser,Singapore,2025-08-06,30.0,Watch,Casio,Fashion,view,250,1778597805
unknown_user,buyer,Indonesia,2025-12-24,40.0,Office Chair,Ikea,Home,purchase,200,1778597805
120,browser,Malaysia,2024-10-05,20.0,Jacket,Zara,,view,2000,1778597805
unknown_user,browser,Malaysia,2024-08-07,3232.0,Sofa,Ikea,Home,view,1200,1778597805
,casual,Malaysia,2025-05-10,63.0,Skipping Rope,Decathlon,Sports,view,120,1778597805
,casual,Indonesia,2025-10-19,18.0,Jeans,Levi's,Fashion,purchase,80,1778597805
480,browser,Singapore,2025-11-10,67.0,Data Science Handbook,Packt,Books,view,-70,1778597805
441,casual,Indonesia,2026-03-20,58.0,Tennis Racket,Wilson,Sports,view,200,1778597805
65,buyer,Thailand,2025-05-21,11.0,Mechanical Keyboard,Logitech,,purchase,-150,1778597805
,buyer,Indonesia,2025-02-28,65.0,Water Bottle,Stanley,Sports,purchase,25,1778597805
134,browser,Singapore,2024-08-20,51.0,Hair Dryer,Philips,Beauty,view,80,1778597805
446,browser,Thailand,2024-07-15,3.0,MacBook Pro,Apple,,view,15000,1778597805
67,buyer,Thailand,2024-05-13,11.0,Mechanical Keyboard,Logitech,Electronics,purchase,150,1778597805
,browser,Malaysia,2025-09-01,67.0,Data Science Handbook,Packt,Books,view,70,1778597805
234,buyer,Singapore,2026-01-20,13.0,4K Monitor,LG,Electronics,purchase,600,1778597805
37,browser,Singapore,2026-03-28,2655.0,Sports Shorts,Nike,Fashion,view,50,1778597805
354,casual,Malaysia,2024-07-01,1446.0,Running Shoes,Nike,Fashion,view,120,1778597805
295,browser,Singapore,2025-05-08,66.0,Python Programming Book,O'Reilly,Books,view,100,1778597805
307,casual,Indonesia,2024-10-27,45.0,Wall Clock,Generic,Home,purchase,40,1778597805
438,buyer,Thailand,2025-04-12,21.0,Dress,H&M,Fashion,view,120,1778597805
356,buyer,Singapore,2026-03-21,49.0,Perfume,Dior,Beauty,purchase,900,1778597805
,browser,Malaysia,2025-09-11,4.0,Dell XPS 13,Dell,Electronics,view,1800,1778597805
23,browser,Vietnam,2026-01-29,13.0,4K Monitor,LG,Electronics,view,600,1778597805
,casual,Singapore,2024-11-30,47.0,Moisturizer,Nivea,Beauty,view,40,1778597805
169,browser,Malaysia,2025-10-20,,Jeans,Levi's,Fashion,view,80,1778597805
16,casual,Malaysia,2025-07-01,35.0,Rice Cooker,Panasonic,Home,click,120,1778597805
460,casual,Singapore,2025-03-16,,Sneakers,Adidas,Fashion,view,150,1778597805
343,buyer,Indonesia,2024-12-19,50.0,Shampoo,Dove,Beauty,click,20,1778597805
unknown_user,casual,Singapore,2025-06-01,67.0,Data Science Handbook,Packt,Books,purchase,70,1778597805
120,casual,Thailand,2024-08-03,31.0,Coffee Maker,Philips,Home,click,150,1778597805
222,browser,Singapore,2025-07-30,53.0,Sunscreen,Nivea,Beauty,view,35,1778597805
170,browser,Indonesia,2026-03-30,1.0,iPhone 15,Apple,Electronics,view,1200,1778597805
100,browser,Singapore,2025-09-07,29.0,Sandals,Havaianas,Fashion,view,70,1778597805
336,browser,Malaysia,2025-02-17,25.0,Leather Belt,Levi's,Fashion,invalid,-60,1778597805
,browser,Malaysia,2025-12-01,8.0,AirPods Pro,Apple,Electronics,view,1250,1778597805
377,casual,Singapore,2026-01-10,10.0,Gaming Laptop,Asus,Electronics,click,2200,1778597805
,casual,Indonesia,2024-11-11,33.0,Vacuum Cleaner,Dyson,Home,view,300,1778597805
426,casual,Indonesia,2026-04-08,49.0,Perfume,Dior,Beauty,view,150,1778597805
336,casual,Singapore,2025-05-21,32.0,Air Fryer,Xiaomi,Home,click,180,1778597805
281,browser,Malaysia,2025-09-11,2285.0,iPhone 15,Apple,Electronics,click,1200,1778597805
30,browser,Singapore,2025-03-08,42.0,Sofa,Ikea,Home,view,-1200,1778597805
487,browser,Thailand,2025-02-26,54.0,Body Lotion,Dove,Beauty,view,-150,1778597805
274,browser,Singapore,2025-08-23,2811.0,Hoodie,Puma,Fashion,view,450,1778597805
79,browser,Singapore,2024-12-10,2.0,Samsung Galaxy S23,Samsung,Electronics,view,1000,1778597805
140,buyer,Singapore,2025-06-22,40.0,Office Chair,Ikea,Home,purchase,200,1778597805
170,casual,Philippines,2024-11-16,37.0,Microwave Oven,Samsung,Home,purchase,250,1778597805
343,browser,Malaysia,2025-02-02,1331.0,Running Shoes,Nike,Fashion,invalid,120,1778597805
310,casual,Malaysia,2026-02-04,62.0,Cycling Helmet,Giro,,view,80,1778597805
,browser,Singapore,2024-06-03,5.0,iPad Air,Apple,Electronics,view,900,1778597805
96,browser,Indonesia,2024-11-15,,Backpack,Adidas,Fashion,click,100,1778597805
47,browser,Malaysia,2025-02-17,46.0,Face Cleanser,Nivea,Beauty,invalid,300,1778597805
406,browser,Philippines,2025-01-05,33.0,Vacuum Cleaner,Dyson,Home,view,300,1778597805
216,buyer,Malaysia,2025-09-28,41.0,Bed Frame,Ikea,Home,invalid,900,1778597805
214,casual,Malaysia,2025-07-12,69.0,Business Strategy Book,Harvard Press,Books,view,60,1778597805
494,casual,Philippines,2025-10-29,63.0,Skipping Rope,Decathlon,Sports,view,80,1778597805
385,buyer,Malaysia,2025-11-05,64.0,Gym Bag,Nike,Sports,view,630,1778597805
350,browser,Philippines,2026-04-18,23.0,Cap,Nike,Fashion,click,30,1778597805
385,browser,Indonesia,2025-05-04,41.0,Bed Frame,Ikea,Home,invalid,900,1778597805
unknown_user,browser,Malaysia,2024-06-02,9.0,Smart Watch,Fitbit,Electronics,view,400,1778597805
13,casual,Singapore,2025-09-28,51.0,Hair Dryer,Philips,,click,80,1778597805
,buyer,Malaysia,2024-09-19,48.0,Lipstick,Maybelline,Beauty,invalid,25,1778597805
362,browser,Malaysia,2025-08-13,3121.0,Tennis Racket,Wilson,Sports,purchase,200,1778597805
161,buyer,Philippines,2026-02-26,12.0,Wireless Mouse,Logitech,Electronics,click,80,1778597805
53,browser,Indonesia,2025-03-17,22.0,Hoodie,Puma,Fashion,view,540,1778597805
103,casual,Thailand,2024-10-19,9.0,Smart Watch,Fitbit,Electronics,view,400,1778597805
244,browser,Malaysia,2024-10-19,60.0,Dumbbells,Decathlon,Sports,view,150,1778597805
,buyer,Malaysia,2025-08-16,21.0,Dress,H&M,Fashion,click,120,1778597805
434,browser,Singapore,2026-02-01,32.0,Air Fryer,Xiaomi,Home,click,360,1778597805
441,buyer,Indonesia,2025-05-28,21.0,Dress,H&M,Fashion,purchase,-120,1778597805
227,browser,Malaysia,2025-06-07,32.0,Air Fryer,Xiaomi,Home,invalid,180,1778597805
254,browser,Thailand,2024-08-06,,Coffee Maker,Philips,Home,view,150,1778597805
401,browser,Malaysia,2024-09-01,69.0,Business Strategy Book,Harvard Press,Books,view,60,1778597805
271,browser,Indonesia,2025-04-21,13.0,4K Monitor,LG,Electronics,view,600,1778597805
59,browser,Malaysia,2024-08-23,36.0,Electric Kettle,Tefal,,click,60,1778597805
,browser,Singapore,2024-08-20,49.0,Perfume,Dior,Beauty,view,150,1778597805
unknown_user,browser,Philippines,2025-02-11,59.0,Yoga Mat,Decathlon,Sports,view,-60,1778597805
58,casual,Singapore,2025-11-26,45.0,Wall Clock,Generic,Home,purchase,400,1778597805
161,browser,Thailand,2024-05-25,23.0,Cap,Nike,Fashion,click,30,1778597805
173,buyer,Malaysia,2026-05-03,14.0,External SSD,Samsung,Electronics,purchase,200,1778597805
196,casual,Malaysia,2024-07-02,3710.0,Body Lotion,Dove,Beauty,view,25,1778597805
,buyer,Malaysia,2025-12-15,54.0,Body Lotion,Dove,Beauty,view,125,1778597805
,browser,Thailand,2025-02-13,27.0,Sports Shorts,Nike,,view,50,1778597805
331,browser,Philippines,2024-08-21,4518.0,Sunscreen,Nivea,Beauty,view,35,1778597805
unknown_user,browser,Indonesia,2026-01-07,1252.0,Business Strategy Book,Harvard Press,Books,view,60,1778597805
217,buyer,Philippines,2025-02-01,6.0,Samsung Tablet,Samsung,Electronics,purchase,2100,1778597805
244,casual,Malaysia,2024-08-26,68.0,Machine Learning Guide,O'Reilly,Books,click,80,1778597805
19,buyer,Malaysia,2024-12-18,45.0,Wall Clock,Generic,Home,purchase,40,1778597805
324,buyer,Singapore,2026-03-14,,Coffee Maker,Philips,Home,purchase,1050,1778597805
,browser,Malaysia,2025-08-28,69.0,Business Strategy Book,Harvard Press,Books,view,60,1778597805
102,browser,Malaysia,2025-06-05,4116.0,Hoodie,Puma,Fashion,view,90,1778597805
unknown_user,buyer,Indonesia,2024-11-16,52.0,Makeup Kit,Maybelline,Beauty,purchase,120,1778597805
,browser,Malaysia,2025-01-20,20.0,Jacket,Zara,Fashion,view,200,1778597805
405,buyer,Indonesia,2025-01-10,21.0,Dress,H&M,Fashion,purchase,120,1778597805
,browser,Thailand,2024-07-29,47.0,Moisturizer,Nivea,Beauty,invalid,40,1778597805
392,buyer,Thailand,2025-09-17,15.0,Bluetooth Speaker,JBL,Electronics,purchase,120,1778597805
278,buyer,Singapore,2024-05-27,16.0,Running Shoes,Nike,Fashion,click,120,1778597805
121,casual,Thailand,2025-04-21,40.0,Office Chair,Ikea,Home,view,200,1778597805
89,browser,Malaysia,2026-04-01,58.0,Tennis Racket,Wilson,Sports,invalid,200,1778597805
431,casual,Malaysia,2025-03-12,57.0,Basketball,Nike,Sports,view,350,1778597805
64,browser,Philippines,2025-08-02,3.0,MacBook Pro,Apple,Electronics,view,2500,1778597805
unknown_user,buyer,Singapore,2024-06-15,,Toaster,Philips,Home,click,630,1778597805
11,browser,Singapore,2024-06-11,37.0,Microwave Oven,Samsung,Home,view,-250,1778597805
,casual,Malaysia,2025-08-11,5.0,iPad Air,Apple,Electronics,view,900,1778597805
373,browser,Singapore,2025-09-03,9.0,Smart Watch,Fitbit,Electronics,view,400,1778597805
181,buyer,Singapore,2025-08-21,5.0,iPad Air,Apple,Electronics,purchase,900,1778597805
296,browser,Singapore,2024-07-01,60.0,Dumbbells,Decathlon,Sports,view,150,1778597805
210,casual,Malaysia,2025-11-15,11.0,Mechanical Keyboard,Logitech,Electronics,invalid,150,1778597805
unknown_user,browser,Singapore,2026-02-04,5.0,iPad Air,Apple,Electronics,view,900,1778597805
21,buyer,Malaysia,2025-01-15,62.0,Cycling Helmet,Giro,,click,720,1778597805
,browser,Malaysia,2025-06-02,39.0,Dining Table,Ikea,Home,view,-800,1778597805
345,browser,Indonesia,2025-05-20,12.0,Wireless Mouse,Logitech,Electronics,purchase,80,1778597805
441,browser,Thailand,2025-02-10,6.0,Samsung Tablet,Samsung,Electronics,click,700,1778597805
192,browser,Malaysia,2026-02-13,33.0,Vacuum Cleaner,Dyson,Home,view,-300,1778597805
265,buyer,Vietnam,2024-05-26,35.0,Rice Cooker,Panasonic,Home,click,120,1778597805
unknown_user,browser,Malaysia,2025-10-17,4937.0,AirPods Pro,Apple,Electronics,view,250,1778597805
unknown_user,browser,Malaysia,2024-07-17,63.0,Skipping Rope,Decathlon,Sports,view,20,1778597805
98,casual,Singapore,2024-11-23,16.0,Running Shoes,Nike,Fashion,view,-120,1778597805
287,browser,Thailand,2025-05-20,43.0,Desk Lamp,Philips,Home,invalid,50,1778597805
269,buyer,Malaysia,2024-12-11,,Hoodie,Puma,Fashion,click,90,1778597805
193,casual,Thailand,2026-02-20,7.0,Sony Headphones,Sony,,view,900,1778597805
10,buyer,Indonesia,2024-05-30,50.0,Shampoo,Dove,Beauty,purchase,20,1778597805
unknown_user,browser,Singapore,2024-08-10,,Lipstick,Maybelline,Beauty,view,25,1778597805
106,casual,Thailand,2025-07-04,32.0,Air Fryer,Xiaomi,Home,invalid,180,1778597805
37,casual,Malaysia,2025-11-21,29.0,Sandals,Havaianas,Fashion,view,490,1778597805
172,browser,Singapore,2025-02-21,62.0,Cycling Helmet,Giro,Sports,view,80,1778597805
297,casual,Malaysia,2025-04-15,1438.0,Office Chair,Ikea,Home,click,200,1778597805
26,buyer,Malaysia,2025-03-03,41.0,Bed Frame,Ikea,Home,invalid,900,1778597805
429,casual,Singapore,2025-01-02,47.0,Moisturizer,Nivea,Beauty,view,40,1778597805
307,casual,Indonesia,2024-06-09,2.0,Samsung Galaxy S23,Samsung,Electronics,view,1000,1778597805
270,browser,Malaysia,2025-04-02,68.0,Machine Learning Guide,O'Reilly,Books,view,80,1778597805
66,browser,Thailand,2024-10-12,5.0,iPad Air,Apple,Electronics,invalid,900,1778597805
114,buyer,Vietnam,2025-05-31,19.0,T-Shirt,Uniqlo,,purchase,40,1778597805
unknown_user,casual,Vietnam,2024-07-22,28.0,Formal Shirt,Zara,,click,90,1778597805
234,buyer,Singapore,2025-12-11,45.0,Wall Clock,Generic,Home,click,-40,1778597805
339,casual,Malaysia,2024-08-06,64.0,Gym Bag,Nike,Sports,invalid,90,1778597805
210,browser,Malaysia,2025-08-21,4.0,Dell XPS 13,Dell,Electronics,view,1800,1778597805
377,browser,Malaysia,2025-10-17,42.0,Sofa,Ikea,Home,view,12000,1778597805
161,browser,Indonesia,2025-10-10,36.0,Electric Kettle,Tefal,Home,click,60,1778597805
462,casual,Indonesia,2025-12-12,10.0,Gaming Laptop,Asus,Electronics,click,2200,1778597805
343,casual,Thailand,2024-09-13,41.0,Bed Frame,Ikea,Home,click,5400,1778597805
274,casual,Vietnam,2026-05-05,54.0,Body Lotion,Dove,Beauty,click,25,1778597805
unknown_user,browser,Malaysia,2024-06-28,21.0,Dress,H&M,Fashion,view,120,1778597805
232,browser,Malaysia,2025-06-22,32.0,Air Fryer,Xiaomi,Home,view,180,1778597805
125,browser,Singapore,2025-11-18,3567.0,Dress,H&M,Fashion,view,120,1778597805
401,browser,Thailand,2025-08-20,67.0,Data Science Handbook,Packt,Books,click,560,1778597805
173,buyer,Indonesia,2025-10-23,28.0,Formal Shirt,Zara,Fashion,purchase,90,1778597805
411,browser,Singapore,2025-09-09,25.0,Leather Belt,Levi's,Fashion,purchase,60,1778597805
5,casual,Malaysia,2025-07-08,4233.0,Perfume,Dior,Beauty,purchase,150,1778597805
243,buyer,Indonesia,2025-06-06,22.0,Hoodie,Puma,Fashion,invalid,90,1778597805
181,buyer,Malaysia,2025-04-22,,Yoga Mat,Decathlon,Sports,click,60,1778597805
424,browser,Malaysia,2025-03-25,29.0,Sandals,Havaianas,Fashion,view,-70,1778597805
368,browser,Malaysia,2025-05-04,4341.0,Bed Frame,Ikea,Home,click,900,1778597805
4,casual,Thailand,2026-03-18,11.0,Mechanical Keyboard,Logitech,Electronics,view,150,1778597805
,browser,Singapore,2024-06-09,45.0,Wall Clock,Generic,Home,view,40,1778597805
164,casual,Thailand,2024-12-27,54.0,Body Lotion,Dove,,view,25,1778597805
40,casual,Thailand,2024-07-03,67.0,Data Science Handbook,Packt,Books,invalid,70,1778597805
409,browser,Singapore,2025-07-03,62.0,Cycling Helmet,Giro,Sports,view,80,1778597805
unknown_user,browser,Malaysia,2025-06-21,11.0,Mechanical Keyboard,Logitech,Electronics,view,1050,1778597805
114,casual,Singapore,2025-03-04,63.0,Skipping Rope,Decathlon,Sports,click,20,1778597805
53,casual,Singapore,2025-07-08,33.0,Vacuum Cleaner,Dyson,Home,click,300,1778597805
unknown_user,browser,Singapore,2025-02-22,26.0,Backpack,Adidas,Fashion,view,100,1778597805
unknown_user,browser,Thailand,2025-01-07,39.0,Dining Table,Ikea,Home,view,800,1778597805
63,casual,Indonesia,2025-04-01,57.0,Basketball,Nike,Sports,view,50,1778597805
5,browser,Malaysia,2025-05-05,41.0,Bed Frame,Ikea,,view,3600,1778597805
126,casual,Singapore,2024-11-27,9.0,Smart Watch,Fitbit,Electronics,view,400,1778597805
426,browser,Singapore,2025-04-01,3085.0,Bed Frame,Ikea,Home,view,900,1778597805
388,buyer,Malaysia,2024-05-18,56.0,Football,Adidas,Sports,click,40,1778597805
401,browser,Singapore,2024-07-17,43.0,Desk Lamp,Philips,Home,view,50,1778597805
99,browser,Singapore,2024-11-16,34.0,Blender,Philips,Home,view,100,1778597805
445,browser,Malaysia,2026-02-18,12.0,Wireless Mouse,Logitech,Electronics,invalid,240,1778597805
,browser,Thailand,2026-04-07,23.0,Cap,Nike,Fashion,invalid,30,1778597805
462,browser,Indonesia,2024-06-20,,iPhone 15,Apple,Electronics,view,4800,1778597805
194,browser,Indonesia,2024-07-23,,Sofa,Ikea,Home,view,1200,1778597805
47,buyer,Malaysia,2026-02-09,,Data Science Handbook,Packt,Books,purchase,70,1778597805
unknown_user,casual,Malaysia,2025-06-10,9.0,Smart Watch,Fitbit,Electronics,view,2000,1778597805
,casual,Indonesia,2025-01-29,62.0,Cycling Helmet,Giro,Sports,click,80,1778597805
272,casual,Thailand,2025-03-15,4885.0,Perfume,Dior,Beauty,purchase,150,1778597805
244,casual,Indonesia,2024-10-06,4476.0,Air Fryer,Xiaomi,Home,purchase,1260,1778597805
190,casual,Singapore,2024-05-18,24.0,Sunglasses,Ray-Ban,Fashion,purchase,180,1778597805
442,casual,Thailand,2025-03-23,,iPhone 15,Apple,Electronics,click,12000,1778597805
,casual,Indonesia,2024-07-23,60.0,Dumbbells,Decathlon,Sports,view,150,1778597805
20,casual,Malaysia,2025-07-07,14.0,External SSD,Samsung,Electronics,click,200,1778597805
37,browser,Malaysia,2025-06-05,,Yoga Mat,Decathlon,Sports,view,60,1778597805
315,browser,Malaysia,2026-04-19,34.0,Blender,Philips,Home,view,100,1778597805
384,browser,Malaysia,2026-03-28,1710.0,Microwave Oven,Samsung,Home,view,250,1778597805
447,browser,Malaysia,2026-02-27,53.0,Sunscreen,Nivea,Beauty,invalid,35,1778597805
374,browser,Philippines,2025-12-22,45.0,Wall Clock,Generic,Home,view,40,1778597805
435,browser,Singapore,2025-03-17,1.0,iPhone 15,Apple,,view,1200,1778597805
12,browser,Vietnam,2024-09-02,33.0,Vacuum Cleaner,Dyson,Home,view,300,1778597805
186,casual,Thailand,2025-09-11,55.0,Nail Polish,O.P.I,Beauty,view,-15,1778597805
,casual,Malaysia,2025-04-08,,Rice Cooker,Panasonic,Home,click,120,1778597805
207,browser,Singapore,2026-02-28,2540.0,Air Fryer,Xiaomi,Home,view,180,1778597805
369,casual,Malaysia,2024-05-13,27.0,Sports Shorts,Nike,Fashion,click,50,1778597805
61,casual,Vietnam,2025-11-08,1332.0,Running Shoes,Nike,Fashion,view,120,1778597805
148,browser,Malaysia,2025-02-23,65.0,Water Bottle,Stanley,Sports,view,-25,1778597805
unknown_user,casual,Thailand,2025-09-11,63.0,Skipping Rope,Decathlon,Sports,view,20,1778597805
296,buyer,Singapore,2024-12-05,37.0,Microwave Oven,Samsung,Home,purchase,250,1778597805
390,browser,Thailand,2024-06-17,16.0,Running Shoes,Nike,Fashion,view,120,1778597805
401,browser,Malaysia,2026-02-03,43.0,Desk Lamp,Philips,Home,view,50,1778597805
66,browser,Malaysia,2025-01-12,23.0,Cap,Nike,Fashion,click,30,1778597805
384,casual,Malaysia,2024-09-03,57.0,Basketball,Nike,Sports,click,50,1778597805
323,casual,Indonesia,2026-04-22,27.0,Sports Shorts,Nike,Fashion,view,50,1778597805
451,browser,Thailand,2026-04-25,38.0,Toaster,Philips,Home,view,70,1778597805
127,buyer,Malaysia,2024-09-13,2724.0,Football,Adidas,Sports,purchase,40,1778597805
,browser,Thailand,2026-03-06,50.0,Shampoo,Dove,Beauty,invalid,100,1778597805
123,browser,Indonesia,2026-01-06,,Sunglasses,Ray-Ban,Fashion,view,180,1778597805
,buyer,Malaysia,2025-03-20,30.0,Watch,Casio,Fashion,click,2000,1778597805
396,buyer,Indonesia,2025-06-27,61.0,Treadmill,Technogym,Sports,purchase,-1500,1778597805
311,casual,Singapore,2026-03-28,27.0,Sports Shorts,Nike,Fashion,purchase,-50,1778597805
27,browser,Thailand,2026-01-21,,Yoga Mat,Decathlon,Sports,view,120,1778597805
106,casual,Indonesia,2026-04-11,8.0,AirPods Pro,Apple,,purchase,250,1778597805
5,browser,Indonesia,2024-06-04,35.0,Rice Cooker,Panasonic,Home,invalid,120,1778597805
259,browser,Malaysia,2026-01-10,53.0,Sunscreen,Nivea,Beauty,view,35,1778597805
394,casual,Singapore,2026-03-23,11.0,Mechanical Keyboard,Logitech,,view,150,1778597805
,casual,Indonesia,2025-10-25,12.0,Wireless Mouse,Logitech,Electronics,invalid,80,1778597805
86,casual,Singapore,2026-04-19,3050.0,Running Shoes,Nike,Fashion,view,1080,1778597805
397,buyer,Indonesia,2025-04-05,15.0,Bluetooth Speaker,JBL,Electronics,view,120,1778597805
349,buyer,Singapore,2025-09-07,14.0,External SSD,Samsung,Electronics,purchase,200,1778597805
,browser,Malaysia,2025-11-13,26.0,Backpack,Adidas,Fashion,view,100,1778597805
205,browser,Malaysia,2024-12-18,21.0,Dress,H&M,Fashion,view,120,1778597805
174,casual,Singapore,2025-05-01,56.0,Football,Adidas,Sports,click,40,1778597805
417,browser,Malaysia,2026-02-20,8.0,AirPods Pro,Apple,Electronics,view,-250,1778597805
,browser,Malaysia,2026-01-27,35.0,Rice Cooker,Panasonic,Home,view,600,1778597805
unknown_user,buyer,Malaysia,2024-08-21,49.0,Perfume,Dior,Beauty,purchase,150,1778597805
,browser,Indonesia,2025-05-19,2.0,Samsung Galaxy S23,Samsung,Electronics,view,7000,1778597805
unknown_user,browser,Malaysia,2025-02-25,62.0,Cycling Helmet,Giro,Sports,purchase,80,1778597805
66,casual,Indonesia,2024-09-26,24.0,Sunglasses,Ray-Ban,Fashion,view,180,1778597805
163,casual,Indonesia,2026-03-06,23.0,Cap,Nike,Fashion,click,30,1778597805
,browser,Indonesia,2025-09-18,1408.0,T-Shirt,Uniqlo,Fashion,view,40,1778597805
unknown_user,browser,Indonesia,2024-07-08,43.0,Desk Lamp,Philips,Home,invalid,50,1778597805
421,browser,Singapore,2025-10-16,17.0,Sneakers,Adidas,Fashion,view,150,1778597805
484,casual,Thailand,2025-07-14,63.0,Skipping Rope,Decathlon,Sports,view,20,1778597805
176,browser,Singapore,2024-11-14,5.0,iPad Air,Apple,,purchase,900,1778597805
305,browser,Thailand,2024-05-22,24.0,Sunglasses,Ray-Ban,,invalid,180,1778597805
,browser,Indonesia,2024-12-13,55.0,Nail Polish,O.P.I,Beauty,view,15,1778597805
unknown_user,browser,Indonesia,2025-03-20,4321.0,Sneakers,Adidas,Fashion,view,150,1778597805
337,browser,Malaysia,2026-01-04,28.0,Formal Shirt,Zara,Fashion,view,90,1778597805
163,browser,Philippines,2025-02-10,52.0,Makeup Kit,Maybelline,Beauty,purchase,120,1778597805
116,casual,Singapore,2024-10-08,12.0,Wireless Mouse,Logitech,Electronics,view,80,1778597805
357,browser,Malaysia,2025-01-30,2874.0,Vacuum Cleaner,Dyson,Home,view,300,1778597805
306,browser,Singapore,2026-05-01,3629.0,iPhone 15,Apple,Electronics,view,1200,1778597805
357,casual,Malaysia,2026-02-05,69.0,Business Strategy Book,Harvard Press,Books,purchase,60,1778597805
unknown_user,browser,Malaysia,2025-01-27,,Dining Table,Ikea,Home,view,7200,1778597805
145,buyer,Thailand,2025-12-14,1.0,iPhone 15,Apple,Electronics,click,1200,1778597805
388,browser,Malaysia,2024-08-08,60.0,Dumbbells,Decathlon,Sports,view,150,1778597805
196,buyer,Thailand,2024-11-26,48.0,Lipstick,Maybelline,Beauty,purchase,25,1778597805
476,buyer,Malaysia,2025-11-08,4.0,Dell XPS 13,Dell,Electronics,purchase,14400,1778597805
unknown_user,buyer,Indonesia,2024-11-24,,Smart Watch,Fitbit,Electronics,view,400,1778597805
,casual,Malaysia,2025-11-28,50.0,Shampoo,Dove,Beauty,invalid,120,1778597805
82,casual,Malaysia,2026-04-15,37.0,Microwave Oven,Samsung,Home,view,1750,1778597805
102,browser,Malaysia,2025-06-28,20.0,Jacket,Zara,Fashion,view,200,1778597805
342,browser,Malaysia,2025-10-18,,Mechanical Keyboard,Logitech,Electronics,view,150,1778597805
unknown_user,buyer,Malaysia,2025-11-20,68.0,Machine Learning Guide,O'Reilly,Books,view,-80,1778597805
322,browser,Malaysia,2025-12-23,53.0,Sunscreen,Nivea,Beauty,view,70,1778597805
335,browser,Singapore,2024-07-08,65.0,Water Bottle,Stanley,Sports,view,25,1778597805
458,browser,Malaysia,2025-12-02,52.0,Makeup Kit,Maybelline,Beauty,purchase,120,1778597805
88,browser,Thailand,2025-06-15,62.0,Cycling Helmet,Giro,Sports,view,160,1778597805
213,browser,Philippines,2025-11-20,46.0,Face Cleanser,Nivea,Beauty,view,30,1778597805
438,browser,Indonesia,2024-08-31,47.0,Moisturizer,Nivea,Beauty,view,40,1778597805
216,buyer,Singapore,2026-01-18,7.0,Sony Headphones,Sony,Electronics,invalid,300,1778597805
129,casual,Singapore,2024-05-19,25.0,Leather Belt,Levi's,,click,120,1778597805
159,buyer,Singapore,2025-05-17,,Dining Table,Ikea,Home,click,8000,1778597805
38,browser,Malaysia,2026-02-04,16.0,Running Shoes,Nike,Fashion,view,240,1778597805
unknown_user,buyer,Indonesia,2025-12-22,6.0,Samsung Tablet,Samsung,Electronics,view,700,1778597805
unknown_user,browser,Philippines,2024-11-30,5.0,iPad Air,Apple,Electronics,view,900,1778597805
unknown_user,browser,Malaysia,2025-08-28,1.0,iPhone 15,Apple,Electronics,invalid,1200,1778597805
44,browser,Thailand,2026-03-19,49.0,Perfume,Dior,Beauty,view,150,1778597805
310,browser,Malaysia,2024-09-23,23.0,Cap,Nike,Fashion,view,210,1778597805
,casual,Thailand,2024-11-17,62.0,Cycling Helmet,Giro,Sports,purchase,80,1778597805
217,browser,Malaysia,2024-07-08,21.0,Dress,H&M,Fashion,view,120,1778597805
89,casual,Singapore,2024-06-30,4804.0,Hoodie,Puma,Fashion,purchase,270,1778597805
,buyer,Philippines,2025-12-05,66.0,Python Programming Book,O'Reilly,Books,view,50,1778597805
252,buyer,Singapore,2025-06-30,65.0,Water Bottle,Stanley,Sports,click,25,1778597805
221,browser,Malaysia,2026-04-08,41.0,Bed Frame,Ikea,Home,view,900,1778597805
272,browser,Malaysia,2025-07-31,1.0,iPhone 15,Apple,Electronics,view,4800,1778597805
153,buyer,Malaysia,2025-08-01,39.0,Dining Table,Ikea,Home,click,1600,1778597805
unknown_user,casual,Vietnam,2025-12-17,52.0,Makeup Kit,Maybelline,Beauty,click,480,1778597805
168,browser,Singapore,2024-12-06,57.0,Basketball,Nike,Sports,view,50,1778597805
110,casual,Malaysia,2026-02-21,48.0,Lipstick,Maybelline,Beauty,view,25,1778597805
244,browser,Malaysia,2024-12-02,27.0,Sports Shorts,Nike,Fashion,view,50,1778597805
420,browser,Malaysia,2024-09-04,32.0,Air Fryer,Xiaomi,Home,purchase,180,1778597805
265,browser,Vietnam,2025-10-10,60.0,Dumbbells,Decathlon,,click,150,1778597805
262,casual,Singapore,2025-08-12,2524.0,Coffee Maker,Philips,Home,click,150,1778597805
161,browser,Indonesia,2026-04-20,29.0,Sandals,Havaianas,Fashion,view,70,1778597805
193,casual,Malaysia,2025-05-16,19.0,T-Shirt,Uniqlo,Fashion,click,40,1778597805
332,casual,Indonesia,2025-08-31,27.0,Sports Shorts,Nike,Fashion,view,200,1778597805
,browser,Malaysia,2025-05-14,2.0,Samsung Galaxy S23,Samsung,Electronics,view,-2000,1778597805
232,browser,Malaysia,2024-07-14,3820.0,Toaster,Philips,Home,view,70,1778597805
70,casual,Indonesia,2025-09-27,15.0,Bluetooth Speaker,JBL,Electronics,view,-360,1778597805
347,casual,Malaysia,2025-02-21,3313.0,Bed Frame,Ikea,Home,click,900,1778597805
unknown_user,casual,Thailand,2024-12-20,55.0,Nail Polish,O.P.I,,invalid,15,1778597805
300,buyer,Malaysia,2025-01-03,44.0,Curtains,Ikea,Home,purchase,120,1778597805
215,browser,Malaysia,2026-04-19,16.0,Running Shoes,Nike,Fashion,view,120,1778597805
423,casual,Singapore,2025-04-26,10.0,Gaming Laptop,Asus,Electronics,purchase,2200,1778597805
360,casual,Thailand,2025-05-11,42.0,Sofa,Ikea,Home,purchase,1200,1778597805
190,browser,Indonesia,2025-10-15,11.0,Mechanical Keyboard,Logitech,Electronics,view,150,1778597805
165,browser,Malaysia,2025-02-06,69.0,Business Strategy Book,Harvard Press,Books,view,60,1778597805
313,browser,Malaysia,2025-09-19,15.0,Bluetooth Speaker,JBL,Electronics,view,120,1778597805
423,browser,Indonesia,2025-12-03,25.0,Leather Belt,Levi's,Fashion,view,60,1778597805
307,browser,Indonesia,2026-03-25,,Sunscreen,Nivea,Beauty,view,35,1778597805
15,browser,Indonesia,2025-11-12,45.0,Wall Clock,Generic,Home,view,40,1778597805
105,casual,Malaysia,2025-04-13,56.0,Football,Adidas,Sports,invalid,40,1778597805
93,buyer,Malaysia,2025-04-06,70.0,Self Development Book,Penguin,Books,invalid,-40,1778597805
455,casual,Malaysia,2024-11-01,62.0,Cycling Helmet,Giro,Sports,purchase,80,1778597805
305,browser,Malaysia,2024-12-25,33.0,Vacuum Cleaner,Dyson,Home,view,300,1778597805
326,browser,Singapore,2026-01-07,19.0,T-Shirt,Uniqlo,Fashion,view,40,1778597805
324,browser,Singapore,2025-10-19,4.0,Dell XPS 13,Dell,Electronics,view,1800,1778597805
unknown_user,casual,Malaysia,2025-05-24,39.0,Dining Table,Ikea,Home,view,800,1778597805
430,browser,Thailand,2026-04-14,,Watch,Casio,Fashion,view,250,1778597805
348,browser,Thailand,2025-07-07,64.0,Gym Bag,Nike,Sports,view,90,1778597805
365,browser,Indonesia,2025-12-19,43.0,Desk Lamp,Philips,Home,purchase,-450,1778597805
352,browser,Singapore,2025-08-30,,Desk Lamp,Philips,Home,view,50,1778597805
260,browser,Singapore,2025-07-16,57.0,Basketball,Nike,Sports,view,50,1778597805
199,casual,Thailand,2024-08-01,,Treadmill,Technogym,Sports,purchase,1500,1778597805
unknown_user,casual,Malaysia,2025-06-24,65.0,Water Bottle,Stanley,,view,225,1778597805
485,browser,Singapore,2024-08-15,,Business Strategy Book,Harvard Press,Books,invalid,60,1778597805
398,casual,Malaysia,2024-08-03,52.0,Makeup Kit,Maybelline,,view,120,1778597805
258,casual,Indonesia,2024-11-29,,Smart Watch,Fitbit,Electronics,view,400,1778597805
220,browser,Indonesia,2025-04-18,63.0,Skipping Rope,Decathlon,Sports,click,-20,1778597805
346,casual,Malaysia,2026-01-06,70.0,Self Development Book,Penguin,Books,view,40,1778597805
,buyer,Vietnam,2025-09-08,37.0,Microwave Oven,Samsung,Home,click,750,1778597805
340,browser,Thailand,2025-09-12,24.0,Sunglasses,Ray-Ban,Fashion,view,-180,1778597805
436,buyer,Thailand,2025-10-01,48.0,Lipstick,Maybelline,Beauty,purchase,25,1778597805
211,browser,Singapore,2024-12-09,9.0,Smart Watch,Fitbit,Electronics,view,400,1778597805
,casual,Malaysia,2026-01-17,70.0,Self Development Book,Penguin,Books,purchase,-40,1778597805
152,browser,Singapore,2025-05-15,45.0,Wall Clock,Generic,Home,view,40,1778597805
365,browser,Vietnam,2026-05-11,11.0,Mechanical Keyboard,Logitech,,click,150,1778597805
284,casual,Malaysia,2025-02-09,20.0,Jacket,Zara,Fashion,purchase,200,1778597805
475,casual,Malaysia,2024-08-08,43.0,Desk Lamp,Philips,Home,view,50,1778597805
190,buyer,Malaysia,2025-11-10,,Treadmill,Technogym,Sports,click,1500,1778597805
49,browser,Malaysia,2026-02-04,48.0,Lipstick,Maybelline,Beauty,invalid,25,1778597805
81,browser,Philippines,2026-05-04,52.0,Makeup Kit,Maybelline,Beauty,view,120,1778597805
unknown_user,browser,Thailand,2024-09-02,21.0,Dress,H&M,Fashion,view,120,1778597805
342,browser,Indonesia,2024-06-21,52.0,Makeup Kit,Maybelline,,view,-120,1778597805
unknown_user,browser,Indonesia,2026-04-26,26.0,Backpack,Adidas,,view,100,1778597805
282,browser,Singapore,2024-06-15,65.0,Water Bottle,Stanley,Sports,view,25,1778597805
396,browser,Indonesia,2025-08-18,5.0,iPad Air,Apple,Electronics,view,900,1778597805
131,casual,Malaysia,2024-06-22,4113.0,Running Shoes,Nike,Fashion,click,120,1778597805
155,buyer,Malaysia,2026-04-15,32.0,Air Fryer,Xiaomi,Home,purchase,180,1778597805
unknown_user,browser,Malaysia,2025-07-18,51.0,Hair Dryer,Philips,Beauty,view,80,1778597805
29,buyer,Malaysia,2024-07-24,45.0,Wall Clock,Generic,Home,view,40,1778597805
470,casual,Singapore,2025-08-21,8.0,AirPods Pro,Apple,Electronics,view,250,1778597805
195,buyer,Thailand,2026-04-04,60.0,Dumbbells,Decathlon,Sports,view,150,1778597805
247,browser,Indonesia,2024-12-31,69.0,Business Strategy Book,Harvard Press,Books,view,300,1778597805
81,casual,Singapore,2025-06-15,52.0,Makeup Kit,Maybelline,Beauty,purchase,120,1778597805
402,browser,Thailand,2024-05-22,16.0,Running Shoes,Nike,,view,-840,1778597805
80,casual,Thailand,2025-08-02,13.0,4K Monitor,LG,Electronics,invalid,600,1778597805
135,browser,Singapore,2026-03-26,4.0,Dell XPS 13,Dell,Electronics,view,1800,1778597805
,buyer,Thailand,2025-11-09,57.0,Basketball,Nike,Sports,purchase,50,1778597805
267,buyer,Malaysia,2026-03-04,45.0,Wall Clock,Generic,Home,view,80,1778597805
344,casual,Singapore,2026-02-26,12.0,Wireless Mouse,Logitech,Electronics,purchase,80,1778597805
78,casual,Thailand,2024-12-21,49.0,Perfume,Dior,,click,-150,1778597805
374,buyer,Indonesia,2024-11-25,42.0,Sofa,Ikea,Home,click,1200,1778597805
,casual,Thailand,2025-05-07,11.0,Mechanical Keyboard,Logitech,Electronics,view,150,1778597805
,casual,Malaysia,2024-12-04,62.0,Cycling Helmet,Giro,Sports,view,80,1778597805
128,browser,Thailand,2025-10-18,2979.0,Mechanical Keyboard,Logitech,Electronics,view,150,1778597805
unknown_user,casual,Singapore,2025-02-11,16.0,Running Shoes,Nike,Fashion,click,120,1778597805
137,browser,Malaysia,2024-05-28,7.0,Sony Headphones,Sony,Electronics,view,300,1778597805
unknown_user,browser,Malaysia,2026-02-17,51.0,Hair Dryer,Philips,Beauty,click,80,1778597805
unknown_user,casual,Singapore,2026-01-21,41.0,Bed Frame,Ikea,Home,purchase,900,1778597805
325,browser,Singapore,2024-07-23,58.0,Tennis Racket,Wilson,Sports,click,200,1778597805
241,buyer,Philippines,2024-11-01,7.0,Sony Headphones,Sony,Electronics,purchase,-300,1778597805
388,casual,Indonesia,2025-09-18,62.0,Cycling Helmet,Giro,Sports,invalid,720,1778597805
442,browser,Indonesia,2025-04-02,1.0,iPhone 15,Apple,Electronics,view,1200,1778597805
316,buyer,Singapore,2025-03-27,65.0,Water Bottle,Stanley,Sports,view,25,1778597805
235,buyer,Malaysia,2026-04-01,45.0,Wall Clock,Generic,Home,view,40,1778597805
,casual,Indonesia,2024-05-28,4.0,Dell XPS 13,Dell,Electronics,click,1800,1778597805
463,casual,Malaysia,2024-10-08,1693.0,Vacuum Cleaner,Dyson,Home,view,300,1778597805
83,browser,Indonesia,2025-09-21,25.0,Leather Belt,Levi's,Fashion,view,60,1778597805
,buyer,Malaysia,2025-01-27,60.0,Dumbbells,Decathlon,,purchase,150,1778597805
334,browser,Singapore,2024-10-21,50.0,Shampoo,Dove,Beauty,view,20,1778597805
unknown_user,casual,Vietnam,2025-08-31,,Cap,Nike,,view,30,1778597805
27,browser,Malaysia,2025-07-27,61.0,Treadmill,Technogym,Sports,click,1500,1778597805
151,casual,Singapore,2024-10-01,,Formal Shirt,Zara,,click,270,1778597805
unknown_user,buyer,Malaysia,2024-12-26,49.0,Perfume,Dior,Beauty,click,300,1778597805
14,buyer,Malaysia,2025-09-29,,Samsung Galaxy S23,Samsung,Electronics,view,1000,1778597805
263,casual,Malaysia,2025-11-22,,Hoodie,Puma,Fashion,view,90,1778597805
,casual,Malaysia,2024-09-30,68.0,Machine Learning Guide,O'Reilly,Books,view,640,1778597805
269,casual,Malaysia,2025-01-26,3771.0,Water Bottle,Stanley,Sports,click,25,1778597805
363,buyer,Malaysia,2025-12-11,20.0,Jacket,Zara,Fashion,purchase,200,1778597805
197,buyer,Indonesia,2024-06-16,3694.0,Toaster,Philips,Home,purchase,420,1778597805
367,browser,Thailand,2024-11-05,,Skipping Rope,Decathlon,Sports,invalid,100,1778597805
437,casual,Singapore,2025-03-09,62.0,Cycling Helmet,Giro,Sports,click,80,1778597805
423,casual,Singapore,2025-12-11,21.0,Dress,H&M,Fashion,click,120,1778597805
,browser,Malaysia,2025-03-20,38.0,Toaster,Philips,Home,view,70,1778597805
469,browser,Philippines,2025-04-01,45.0,Wall Clock,Generic,Home,view,400,1778597805
187,buyer,Singapore,2025-11-23,66.0,Python Programming Book,O'Reilly,Books,click,200,1778597805
404,browser,Malaysia,2024-12-16,43.0,Desk Lamp,Philips,Home,view,50,1778597805
373,browser,Thailand,2025-10-31,,Hoodie,Puma,Fashion,invalid,90,1778597805
270,browser,Malaysia,2024-06-21,27.0,Sports Shorts,Nike,Fashion,invalid,50,1778597805
unknown_user,casual,Indonesia,2026-04-05,60.0,Dumbbells,Decathlon,Sports,view,150,1778597805
75,casual,Indonesia,2026-04-09,61.0,Treadmill,Technogym,Sports,view,-13500,1778597805
unknown_user,browser,Malaysia,2026-02-20,68.0,Machine Learning Guide,O'Reilly,Books,view,80,1778597805
46,casual,Vietnam,2026-03-03,42.0,Sofa,Ikea,Home,view,1200,1778597805
29,browser,Malaysia,2024-12-31,18.0,Jeans,Levi's,Fashion,click,80,1778597805
400,browser,Thailand,2026-05-03,34.0,Blender,Philips,Home,view,200,1778597805
311,buyer,Indonesia,2025-06-27,65.0,Water Bottle,Stanley,Sports,invalid,25,1778597805
274,browser,Malaysia,2025-04-13,1010.0,Sunglasses,Ray-Ban,Fashion,view,180,1778597805
unknown_user,browser,Malaysia,2024-07-02,4.0,Dell XPS 13,Dell,Electronics,invalid,1800,1778597805
193,buyer,Indonesia,2026-04-10,33.0,Vacuum Cleaner,Dyson,Home,purchase,300,1778597805
57,casual,Malaysia,2026-04-14,20.0,Jacket,Zara,Fashion,view,200,1778597805
11,browser,Malaysia,2026-01-03,5.0,iPad Air,Apple,Electronics,view,7200,1778597805
,casual,Singapore,2025-01-31,,Office Chair,Ikea,Home,view,200,1778597805
97,casual,Malaysia,2024-10-20,38.0,Toaster,Philips,Home,view,210,1778597805
204,browser,Indonesia,2025-04-29,5.0,iPad Air,Apple,Electronics,view,900,1778597805
74,casual,Malaysia,2026-03-10,26.0,Backpack,Adidas,Fashion,view,100,1778597805
unknown_user,buyer,Indonesia,2024-07-02,3844.0,External SSD,Samsung,Electronics,invalid,-200,1778597805
97,casual,Thailand,2025-01-01,10.0,Gaming Laptop,Asus,Electronics,click,2200,1778597805
180,casual,Philippines,2025-04-23,16.0,Running Shoes,Nike,Fashion,view,120,1778597805
141,casual,Indonesia,2025-05-14,17.0,Sneakers,Adidas,Fashion,click,150,1778597805
81,buyer,Philippines,2024-12-01,35.0,Rice Cooker,Panasonic,,click,720,1778597805
41,buyer,Singapore,2026-02-15,34.0,Blender,Philips,Home,click,100,1778597805
390,buyer,Singapore,2025-12-02,36.0,Electric Kettle,Tefal,Home,invalid,-60,1778597805
76,browser,Malaysia,2025-02-22,39.0,Dining Table,Ikea,Home,purchase,800,1778597805
296,browser,Malaysia,2025-07-26,3607.0,Sunscreen,Nivea,Beauty,view,35,1778597805
129,casual,Vietnam,2024-07-11,52.0,Makeup Kit,Maybelline,Beauty,view,120,1778597805
,casual,Philippines,2024-09-17,58.0,Tennis Racket,Wilson,Sports,view,200,1778597805
207,buyer,Indonesia,2024-06-11,20.0,Jacket,Zara,Fashion,invalid,1800,1778597805
379,browser,Thailand,2025-05-02,35.0,Rice Cooker,Panasonic,Home,view,840,1778597805
unknown_user,casual,Malaysia,2024-10-03,32.0,Air Fryer,Xiaomi,Home,view,180,1778597805
100,buyer,Vietnam,2024-11-18,13.0,4K Monitor,LG,Electronics,purchase,600,1778597805
220,browser,Indonesia,2026-02-21,16.0,Running Shoes,Nike,Fashion,invalid,1200,1778597805
297,browser,Singapore,2024-10-22,4.0,Dell XPS 13,Dell,Electronics,view,1800,1778597805
,casual,Malaysia,2025-04-01,,Vacuum Cleaner,Dyson,Home,view,1800,1778597805
500,casual,Malaysia,2025-11-23,69.0,Business Strategy Book,Harvard Press,Books,purchase,60,1778597805
,browser,Singapore,2025-11-24,4807.0,Football,Adidas,Sports,view,40,1778597805
,browser,Malaysia,2026-02-09,3.0,MacBook Pro,Apple,Electronics,view,-20000,1778597805
unknown_user,casual,Thailand,2024-06-14,3.0,MacBook Pro,Apple,Electronics,purchase,2500,1778597805
unknown_user,browser,Malaysia,2026-02-24,14.0,External SSD,Samsung,Electronics,view,200,1778597805
343,buyer,Singapore,2024-05-23,,Toaster,Philips,Home,purchase,420,1778597805
367,browser,Thailand,2025-10-08,18.0,Jeans,Levi's,Fashion,view,80,1778597805
6,browser,Thailand,2025-01-21,4.0,Dell XPS 13,Dell,Electronics,click,1800,1778597805
359,casual,Indonesia,2025-08-27,67.0,Data Science Handbook,Packt,Books,view,70,1778597805
123,browser,Thailand,2024-08-19,66.0,Python Programming Book,O'Reilly,Books,invalid,-150,1778597805
87,browser,Philippines,2024-09-24,21.0,Dress,H&M,Fashion,invalid,960,1778597805
,browser,Indonesia,2025-07-02,56.0,Football,Adidas,,click,40,1778597805
388,buyer,Malaysia,2026-01-27,44.0,Curtains,Ikea,Home,purchase,600,1778597805
145,buyer,Philippines,2024-11-10,16.0,Running Shoes,Nike,Fashion,purchase,120,1778597805
215,buyer,Malaysia,2025-02-18,68.0,Machine Learning Guide,O'Reilly,Books,view,80,1778597805
,buyer,Malaysia,2025-10-06,21.0,Dress,H&M,Fashion,purchase,120,1778597805
26,casual,Singapore,2025-12-24,3.0,MacBook Pro,Apple,Electronics,invalid,2500,1778597805
5,buyer,Malaysia,2024-05-19,29.0,Sandals,Havaianas,Fashion,view,280,1778597805
211,casual,Indonesia,2024-06-04,37.0,Microwave Oven,Samsung,Home,view,250,1778597805
348,casual,Singapore,2024-12-02,47.0,Moisturizer,Nivea,Beauty,view,40,1778597805
419,browser,Thailand,2024-08-28,4567.0,Body Lotion,Dove,Beauty,view,25,1778597805
76,browser,Vietnam,2024-12-14,16.0,Running Shoes,Nike,Fashion,view,-120,1778597805
31,browser,Indonesia,2026-03-26,14.0,External SSD,Samsung,Electronics,click,200,1778597805
461,buyer,Singapore,2024-11-08,35.0,Rice Cooker,Panasonic,Home,purchase,120,1778597805
233,browser,Malaysia,2024-06-11,58.0,Tennis Racket,Wilson,,purchase,200,1778597805
46,casual,Malaysia,2025-10-02,1373.0,Running Shoes,Nike,Fashion,purchase,-120,1778597805
126,casual,Malaysia,2025-09-08,56.0,Football,Adidas,,purchase,80,1778597805
126,casual,Singapore,2025-08-18,2565.0,Dell XPS 13,Dell,Electronics,purchase,-1800,1778597805
370,browser,Indonesia,2025-12-01,65.0,Water Bottle,Stanley,,view,100,1778597805
,browser,Thailand,2025-10-27,35.0,Rice Cooker,Panasonic,Home,view,120,1778597805
146,casual,Malaysia,2024-06-08,69.0,Business Strategy Book,Harvard Press,Books,click,60,1778597805
136,browser,Indonesia,2025-02-11,41.0,Bed Frame,Ikea,Home,view,5400,1778597805
16,browser,Indonesia,2026-01-18,32.0,Air Fryer,Xiaomi,Home,invalid,720,1778597805
7,browser,Singapore,2024-08-14,11.0,Mechanical Keyboard,Logitech,Electronics,purchase,150,1778597805
unknown_user,casual,Thailand,2025-08-01,44.0,Curtains,Ikea,,view,120,1778597805
unknown_user,browser,Thailand,2025-02-02,1936.0,External SSD,Samsung,Electronics,view,200,1778597805
118,casual,Vietnam,2025-08-21,63.0,Skipping Rope,Decathlon,Sports,view,20,1778597805
378,browser,Malaysia,2024-05-17,33.0,Vacuum Cleaner,Dyson,Home,view,-300,1778597805
unknown_user,casual,Singapore,2026-05-08,48.0,Lipstick,Maybelline,Beauty,view,25,1778597805
,buyer,Indonesia,2024-05-25,8.0,AirPods Pro,Apple,Electronics,purchase,250,1778597805
209,casual,Singapore,2024-12-14,20.0,Jacket,Zara,Fashion,view,200,1778597805
unknown_user,browser,Singapore,2025-04-23,,MacBook Pro,Apple,Electronics,view,2500,1778597805
206,browser,Vietnam,2025-08-01,69.0,Business Strategy Book,Harvard Press,Books,view,60,1778597805
287,browser,Philippines,2024-08-01,,Hoodie,Puma,Fashion,view,90,1778597805
,browser,Vietnam,2025-11-19,,Skipping Rope,Decathlon,Sports,view,20,1778597805
26,browser,Malaysia,2025-08-07,50.0,Shampoo,Dove,Beauty,view,20,1778597805
358,casual,Malaysia,2025-12-13,50.0,Shampoo,Dove,Beauty,purchase,20,1778597805
490,browser,Malaysia,2025-11-28,63.0,Skipping Rope,Decathlon,Sports,invalid,80,1778597805
388,buyer,Malaysia,2025-12-31,64.0,Gym Bag,Nike,Sports,purchase,-90,1778597805
unknown_user,casual,Indonesia,2025-02-05,,Face Cleanser,Nivea,Beauty,click,30,1778597805
311,browser,Malaysia,2025-08-09,61.0,Treadmill,Technogym,Sports,click,-1500,1778597805
,buyer,Malaysia,2026-03-22,45.0,Wall Clock,Generic,Home,click,-40,1778597805
64,browser,Malaysia,2025-11-05,68.0,Machine Learning Guide,O'Reilly,Books,click,560,1778597805
,casual,Singapore,2024-09-03,19.0,T-Shirt,Uniqlo,Fashion,invalid,40,1778597805
236,casual,Singapore,2026-03-15,49.0,Perfume,Dior,Beauty,click,1500,1778597805
350,casual,Vietnam,2025-06-14,43.0,Desk Lamp,Philips,Home,view,50,1778597805
489,buyer,Indonesia,2025-09-19,,MacBook Pro,Apple,Electronics,purchase,2500,1778597805
342,browser,Malaysia,2024-09-07,3333.0,Python Programming Book,O'Reilly,Books,view,50,1778597805
457,browser,Malaysia,2024-05-15,7.0,Sony Headphones,Sony,Electronics,invalid,-300,1778597805
241,browser,Malaysia,2025-07-22,28.0,Formal Shirt,Zara,Fashion,view,540,1778597805
,browser,Thailand,2024-10-28,69.0,Business Strategy Book,Harvard Press,Books,view,60,1778597805
180,casual,Vietnam,2026-02-08,1882.0,Samsung Tablet,Samsung,Electronics,view,700,1778597805
388,browser,Malaysia,2024-07-27,18.0,Jeans,Levi's,Fashion,view,-240,1778597805
,buyer,Malaysia,2025-03-06,6.0,Samsung Tablet,Samsung,Electronics,view,700,1778597805
unknown_user,browser,Thailand,2024-11-28,37.0,Microwave Oven,Samsung,Home,invalid,250,1778597805
,buyer,Malaysia,2025-07-04,4611.0,Dumbbells,Decathlon,Sports,purchase,150,1778597805
239,browser,Indonesia,2024-10-01,69.0,Business Strategy Book,Harvard Press,Books,view,60,1778597805
268,browser,Thailand,2025-12-20,36.0,Electric Kettle,Tefal,,invalid,60,1778597805
242,browser,Indonesia,2025-12-29,13.0,4K Monitor,LG,Electronics,view,600,1778597805
76,browser,Malaysia,2024-12-01,45.0,Wall Clock,Generic,,view,40,1778597805
290,browser,Malaysia,2025-01-11,9.0,Smart Watch,Fitbit,Electronics,view,400,1778597805
175,browser,Philippines,2025-12-03,,T-Shirt,Uniqlo,Fashion,view,40,1778597805
78,browser,Malaysia,2025-04-13,2.0,Samsung Galaxy S23,Samsung,,view,1000,1778597805
203,browser,Thailand,2026-03-31,54.0,Body Lotion,Dove,Beauty,view,25,1778597805
320,browser,Indonesia,2025-01-16,,Jacket,Zara,,view,200,1778597805
unknown_user,buyer,Indonesia,2024-07-02,55.0,Nail Polish,O.P.I,Beauty,view,15,1778597805
unknown_user,casual,Indonesia,2024-07-21,33.0,Vacuum Cleaner,Dyson,Home,invalid,300,1778597805
,browser,Thailand,2025-08-02,3481.0,Coffee Maker,Philips,Home,view,150,1778597805
,browser,Philippines,2025-08-06,,Yoga Mat,Decathlon,Sports,view,60,1778597805
,browser,Indonesia,2024-08-30,12.0,Wireless Mouse,Logitech,Electronics,view,80,1778597805
313,browser,Singapore,2026-03-16,55.0,Nail Polish,O.P.I,Beauty,view,15,1778597805
unknown_user,casual,Singapore,2026-01-13,22.0,Hoodie,Puma,Fashion,purchase,90,1778597805
430,browser,Malaysia,2024-09-12,50.0,Shampoo,Dove,Beauty,view,20,1778597805
225,browser,Thailand,2025-04-27,41.0,Bed Frame,Ikea,Home,view,900,1778597805
108,browser,Indonesia,2025-08-07,24.0,Sunglasses,Ray-Ban,Fashion,click,180,1778597805
126,casual,Malaysia,2025-07-26,69.0,Business Strategy Book,Harvard Press,Books,view,60,1778597805
unknown_user,browser,Malaysia,2024-06-21,8.0,AirPods Pro,Apple,Electronics,view,250,1778597805
497,casual,Indonesia,2025-11-27,37.0,Microwave Oven,Samsung,Home,purchase,-250,1778597805
,casual,Malaysia,2026-02-26,27.0,Sports Shorts,Nike,Fashion,view,50,1778597805
,buyer,Indonesia,2025-07-16,2491.0,iPad Air,Apple,Electronics,click,900,1778597805
64,browser,Philippines,2024-12-19,13.0,4K Monitor,LG,,invalid,1200,1778597805
193,browser,Vietnam,2026-01-01,40.0,Office Chair,Ikea,Home,view,200,1778597805
418,casual,Singapore,2026-04-14,6.0,Samsung Tablet,Samsung,Electronics,click,700,1778597805
360,browser,Singapore,2024-09-16,31.0,Coffee Maker,Philips,,invalid,150,1778597805
363,browser,Vietnam,2024-07-12,8.0,AirPods Pro,Apple,Electronics,view,-500,1778597805
369,browser,Thailand,2026-04-05,23.0,Cap,Nike,Fashion,view,30,1778597805
356,casual,Malaysia,2025-12-04,,Gym Bag,Nike,Sports,view,90,1778597805
unknown_user,buyer,Malaysia,2025-08-23,,Cap,Nike,Fashion,click,30,1778597805
48,browser,Singapore,2026-02-22,21.0,Dress,H&M,,invalid,120,1778597805
,casual,Thailand,2025-10-30,62.0,Cycling Helmet,Giro,Sports,view,80,1778597805
82,casual,Malaysia,2025-07-05,69.0,Business Strategy Book,Harvard Press,Books,view,600,1778597805
,browser,Indonesia,2025-08-01,1178.0,Yoga Mat,Decathlon,Sports,view,60,1778597805
87,browser,Indonesia,2025-05-15,,Football,Adidas,Sports,view,40,1778597805
475,browser,Indonesia,2025-12-09,31.0,Coffee Maker,Philips,Home,view,-150,1778597805
411,casual,Indonesia,2025-01-27,,Lipstick,Maybelline,Beauty,view,25,1778597805
146,browser,Malaysia,2025-05-06,70.0,Self Development Book,Penguin,Books,click,40,1778597805
262,browser,Thailand,2025-10-12,12.0,Wireless Mouse,Logitech,Electronics,view,80,1778597805
436,browser,Singapore,2025-10-08,54.0,Body Lotion,Dove,,purchase,225,1778597805
unknown_user,browser,Thailand,2025-11-19,68.0,Machine Learning Guide,O'Reilly,Books,view,80,1778597805
,browser,Malaysia,2025-01-01,41.0,Bed Frame,Ikea,Home,view,900,1778597805
211,browser,Malaysia,2025-08-16,,4K Monitor,LG,Electronics,view,-600,1778597805
440,browser,Thailand,2026-01-18,26.0,Backpack,Adidas,Fashion,view,100,1778597805
unknown_user,buyer,Singapore,2025-08-04,4.0,Dell XPS 13,Dell,Electronics,purchase,1800,1778597805
270,casual,Malaysia,2025-02-19,70.0,Self Development Book,Penguin,Books,view,40,1778597805
117,browser,Thailand,2024-08-18,38.0,Toaster,Philips,Home,view,70,1778597805
150,browser,Thailand,2025-02-18,43.0,Desk Lamp,Philips,Home,view,50,1778597805
417,browser,Thailand,2025-03-26,40.0,Office Chair,Ikea,Home,view,200,1778597805
489,browser,Singapore,2025-12-08,54.0,Body Lotion,Dove,,view,25,1778597805
368,browser,Thailand,2025-02-05,31.0,Coffee Maker,Philips,Home,view,150,1778597805
133,buyer,Singapore,2025-09-15,43.0,Desk Lamp,Philips,,purchase,50,1778597805
452,buyer,Indonesia,2025-02-13,,Sneakers,Adidas,Fashion,purchase,150,1778597805
440,casual,Indonesia,2026-01-27,65.0,Water Bottle,Stanley,Sports,click,25,1778597805
unknown_user,buyer,Thailand,2025-03-16,47.0,Moisturizer,Nivea,Beauty,view,40,1778597805
304,browser,Thailand,2024-11-02,55.0,Nail Polish,O.P.I,Beauty,invalid,15,1778597805
108,casual,Indonesia,2026-01-13,25.0,Leather Belt,Levi's,,click,60,1778597805
71,browser,Thailand,2025-04-24,56.0,Football,Adidas,Sports,view,40,1778597805
108,casual,Singapore,2025-06-06,63.0,Skipping Rope,Decathlon,,view,20,1778597805
414,browser,Philippines,2024-12-19,18.0,Jeans,Levi's,Fashion,view,160,1778597805
439,browser,Indonesia,2025-03-14,58.0,Tennis Racket,Wilson,Sports,view,200,1778597805
,browser,Malaysia,2024-12-01,1068.0,Gaming Laptop,Asus,Electronics,invalid,2200,1778597805
302,browser,Malaysia,2026-03-14,1107.0,Leather Belt,Levi's,Fashion,view,60,1778597805
158,browser,Vietnam,2025-06-12,38.0,Toaster,Philips,Home,view,70,1778597805
unknown_user,buyer,Malaysia,2024-07-12,,Machine Learning Guide,O'Reilly,Books,view,80,1778597805
345,browser,Malaysia,2025-05-31,6.0,Samsung Tablet,Samsung,Electronics,click,3500,1778597805
151,buyer,Singapore,2025-08-21,51.0,Hair Dryer,Philips,Beauty,purchase,80,1778597805
457,casual,Malaysia,2025-08-08,50.0,Shampoo,Dove,Beauty,invalid,200,1778597805
221,browser,Indonesia,2025-01-27,50.0,Shampoo,Dove,Beauty,view,180,1778597805
423,browser,Singapore,2026-02-13,38.0,Toaster,Philips,Home,invalid,70,1778597805
,browser,Singapore,2025-01-25,26.0,Backpack,Adidas,Fashion,purchase,800,1778597805
333,browser,Malaysia,2026-04-24,4108.0,Moisturizer,Nivea,Beauty,view,40,1778597805
397,browser,Indonesia,2025-04-27,9.0,Smart Watch,Fitbit,Electronics,view,400,1778597805
151,casual,Malaysia,2024-09-02,49.0,Perfume,Dior,Beauty,click,150,1778597805
77,buyer,Thailand,2025-09-02,,Data Science Handbook,Packt,Books,view,70,1778597805
204,browser,Indonesia,2024-07-26,3318.0,Curtains,Ikea,Home,view,120,1778597805
170,casual,Singapore,2025-11-01,22.0,Hoodie,Puma,Fashion,invalid,90,1778597805
,browser,Singapore,2024-12-02,28.0,Formal Shirt,Zara,,click,90,1778597805
,buyer,Vietnam,2026-05-04,51.0,Hair Dryer,Philips,Beauty,purchase,-80,1778597805
404,browser,Thailand,2025-12-17,18.0,Jeans,Levi's,Fashion,view,80,1778597805
298,browser,Vietnam,2026-04-07,37.0,Microwave Oven,Samsung,Home,view,250,1778597805
,browser,Vietnam,2025-12-04,18.0,Jeans,Levi's,Fashion,view,80,1778597805
337,browser,Malaysia,2024-07-16,40.0,Office Chair,Ikea,Home,view,200,1778597805
454,browser,Singapore,2026-01-12,12.0,Wireless Mouse,Logitech,Electronics,view,80,1778597805
38,casual,Philippines,2026-01-03,17.0,Sneakers,Adidas,Fashion,purchase,150,1778597805
,buyer,Singapore,2026-03-16,66.0,Python Programming Book,O'Reilly,Books,view,50,1778597805
196,casual,Malaysia,2025-05-12,53.0,Sunscreen,Nivea,Beauty,purchase,35,1778597805
275,casual,Thailand,2025-12-05,62.0,Cycling Helmet,Giro,Sports,purchase,80,1778597805
343,browser,Singapore,2024-12-26,,Cap,Nike,,view,30,1778597805
347,buyer,Indonesia,2026-01-01,3853.0,Toaster,Philips,Home,view,70,1778597805
unknown_user,buyer,Malaysia,2024-07-23,,Sony Headphones,Sony,Electronics,purchase,600,1778597805
490,browser,Malaysia,2024-07-14,,Data Science Handbook,Packt,Books,view,70,1778597805
109,buyer,Thailand,2026-03-30,70.0,Self Development Book,Penguin,Books,view,40,1778597805
287,browser,Indonesia,2026-03-02,69.0,Business Strategy Book,Harvard Press,Books,view,60,1778597805
,casual,Malaysia,2025-01-20,4874.0,Desk Lamp,Philips,Home,click,50,1778597805
,casual,Malaysia,2025-08-05,6.0,Samsung Tablet,Samsung,Electronics,purchase,700,1778597805
13,browser,Thailand,2026-03-02,7.0,Sony Headphones,Sony,Electronics,view,-300,1778597805
,browser,Malaysia,2025-09-21,1.0,iPhone 15,Apple,,view,1200,1778597805
484,casual,Singapore,2026-04-27,6.0,Samsung Tablet,Samsung,Electronics,invalid,700,1778597805
84,browser,Thailand,2024-07-30,8.0,AirPods Pro,Apple,Electronics,view,250,1778597805
453,casual,Malaysia,2025-06-20,48.0,Lipstick,Maybelline,Beauty,invalid,50,1778597805
67,casual,Indonesia,2025-10-24,,MacBook Pro,Apple,Electronics,click,2500,1778597805
unknown_user,buyer,Singapore,2024-12-30,,Dress,H&M,Fashion,click,120,1778597805
,browser,Indonesia,2025-12-29,32.0,Air Fryer,Xiaomi,Home,view,180,1778597805
384,browser,Malaysia,2025-09-10,9.0,Smart Watch,Fitbit,,view,400,1778597805
64,casual,Singapore,2025-11-11,13.0,4K Monitor,LG,Electronics,purchase,600,1778597805
384,browser,Thailand,2025-07-15,47.0,Moisturizer,Nivea,Beauty,view,40,1778597805
7,browser,Vietnam,2024-12-06,44.0,Curtains,Ikea,Home,view,-720,1778597805
376,browser,Indonesia,2025-06-23,70.0,Self Development Book,Penguin,Books,click,40,1778597805
,casual,Singapore,2024-11-02,37.0,Microwave Oven,Samsung,Home,view,250,1778597805
474,browser,Malaysia,2024-08-07,,T-Shirt,Uniqlo,Fashion,invalid,40,1778597805
179,buyer,Thailand,2024-12-30,1.0,iPhone 15,Apple,Electronics,click,1200,1778597805
199,browser,Malaysia,2025-03-04,49.0,Perfume,Dior,Beauty,view,900,1778597805
332,buyer,Malaysia,2026-03-16,65.0,Water Bottle,Stanley,Sports,purchase,25,1778597805
232,browser,Indonesia,2025-12-18,57.0,Basketball,Nike,,click,50,1778597805
415,buyer,Vietnam,2024-12-12,3.0,MacBook Pro,Apple,Electronics,purchase,2500,1778597805
,casual,Malaysia,2025-03-03,14.0,External SSD,Samsung,Electronics,view,200,1778597805
452,browser,Malaysia,2025-04-24,51.0,Hair Dryer,Philips,Beauty,view,80,1778597805
unknown_user,buyer,Singapore,2024-12-30,3.0,MacBook Pro,Apple,Electronics,purchase,2500,1778597805
353,browser,Thailand,2024-12-09,,Smart Watch,Fitbit,Electronics,view,3600,1778597805
207,buyer,Malaysia,2024-10-29,1988.0,Dress,H&M,Fashion,purchase,120,1778597805
184,browser,Indonesia,2025-06-22,37.0,Microwave Oven,Samsung,Home,view,250,1778597805
413,browser,Singapore,2024-06-27,27.0,Sports Shorts,Nike,Fashion,view,50,1778597805
498,browser,Thailand,2025-12-21,,Samsung Galaxy S23,Samsung,Electronics,view,1000,1778597805
421,buyer,Malaysia,2025-10-08,20.0,Jacket,Zara,Fashion,view,200,1778597805
197,buyer,Malaysia,2025-04-30,2.0,Samsung Galaxy S23,Samsung,Electronics,purchase,7000,1778597805
,browser,Thailand,2026-02-16,21.0,Dress,H&M,Fashion,view,-480,1778597805
,browser,Thailand,2025-09-05,4176.0,Moisturizer,Nivea,Beauty,view,40,1778597805
456,browser,Singapore,2025-10-26,47.0,Moisturizer,Nivea,Beauty,view,40,1778597805
28,browser,Malaysia,2024-12-28,,Backpack,Adidas,Fashion,view,100,1778597805
263,browser,Indonesia,2025-11-02,61.0,Treadmill,Technogym,Sports,view,1500,1778597805
178,buyer,Indonesia,2026-02-19,22.0,Hoodie,Puma,Fashion,view,90,1778597805
305,browser,Malaysia,2025-06-03,1233.0,Gym Bag,Nike,Sports,view,90,1778597805
251,casual,Thailand,2026-03-14,,Sofa,Ikea,Home,click,1200,1778597805
162,casual,Vietnam,2025-02-15,36.0,Electric Kettle,Tefal,Home,purchase,60,1778597805
,casual,Malaysia,2025-12-19,7.0,Sony Headphones,Sony,Electronics,view,300,1778597805
306,browser,Singapore,2025-10-08,37.0,Microwave Oven,Samsung,Home,click,250,1778597805
,browser,Malaysia,2024-11-14,11.0,Mechanical Keyboard,Logitech,Electronics,invalid,150,1778597805
40,browser,Malaysia,2025-01-30,61.0,Treadmill,Technogym,Sports,click,15000,1778597805
457,buyer,Indonesia,2024-09-03,31.0,Coffee Maker,Philips,,purchase,150,1778597805
233,browser,Singapore,2024-05-22,20.0,Jacket,Zara,Fashion,view,200,1778597805
,browser,Singapore,2025-01-15,3.0,MacBook Pro,Apple,Electronics,click,2500,1778597805
227,browser,Malaysia,2025-04-19,34.0,Blender,Philips,,view,100,1778597805
,browser,Malaysia,2025-10-02,10.0,Gaming Laptop,Asus,Electronics,view,2200,1778597805
359,browser,Thailand,2026-01-14,62.0,Cycling Helmet,Giro,Sports,view,80,1778597805
135,browser,Malaysia,2025-12-14,29.0,Sandals,Havaianas,Fashion,view,70,1778597805
206,browser,Indonesia,2025-05-14,3594.0,Bed Frame,Ikea,Home,view,900,1778597805
131,browser,Indonesia,2024-06-26,58.0,Tennis Racket,Wilson,Sports,invalid,-200,1778597805
137,casual,Malaysia,2024-08-17,6.0,Samsung Tablet,Samsung,Electronics,view,700,1778597805
265,buyer,Singapore,2026-04-14,51.0,Hair Dryer,Philips,Beauty,purchase,80,1778597805
21,browser,Singapore,2024-10-10,2263.0,Skipping Rope,Decathlon,Sports,view,140,1778597805
309,browser,Malaysia,2025-12-08,54.0,Body Lotion,Dove,Beauty,click,125,1778597805
166,browser,Indonesia,2024-07-24,16.0,Running Shoes,Nike,Fashion,view,120,1778597805
460,casual,Thailand,2025-10-02,21.0,Dress,H&M,Fashion,purchase,120,1778597805
218,browser,Thailand,2026-03-01,,Business Strategy Book,Harvard Press,Books,view,60,1778597805
456,casual,Thailand,2024-08-31,34.0,Blender,Philips,Home,view,100,1778597805
397,casual,Malaysia,2025-06-30,10.0,Gaming Laptop,Asus,Electronics,purchase,2200,1778597805
230,browser,Singapore,2025-08-05,21.0,Dress,H&M,Fashion,view,120,1778597805
,browser,Thailand,2025-12-25,50.0,Shampoo,Dove,Beauty,view,20,1778597805
224,buyer,Malaysia,2026-03-20,49.0,Perfume,Dior,Beauty,purchase,150,1778597805
68,casual,Indonesia,2024-09-16,70.0,Self Development Book,Penguin,Books,view,40,1778597805
unknown_user,casual,Thailand,2026-02-16,17.0,Sneakers,Adidas,Fashion,view,-150,1778597805
235,browser,Indonesia,2024-12-06,25.0,Leather Belt,Levi's,Fashion,click,60,1778597805
34,casual,Thailand,2026-02-25,50.0,Shampoo,Dove,Beauty,view,20,1778597805
243,browser,Indonesia,2024-09-06,,Dress,H&M,Fashion,view,120,1778597805
14,browser,Philippines,2025-09-21,13.0,4K Monitor,LG,Electronics,invalid,3600,1778597805
unknown_user,browser,Malaysia,2024-08-07,19.0,T-Shirt,Uniqlo,Fashion,view,40,1778597805
345,browser,Malaysia,2025-02-20,5.0,iPad Air,Apple,Electronics,view,1800,1778597805
230,casual,Malaysia,2024-10-19,1.0,iPhone 15,Apple,Electronics,view,1200,1778597805
93,browser,Malaysia,2025-05-06,16.0,Running Shoes,Nike,Fashion,click,240,1778597805
110,buyer,Singapore,2025-02-14,28.0,Formal Shirt,Zara,Fashion,purchase,90,1778597805
152,casual,Thailand,2025-06-15,,Rice Cooker,Panasonic,Home,purchase,120,1778597805
340,casual,Singapore,2025-10-10,5.0,iPad Air,Apple,Electronics,view,900,1778597805
unknown_user,browser,Indonesia,2025-12-24,40.0,Office Chair,Ikea,Home,invalid,200,1778597805
428,browser,Indonesia,2024-10-19,67.0,Data Science Handbook,Packt,Books,view,70,1778597805
77,browser,Thailand,2024-10-28,20.0,Jacket,Zara,Fashion,click,200,1778597805
,browser,Malaysia,2025-11-28,29.0,Sandals,Havaianas,Fashion,view,-70,1778597805
143,buyer,Indonesia,2025-01-10,1.0,iPhone 15,Apple,Electronics,click,1200,1778597805
80,browser,Malaysia,2024-12-07,43.0,Desk Lamp,Philips,Home,click,50,1778597805
442,buyer,Malaysia,2025-08-30,46.0,Face Cleanser,Nivea,Beauty,click,30,1778597805
,buyer,Malaysia,2026-01-26,46.0,Face Cleanser,Nivea,Beauty,click,30,1778597805
272,buyer,Indonesia,2025-06-04,,Backpack,Adidas,Fashion,purchase,100,1778597805
160,buyer,Thailand,2026-05-01,31.0,Coffee Maker,Philips,Home,purchase,150,1778597805
76,browser,Malaysia,2025-05-25,3759.0,Sofa,Ikea,,view,-1200,1778597805
,casual,Singapore,2026-04-18,4587.0,Moisturizer,Nivea,Beauty,view,40,1778597805
14,casual,Malaysia,2025-04-29,43.0,Desk Lamp,Philips,Home,click,50,1778597805
172,browser,Malaysia,2026-02-07,62.0,Cycling Helmet,Giro,Sports,view,80,1778597805
332,browser,Thailand,2024-10-11,5.0,iPad Air,Apple,,invalid,8100,1778597805
293,browser,Philippines,2025-11-05,42.0,Sofa,Ikea,Home,view,1200,1778597805
unknown_user,buyer,Malaysia,2025-08-13,33.0,Vacuum Cleaner,Dyson,Home,purchase,1800,1778597805
unknown_user,casual,Malaysia,2025-04-29,10.0,Gaming Laptop,Asus,Electronics,click,2200,1778597805
234,browser,Malaysia,2025-06-01,12.0,Wireless Mouse,Logitech,Electronics,view,80,1778597805
297,buyer,Vietnam,2024-06-06,1136.0,Dumbbells,Decathlon,Sports,view,-150,1778597805
493,casual,Singapore,2026-05-10,16.0,Running Shoes,Nike,Fashion,view,120,1778597805
458,casual,Indonesia,2025-11-01,36.0,Electric Kettle,Tefal,Home,invalid,60,1778597805
375,casual,Malaysia,2025-09-07,15.0,Bluetooth Speaker,JBL,Electronics,view,120,1778597805
unknown_user,browser,Malaysia,2025-02-14,11.0,Mechanical Keyboard,Logitech,Electronics,purchase,150,1778597805
,browser,Malaysia,2025-08-18,24.0,Sunglasses,Ray-Ban,Fashion,view,180,1778597805
,browser,Singapore,2024-10-21,47.0,Moisturizer,Nivea,Beauty,view,40,1778597805
374,browser,Malaysia,2024-05-15,12.0,Wireless Mouse,Logitech,Electronics,click,-480,1778597805
unknown_user,browser,Singapore,2026-02-22,2746.0,iPad Air,Apple,Electronics,view,900,1778597805
290,casual,Malaysia,2026-01-14,,Skipping Rope,Decathlon,Sports,view,-20,1778597805
,casual,Vietnam,2025-05-03,,Dress,H&M,Fashion,purchase,120,1778597805
462,browser,Thailand,2026-03-02,47.0,Moisturizer,Nivea,Beauty,view,40,1778597805
85,buyer,Malaysia,2024-06-25,19.0,T-Shirt,Uniqlo,Fashion,click,40,1778597805
285,casual,Singapore,2024-09-25,32.0,Air Fryer,Xiaomi,Home,view,180,1778597805
65,casual,Malaysia,2024-05-28,,4K Monitor,LG,Electronics,click,600,1778597805
312,browser,Malaysia,2025-10-29,47.0,Moisturizer,Nivea,Beauty,invalid,240,1778597805
191,browser,Philippines,2026-03-15,28.0,Formal Shirt,Zara,Fashion,view,90,1778597805
373,browser,Indonesia,2025-06-07,60.0,Dumbbells,Decathlon,Sports,invalid,150,1778597805
,casual,Indonesia,2025-10-24,58.0,Tennis Racket,Wilson,Sports,view,200,1778597805
486,buyer,Singapore,2024-05-19,70.0,Self Development Book,Penguin,Books,purchase,320,1778597805
406,browser,Singapore,2025-09-22,47.0,Moisturizer,Nivea,Beauty,view,40,1778597805
201,casual,Vietnam,2025-03-16,3880.0,Leather Belt,Levi's,Fashion,purchase,60,1778597805
255,casual,Malaysia,2025-03-25,4475.0,Electric Kettle,Tefal,Home,view,-60,1778597805
195,casual,Indonesia,2026-03-19,47.0,Moisturizer,Nivea,Beauty,view,40,1778597805
345,buyer,Vietnam,2024-07-31,19.0,T-Shirt,Uniqlo,,purchase,40,1778597805
unknown_user,casual,Indonesia,2025-09-09,64.0,Gym Bag,Nike,Sports,purchase,90,1778597805
403,browser,Malaysia,2024-10-14,42.0,Sofa,Ikea,,click,-1200,1778597805
3,casual,Malaysia,2024-10-27,20.0,Jacket,Zara,Fashion,click,200,1778597805
,browser,Thailand,2025-11-10,9.0,Smart Watch,Fitbit,Electronics,view,400,1778597805
194,browser,Malaysia,2025-08-19,55.0,Nail Polish,O.P.I,Beauty,view,-15,1778597805
450,casual,Malaysia,2025-01-09,,Basketball,Nike,Sports,purchase,50,1778597805
483,casual,Singapore,2025-01-25,23.0,Cap,Nike,Fashion,click,30,1778597805
unknown_user,casual,Thailand,2025-12-12,42.0,Sofa,Ikea,Home,view,-1200,1778597805
105,browser,Singapore,2025-11-17,60.0,Dumbbells,Decathlon,Sports,view,150,1778597805
131,buyer,Malaysia,2025-06-11,3.0,MacBook Pro,Apple,Electronics,click,2500,1778597805
16,buyer,Malaysia,2024-10-23,13.0,4K Monitor,LG,Electronics,purchase,600,1778597805
467,browser,Thailand,2024-07-21,50.0,Shampoo,Dove,Beauty,view,20,1778597805
47,buyer,Indonesia,2024-07-18,,Football,Adidas,Sports,purchase,40,1778597805
173,casual,Malaysia,2025-06-16,47.0,Moisturizer,Nivea,Beauty,view,40,1778597805
98,browser,Malaysia,2026-01-11,55.0,Nail Polish,O.P.I,Beauty,click,15,1778597805
unknown_user,browser,Malaysia,2024-07-26,4134.0,Football,Adidas,Sports,view,40,1778597805
77,browser,Indonesia,2024-08-21,6.0,Samsung Tablet,Samsung,Electronics,view,700,1778597805
,browser,Singapore,2025-09-04,20.0,Jacket,Zara,Fashion,click,2000,1778597805
435,browser,Indonesia,2026-01-12,5.0,iPad Air,Apple,Electronics,view,900,1778597805
361,buyer,Malaysia,2024-06-06,,Electric Kettle,Tefal,Home,purchase,60,1778597805
352,browser,Singapore,2026-05-07,3.0,MacBook Pro,Apple,Electronics,view,2500,1778597805
unknown_user,casual,Malaysia,2025-06-07,4.0,Dell XPS 13,Dell,Electronics,click,1800,1778597805
70,casual,Malaysia,2025-06-18,15.0,Bluetooth Speaker,JBL,Electronics,invalid,120,1778597805
30,browser,Malaysia,2025-03-16,49.0,Perfume,Dior,,view,150,1778597805
100,buyer,Malaysia,2024-05-24,23.0,Cap,Nike,Fashion,purchase,30,1778597805
391,browser,Malaysia,2025-12-15,4948.0,Machine Learning Guide,O'Reilly,Books,view,80,1778597805
367,browser,Philippines,2024-11-11,42.0,Sofa,Ikea,Home,view,-1200,1778597805
334,browser,Malaysia,2026-04-29,39.0,Dining Table,Ikea,Home,view,800,1778597805
unknown_user,browser,Malaysia,2024-06-02,2567.0,Air Fryer,Xiaomi,Home,view,180,1778597805
,browser,Malaysia,2026-01-04,4444.0,Sports Shorts,Nike,Fashion,view,50,1778597805
353,casual,Indonesia,2025-10-21,1004.0,Dining Table,Ikea,Home,view,800,1778597805
372,buyer,Malaysia,2026-03-27,36.0,Electric Kettle,Tefal,Home,purchase,60,1778597805
489,browser,Thailand,2024-09-07,11.0,Mechanical Keyboard,Logitech,Electronics,view,-150,1778597805
372,buyer,Malaysia,2025-10-08,1612.0,Vacuum Cleaner,Dyson,Home,invalid,300,1778597805
498,browser,Malaysia,2025-02-13,2173.0,Air Fryer,Xiaomi,Home,view,180,1778597805
336,browser,Thailand,2024-09-22,66.0,Python Programming Book,O'Reilly,Books,view,50,1778597805
154,browser,Malaysia,2024-06-14,1022.0,Basketball,Nike,Sports,view,50,1778597805
443,casual,Indonesia,2026-03-31,,4K Monitor,LG,,view,600,1778597805
,browser,Malaysia,2025-03-26,53.0,Sunscreen,Nivea,Beauty,view,35,1778597805
191,casual,Malaysia,2025-10-18,24.0,Sunglasses,Ray-Ban,Fashion,click,180,1778597805
456,casual,Malaysia,2026-02-19,52.0,Makeup Kit,Maybelline,Beauty,view,120,1778597805
,browser,Singapore,2024-05-17,27.0,Sports Shorts,Nike,Fashion,view,50,1778597805
,casual,Malaysia,2026-03-20,1238.0,Perfume,Dior,Beauty,click,-150,1778597805
442,browser,Singapore,2025-03-26,66.0,Python Programming Book,O'Reilly,,view,-50,1778597805
,browser,Singapore,2024-06-07,65.0,Water Bottle,Stanley,Sports,view,100,1778597805
205,browser,Malaysia,2024-08-31,15.0,Bluetooth Speaker,JBL,Electronics,view,120,1778597805
116,casual,Malaysia,2025-07-18,43.0,Desk Lamp,Philips,Home,click,-50,1778597805
unknown_user,casual,Thailand,2024-11-15,55.0,Nail Polish,O.P.I,Beauty,view,15,1778597805
288,browser,Thailand,2024-08-30,3384.0,Data Science Handbook,Packt,Books,view,70,1778597805
201,buyer,Vietnam,2025-06-30,,Dining Table,Ikea,Home,click,800,1778597805
unknown_user,buyer,Malaysia,2025-01-05,63.0,Skipping Rope,Decathlon,Sports,view,20,1778597805
148,casual,Malaysia,2025-08-20,7.0,Sony Headphones,Sony,,purchase,300,1778597805
280,buyer,Indonesia,2026-04-04,45.0,Wall Clock,Generic,Home,purchase,40,1778597805
245,casual,Philippines,2026-01-22,29.0,Sandals,Havaianas,Fashion,view,-70,1778597805
unknown_user,casual,Malaysia,2026-04-13,69.0,Business Strategy Book,Harvard Press,Books,view,-480,1778597805
337,buyer,Singapore,2025-11-17,4468.0,AirPods Pro,Apple,Electronics,click,250,1778597805
187,browser,Thailand,2025-06-12,40.0,Office Chair,Ikea,Home,view,200,1778597805
141,casual,Vietnam,2025-09-22,46.0,Face Cleanser,Nivea,Beauty,click,90,1778597805
58,browser,Malaysia,2025-08-26,34.0,Blender,Philips,Home,view,100,1778597805
440,buyer,Malaysia,2024-06-20,48.0,Lipstick,Maybelline,Beauty,invalid,25,1778597805
12,browser,Malaysia,2025-04-02,29.0,Sandals,Havaianas,Fashion,click,70,1778597805
219,browser,Singapore,2025-07-07,2304.0,Jacket,Zara,Fashion,click,200,1778597805
85,browser,Philippines,2026-01-11,1.0,iPhone 15,Apple,Electronics,view,1200,1778597805
395,casual,Indonesia,2026-01-22,69.0,Business Strategy Book,Harvard Press,Books,view,60,1778597805
1,browser,Malaysia,2024-09-24,,Sneakers,Adidas,Fashion,view,150,1778597805
491,browser,Singapore,2025-08-03,55.0,Nail Polish,O.P.I,Beauty,view,15,1778597805
95,browser,Malaysia,2025-12-23,,Business Strategy Book,Harvard Press,Books,click,60,1778597805
349,browser,Malaysia,2025-03-22,70.0,Self Development Book,Penguin,Books,invalid,40,1778597805
310,casual,Singapore,2025-06-13,6.0,Samsung Tablet,Samsung,,view,700,1778597805
109,browser,Singapore,2025-02-07,28.0,Formal Shirt,Zara,Fashion,view,90,1778597805
,casual,Thailand,2025-01-15,67.0,Data Science Handbook,Packt,Books,view,490,1778597805
395,casual,Malaysia,2025-05-06,4379.0,Body Lotion,Dove,,purchase,25,1778597805
316,buyer,Philippines,2024-05-13,,Leather Belt,Levi's,Fashion,click,60,1778597805
436,browser,Malaysia,2024-12-22,30.0,Watch,Casio,Fashion,view,250,1778597805
391,browser,Thailand,2024-10-05,67.0,Data Science Handbook,Packt,Books,view,70,1778597805
231,casual,Malaysia,2025-09-03,36.0,Electric Kettle,Tefal,Home,view,-60,1778597805
47,browser,Vietnam,2025-11-14,,Treadmill,Technogym,Sports,view,1500,1778597805
306,casual,Malaysia,2025-05-10,33.0,Vacuum Cleaner,Dyson,,view,2400,1778597805
421,browser,Indonesia,2026-02-04,70.0,Self Development Book,Penguin,,view,40,1778597805
171,browser,Singapore,2024-12-21,12.0,Wireless Mouse,Logitech,Electronics,view,80,1778597805
unknown_user,browser,Malaysia,2026-04-06,35.0,Rice Cooker,Panasonic,Home,view,-120,1778597805
38,browser,Malaysia,2026-03-02,19.0,T-Shirt,Uniqlo,Fashion,view,400,1778597805
111,casual,Singapore,2024-11-28,,Cap,Nike,Fashion,view,30,1778597805
11,casual,Malaysia,2026-04-03,11.0,Mechanical Keyboard,Logitech,Electronics,purchase,150,1778597805
208,casual,Malaysia,2025-05-16,7.0,Sony Headphones,Sony,Electronics,invalid,-300,1778597805
437,casual,Indonesia,2026-01-21,40.0,Office Chair,Ikea,Home,click,200,1778597805
157,browser,Malaysia,2026-03-26,22.0,Hoodie,Puma,Fashion,click,90,1778597805
287,buyer,Thailand,2024-07-21,26.0,Backpack,Adidas,Fashion,purchase,100,1778597805
277,browser,Thailand,2026-01-05,63.0,Skipping Rope,Decathlon,Sports,view,-20,1778597805
175,browser,Singapore,2025-09-30,17.0,Sneakers,Adidas,Fashion,view,150,1778597805
305,buyer,Thailand,2025-06-03,13.0,4K Monitor,LG,Electronics,purchase,600,1778597805
11,casual,Malaysia,2026-04-26,11.0,Mechanical Keyboard,Logitech,Electronics,view,150,1778597805
,browser,Indonesia,2025-11-13,53.0,Sunscreen,Nivea,Beauty,view,35,1778597805
333,browser,Singapore,2025-05-15,54.0,Body Lotion,Dove,Beauty,view,150,1778597805
286,browser,Indonesia,2025-05-28,41.0,Bed Frame,Ikea,Home,purchase,2700,1778597805
278,browser,Malaysia,2024-08-15,41.0,Bed Frame,Ikea,Home,view,900,1778597805
138,browser,Malaysia,2025-10-24,67.0,Data Science Handbook,Packt,Books,invalid,70,1778597805
470,browser,Singapore,2026-03-14,52.0,Makeup Kit,Maybelline,Beauty,purchase,-120,1778597805
255,casual,Philippines,2025-03-07,9.0,Smart Watch,Fitbit,Electronics,purchase,400,1778597805
5,casual,Thailand,2025-06-26,42.0,Sofa,Ikea,Home,view,1200,1778597805
298,casual,Indonesia,2026-01-09,24.0,Sunglasses,Ray-Ban,Fashion,view,180,1778597805
213,browser,Indonesia,2025-12-30,,Data Science Handbook,Packt,Books,view,-70,1778597805
unknown_user,casual,Singapore,2025-06-09,45.0,Wall Clock,Generic,Home,purchase,40,1778597805
214,browser,Singapore,2024-12-15,,Vacuum Cleaner,Dyson,Home,view,1800,1778597805
36,buyer,Malaysia,2025-05-22,54.0,Body Lotion,Dove,Beauty,click,25,1778597805
unknown_user,casual,Malaysia,2025-02-16,54.0,Body Lotion,Dove,,invalid,25,1778597805
357,browser,Vietnam,2024-09-16,,Treadmill,Technogym,Sports,click,-1500,1778597805
493,casual,Singapore,2024-11-17,55.0,Nail Polish,O.P.I,Beauty,invalid,15,1778597805
499,browser,Singapore,2024-07-02,50.0,Shampoo,Dove,Beauty,view,20,1778597805
483,buyer,Indonesia,2026-01-23,31.0,Coffee Maker,Philips,Home,purchase,150,1778597805
357,casual,Malaysia,2025-05-27,17.0,Sneakers,Adidas,Fashion,purchase,750,1778597805
254,browser,Malaysia,2025-07-30,31.0,Coffee Maker,Philips,Home,click,150,1778597805
261,browser,Thailand,2025-11-17,53.0,Sunscreen,Nivea,Beauty,view,35,1778597805
287,casual,Malaysia,2025-12-19,18.0,Jeans,Levi's,Fashion,view,640,1778597805
43,casual,Malaysia,2025-01-27,6.0,Samsung Tablet,Samsung,,click,700,1778597805
62,buyer,Singapore,2025-12-12,3753.0,Toaster,Philips,Home,purchase,70,1778597805
393,browser,Malaysia,2024-08-13,16.0,Running Shoes,Nike,Fashion,view,-120,1778597805
376,browser,Malaysia,2026-04-20,24.0,Sunglasses,Ray-Ban,Fashion,click,180,1778597805
401,browser,Malaysia,2026-01-31,4330.0,Microwave Oven,Samsung,Home,view,-250,1778597805
unknown_user,browser,Singapore,2024-09-20,27.0,Sports Shorts,Nike,Fashion,view,50,1778597805
352,browser,Thailand,2025-07-17,33.0,Vacuum Cleaner,Dyson,Home,invalid,300,1778597805
85,browser,Malaysia,2024-09-02,58.0,Tennis Racket,Wilson,Sports,click,1200,1778597805
304,casual,Malaysia,2024-06-08,,Wireless Mouse,Logitech,Electronics,click,240,1778597805
332,browser,Thailand,2024-07-26,70.0,Self Development Book,Penguin,Books,view,40,1778597805
410,browser,Indonesia,2025-03-26,23.0,Cap,Nike,Fashion,view,30,1778597805
292,browser,Malaysia,2025-05-01,65.0,Water Bottle,Stanley,Sports,view,25,1778597805
unknown_user,browser,Malaysia,2024-09-24,60.0,Dumbbells,Decathlon,Sports,click,150,1778597805
unknown_user,browser,Malaysia,2024-10-08,63.0,Skipping Rope,Decathlon,Sports,click,20,1778597805
,browser,Malaysia,2025-11-02,40.0,Office Chair,Ikea,Home,invalid,200,1778597805
2,browser,Malaysia,2025-09-27,47.0,Moisturizer,Nivea,Beauty,view,40,1778597805
406,browser,Malaysia,2024-11-29,59.0,Yoga Mat,Decathlon,Sports,purchase,60,1778597805
,browser,Malaysia,2025-08-25,59.0,Yoga Mat,Decathlon,Sports,view,60,1778597805
336,browser,Indonesia,2025-01-05,2408.0,Bluetooth Speaker,JBL,,view,120,1778597805
108,buyer,Malaysia,2026-04-06,69.0,Business Strategy Book,Harvard Press,,purchase,60,1778597805
58,casual,Thailand,2025-12-01,3.0,MacBook Pro,Apple,Electronics,purchase,2500,1778597805
226,browser,Thailand,2026-01-20,42.0,Sofa,Ikea,Home,purchase,1200,1778597805
108,casual,Malaysia,2025-06-28,3211.0,Skipping Rope,Decathlon,Sports,view,20,1778597805
47,browser,Indonesia,2025-05-07,4.0,Dell XPS 13,Dell,,click,1800,1778597805
21,casual,Indonesia,2025-11-27,39.0,Dining Table,Ikea,Home,view,-800,1778597805
494,casual,Malaysia,2024-05-23,4949.0,Jacket,Zara,Fashion,click,200,1778597805
unknown_user,buyer,Malaysia,2026-04-05,70.0,Self Development Book,Penguin,Books,purchase,120,1778597805
133,browser,Malaysia,2024-08-31,18.0,Jeans,Levi's,Fashion,view,-80,1778597805
265,browser,Singapore,2024-08-11,,Sandals,Havaianas,Fashion,view,70,1778597805
,browser,Malaysia,2025-06-12,3.0,MacBook Pro,Apple,Electronics,click,-2500,1778597805
206,browser,Philippines,2024-08-21,34.0,Blender,Philips,Home,view,900,1778597805
357,browser,Philippines,2026-01-19,,Moisturizer,Nivea,Beauty,view,40,1778597805
unknown_user,browser,Singapore,2025-11-28,33.0,Vacuum Cleaner,Dyson,Home,view,300,1778597805
413,browser,Singapore,2025-09-13,44.0,Curtains,Ikea,,click,120,1778597805
111,buyer,Malaysia,2024-12-01,32.0,Air Fryer,Xiaomi,,click,180,1778597805
174,browser,Indonesia,2025-03-26,63.0,Skipping Rope,Decathlon,Sports,click,20,1778597805
131,buyer,Malaysia,2025-05-03,36.0,Electric Kettle,Tefal,Home,purchase,60,1778597805
224,browser,Malaysia,2025-11-20,33.0,Vacuum Cleaner,Dyson,Home,view,300,1778597805
60,buyer,Malaysia,2025-11-21,65.0,Water Bottle,Stanley,,view,25,1778597805
290,casual,Thailand,2024-08-28,57.0,Basketball,Nike,Sports,view,-50,1778597805
281,buyer,Malaysia,2025-12-20,61.0,Treadmill,Technogym,Sports,purchase,1500,1778597805
,browser,Malaysia,2025-12-28,1.0,iPhone 15,Apple,Electronics,purchase,1200,1778597805
418,browser,Thailand,2026-02-09,2070.0,Bed Frame,Ikea,Home,view,900,1778597805
345,buyer,Singapore,2024-12-28,53.0,Sunscreen,Nivea,,click,245,1778597805
250,casual,Singapore,2024-05-30,46.0,Face Cleanser,Nivea,Beauty,click,60,1778597805
259,browser,Singapore,2024-08-19,34.0,Blender,Philips,Home,view,100,1778597805
454,browser,Vietnam,2024-05-29,54.0,Body Lotion,Dove,Beauty,click,250,1778597805
,browser,Philippines,2025-04-06,,Face Cleanser,Nivea,Beauty,view,30,1778597805
443,browser,Singapore,2026-01-14,47.0,Moisturizer,Nivea,Beauty,click,40,1778597805
,casual,Malaysia,2025-05-07,1140.0,Lipstick,Maybelline,Beauty,view,-25,1778597805
337,buyer,Malaysia,2025-04-17,,iPad Air,Apple,Electronics,purchase,900,1778597805
unknown_user,browser,Malaysia,2026-02-12,7.0,Sony Headphones,Sony,Electronics,view,-2400,1778597805
445,browser,Philippines,2024-10-07,28.0,Formal Shirt,Zara,Fashion,view,810,1778597805
unknown_user,casual,Indonesia,2026-03-06,3758.0,Tennis Racket,Wilson,Sports,view,200,1778597805
323,casual,Malaysia,2026-03-16,55.0,Nail Polish,O.P.I,Beauty,invalid,15,1778597805
3,browser,Singapore,2025-08-16,19.0,T-Shirt,Uniqlo,Fashion,view,40,1778597805
unknown_user,buyer,Indonesia,2024-08-20,23.0,Cap,Nike,Fashion,click,150,1778597805
unknown_user,browser,Malaysia,2025-08-28,43.0,Desk Lamp,Philips,Home,purchase,50,1778597805
384,casual,Philippines,2024-10-15,57.0,Basketball,Nike,Sports,view,50,1778597805
unknown_user,buyer,Vietnam,2024-11-01,17.0,Sneakers,Adidas,,purchase,600,1778597805
209,casual,Malaysia,2025-02-20,68.0,Machine Learning Guide,O'Reilly,Books,invalid,80,1778597805
139,casual,Malaysia,2025-05-22,48.0,Lipstick,Maybelline,Beauty,view,25,1778597805
,browser,Thailand,2024-09-18,65.0,Water Bottle,Stanley,Sports,click,125,1778597805
331,casual,Malaysia,2024-05-28,28.0,Formal Shirt,Zara,Fashion,view,-270,1778597805
139,browser,Singapore,2025-05-08,57.0,Basketball,Nike,Sports,invalid,50,1778597805
498,browser,Indonesia,2024-12-12,10.0,Gaming Laptop,Asus,Electronics,view,2200,1778597805
379,casual,Singapore,2025-04-05,63.0,Skipping Rope,Decathlon,Sports,click,20,1778597805
377,browser,Indonesia,2024-09-01,13.0,4K Monitor,LG,Electronics,click,600,1778597805
177,buyer,Indonesia,2025-01-05,,Dumbbells,Decathlon,Sports,view,150,1778597805
75,browser,Thailand,2024-10-03,3026.0,Samsung Tablet,Samsung,Electronics,click,700,1778597805
275,buyer,Thailand,2025-03-16,32.0,Air Fryer,Xiaomi,Home,purchase,180,1778597805
482,browser,Malaysia,2025-08-10,5.0,iPad Air,Apple,Electronics,view,-900,1778597805
278,casual,Singapore,2025-06-21,8.0,AirPods Pro,Apple,Electronics,invalid,1500,1778597805
457,casual,Singapore,2024-12-09,70.0,Self Development Book,Penguin,Books,view,40,1778597805
110,casual,Singapore,2025-05-07,4785.0,Water Bottle,Stanley,Sports,view,25,1778597805
132,casual,Philippines,2025-01-26,59.0,Yoga Mat,Decathlon,Sports,click,60,1778597805
363,casual,Vietnam,2025-03-23,30.0,Watch,Casio,Fashion,click,250,1778597805
unknown_user,browser,Malaysia,2026-04-04,12.0,Wireless Mouse,Logitech,Electronics,view,80,1778597805
170,browser,Singapore,2024-07-13,38.0,Toaster,Philips,Home,view,-70,1778597805
332,browser,Malaysia,2024-11-23,69.0,Business Strategy Book,Harvard Press,Books,click,60,1778597805
372,buyer,Malaysia,2025-12-31,1289.0,Blender,Philips,Home,view,500,1778597805
112,casual,Malaysia,2024-06-13,,Electric Kettle,Tefal,Home,view,60,1778597805
,browser,Indonesia,2026-04-10,12.0,Wireless Mouse,Logitech,Electronics,view,80,1778597805
352,browser,Malaysia,2025-01-29,17.0,Sneakers,Adidas,Fashion,view,150,1778597805
372,browser,Singapore,2025-11-07,26.0,Backpack,Adidas,Fashion,view,100,1778597805
unknown_user,casual,Malaysia,2024-12-16,6.0,Samsung Tablet,Samsung,Electronics,view,700,1778597805
451,browser,Singapore,2025-03-15,1667.0,Shampoo,Dove,Beauty,view,20,1778597805
437,browser,Malaysia,2025-03-31,,AirPods Pro,Apple,Electronics,view,250,1778597805
63,browser,Malaysia,2024-09-30,4486.0,Yoga Mat,Decathlon,Sports,view,-60,1778597805
207,casual,Thailand,2025-03-27,69.0,Business Strategy Book,Harvard Press,Books,purchase,-180,1778597805
444,casual,Malaysia,2024-05-16,4.0,Dell XPS 13,Dell,Electronics,invalid,1800,1778597805
256,browser,Indonesia,2025-08-05,39.0,Dining Table,Ikea,Home,purchase,800,1778597805
268,buyer,Malaysia,2026-02-23,62.0,Cycling Helmet,Giro,,purchase,80,1778597805
53,buyer,Malaysia,2025-03-13,1048.0,Dell XPS 13,Dell,Electronics,click,18000,1778597805
440,casual,Malaysia,2026-02-21,52.0,Makeup Kit,Maybelline,Beauty,purchase,1200,1778597805
344,casual,Thailand,2025-09-25,37.0,Microwave Oven,Samsung,Home,purchase,250,1778597805
52,casual,Indonesia,2026-01-24,3502.0,Machine Learning Guide,O'Reilly,Books,purchase,80,1778597805
345,browser,Thailand,2025-06-02,19.0,T-Shirt,Uniqlo,Fashion,purchase,40,1778597805
,casual,Malaysia,2025-06-03,33.0,Vacuum Cleaner,Dyson,Home,click,300,1778597805
469,browser,Malaysia,2025-09-08,25.0,Leather Belt,Levi's,Fashion,view,60,1778597805
468,browser,Malaysia,2024-07-27,20.0,Jacket,Zara,Fashion,view,-200,1778597805
11,browser,Malaysia,2025-12-14,,Football,Adidas,Sports,view,40,1778597805
256,browser,Philippines,2024-12-13,52.0,Makeup Kit,Maybelline,Beauty,click,120,1778597805
255,buyer,Malaysia,2025-07-28,32.0,Air Fryer,Xiaomi,,purchase,180,1778597805
434,buyer,Singapore,2025-01-17,,Sunscreen,Nivea,Beauty,click,35,1778597805
229,browser,Indonesia,2026-04-19,22.0,Hoodie,Puma,Fashion,view,90,1778597805
,browser,Indonesia,2024-11-08,67.0,Data Science Handbook,Packt,Books,view,70,1778597805
88,browser,Singapore,2025-05-30,40.0,Office Chair,Ikea,Home,view,-200,1778597805
426,casual,Singapore,2025-06-26,23.0,Cap,Nike,Fashion,invalid,30,1778597805
69,browser,Indonesia,2026-03-22,4640.0,Microwave Oven,Samsung,,view,2000,1778597805
253,browser,Malaysia,2025-07-05,,AirPods Pro,Apple,Electronics,view,250,1778597805
61,browser,Indonesia,2025-05-17,4.0,Dell XPS 13,Dell,Electronics,click,1800,1778597805
353,casual,Thailand,2025-09-04,2750.0,Shampoo,Dove,Beauty,view,20,1778597805
178,casual,Singapore,2025-06-20,40.0,Office Chair,Ikea,Home,click,200,1778597805
466,browser,Singapore,2025-01-01,40.0,Office Chair,Ikea,,view,2000,1778597805
,browser,Indonesia,2024-11-05,52.0,Makeup Kit,Maybelline,,view,120,1778597805
264,browser,Indonesia,2026-03-16,18.0,Jeans,Levi's,Fashion,view,80,1778597805
34,browser,Vietnam,2024-11-14,4781.0,Mechanical Keyboard,Logitech,Electronics,view,450,1778597805
133,buyer,Malaysia,2025-06-27,66.0,Python Programming Book,O'Reilly,Books,purchase,50,1778597805
unknown_user,casual,Malaysia,2026-01-13,11.0,Mechanical Keyboard,Logitech,Electronics,click,-150,1778597805
375,browser,Malaysia,2025-07-30,41.0,Bed Frame,Ikea,Home,view,900,1778597805
333,buyer,Thailand,2025-06-14,28.0,Formal Shirt,Zara,Fashion,click,90,1778597805
356,browser,Malaysia,2024-10-31,21.0,Dress,H&M,Fashion,invalid,120,1778597805
387,buyer,Indonesia,2026-03-03,44.0,Curtains,Ikea,Home,purchase,120,1778597805
463,casual,Malaysia,2026-04-24,,Air Fryer,Xiaomi,Home,click,720,1778597805
94,casual,Malaysia,2025-06-03,3.0,MacBook Pro,Apple,Electronics,view,2500,1778597805
299,buyer,Indonesia,2025-06-29,68.0,Machine Learning Guide,O'Reilly,Books,purchase,80,1778597805
,browser,Singapore,2025-07-22,16.0,Running Shoes,Nike,Fashion,view,120,1778597805
389,browser,Malaysia,2025-09-13,6.0,Samsung Tablet,Samsung,Electronics,view,700,1778597805
,browser,Singapore,2024-11-26,,Backpack,Adidas,Fashion,purchase,100,1778597805
42,browser,Thailand,2026-03-10,36.0,Electric Kettle,Tefal,Home,view,60,1778597805
unknown_user,browser,Malaysia,2025-08-17,26.0,Backpack,Adidas,Fashion,view,100,1778597805
57,browser,Singapore,2026-04-07,3.0,MacBook Pro,Apple,Electronics,click,2500,1778597805
,browser,Singapore,2025-12-15,12.0,Wireless Mouse,Logitech,,view,80,1778597805
339,casual,Indonesia,2025-10-23,48.0,Lipstick,Maybelline,Beauty,view,25,1778597805
279,casual,Thailand,2025-01-18,4963.0,Bluetooth Speaker,JBL,Electronics,view,120,1778597805
unknown_user,casual,Indonesia,2024-07-01,6.0,Samsung Tablet,Samsung,Electronics,click,7000,1778597805
313,browser,Singapore,2026-04-01,14.0,External SSD,Samsung,,view,-200,1778597805
328,browser,Thailand,2025-07-08,34.0,Blender,Philips,Home,view,300,1778597805
449,casual,Singapore,2024-09-19,65.0,Water Bottle,Stanley,Sports,view,25,1778597805
49,browser,Thailand,2024-11-05,61.0,Treadmill,Technogym,Sports,view,1500,1778597805
493,browser,Malaysia,2026-01-14,32.0,Air Fryer,Xiaomi,Home,invalid,-180,1778597805
unknown_user,buyer,Singapore,2026-01-07,1989.0,Toaster,Philips,Home,view,140,1778597805
78,buyer,Malaysia,2026-01-23,36.0,Electric Kettle,Tefal,Home,click,60,1778597805
277,browser,Indonesia,2024-12-04,4006.0,Sunglasses,Ray-Ban,Fashion,view,180,1778597805
344,browser,Malaysia,2024-12-02,,Samsung Tablet,Samsung,Electronics,click,700,1778597805
353,casual,Thailand,2024-06-30,19.0,T-Shirt,Uniqlo,Fashion,invalid,40,1778597805
269,browser,Malaysia,2026-04-25,1118.0,Hair Dryer,Philips,Beauty,invalid,320,1778597805
241,browser,Singapore,2024-10-27,69.0,Business Strategy Book,Harvard Press,Books,view,60,1778597805
369,browser,Vietnam,2024-12-05,11.0,Mechanical Keyboard,Logitech,,purchase,450,1778597805
unknown_user,casual,Philippines,2025-08-30,39.0,Dining Table,Ikea,Home,purchase,800,1778597805
430,browser,Singapore,2024-10-11,60.0,Dumbbells,Decathlon,Sports,view,1200,1778597805
320,casual,Thailand,2025-10-31,22.0,Hoodie,Puma,Fashion,view,90,1778597805
347,casual,Malaysia,2025-01-06,,Sneakers,Adidas,Fashion,view,150,1778597805
80,browser,Malaysia,2024-07-03,2283.0,Tennis Racket,Wilson,Sports,view,200,1778597805
496,browser,Malaysia,2024-11-08,30.0,Watch,Casio,Fashion,invalid,250,1778597805
280,buyer,Singapore,2024-07-25,25.0,Leather Belt,Levi's,Fashion,view,480,1778597805
,browser,Singapore,2025-06-14,24.0,Sunglasses,Ray-Ban,Fashion,click,180,1778597805
286,casual,Thailand,2024-06-11,40.0,Office Chair,Ikea,Home,click,200,1778597805
,browser,Indonesia,2025-02-08,60.0,Dumbbells,Decathlon,Sports,click,150,1778597805
129,casual,Malaysia,2024-07-07,8.0,AirPods Pro,Apple,Electronics,click,250,1778597805
127,browser,Indonesia,2026-03-10,45.0,Wall Clock,Generic,Home,view,-40,1778597805
109,browser,Malaysia,2024-08-25,2955.0,Microwave Oven,Samsung,Home,view,250,1778597805
426,casual,Vietnam,2024-06-06,25.0,Leather Belt,Levi's,Fashion,click,-60,1778597805
200,browser,Vietnam,2025-12-13,35.0,Rice Cooker,Panasonic,Home,purchase,120,1778597805
266,browser,Singapore,2024-10-07,38.0,Toaster,Philips,Home,view,70,1778597805
,browser,Malaysia,2024-07-19,67.0,Data Science Handbook,Packt,Books,view,70,1778597805
unknown_user,browser,Philippines,2026-04-02,66.0,Python Programming Book,O'Reilly,Books,click,50,1778597805
,buyer,Singapore,2025-10-05,2093.0,iPad Air,Apple,Electronics,view,900,1778597805
499,casual,Philippines,2024-07-21,24.0,Sunglasses,Ray-Ban,Fashion,click,180,1778597805
459,casual,Malaysia,2025-07-06,40.0,Office Chair,Ikea,Home,click,200,1778597805
150,browser,Malaysia,2025-10-04,,Moisturizer,Nivea,Beauty,view,40,1778597805
380,buyer,Singapore,2024-12-29,,Treadmill,Technogym,Sports,purchase,1500,1778597805
117,browser,Malaysia,2024-10-21,4141.0,Hoodie,Puma,Fashion,view,90,1778597805
,casual,Singapore,2024-09-03,,Machine Learning Guide,O'Reilly,Books,purchase,320,1778597805
unknown_user,casual,Malaysia,2024-12-14,57.0,Basketball,Nike,Sports,invalid,50,1778597805
434,browser,Malaysia,2024-07-20,28.0,Formal Shirt,Zara,Fashion,view,90,1778597805
,casual,Thailand,2025-08-09,44.0,Curtains,Ikea,Home,view,120,1778597805
300,browser,Philippines,2025-03-14,5.0,iPad Air,Apple,Electronics,click,900,1778597805
,browser,Singapore,2024-08-03,39.0,Dining Table,Ikea,Home,view,5600,1778597805
unknown_user,casual,Thailand,2024-10-28,23.0,Cap,Nike,Fashion,view,-30,1778597805
434,casual,Malaysia,2025-12-25,25.0,Leather Belt,Levi's,Fashion,view,60,1778597805
369,browser,Malaysia,2025-06-25,50.0,Shampoo,Dove,,purchase,120,1778597805
,casual,Singapore,2025-11-30,1883.0,Gym Bag,Nike,Sports,view,90,1778597805
313,browser,Thailand,2025-09-04,1.0,iPhone 15,Apple,Electronics,view,1200,1778597805
59,casual,Malaysia,2025-09-17,31.0,Coffee Maker,Philips,Home,purchase,150,1778597805
116,casual,Malaysia,2025-06-15,13.0,4K Monitor,LG,Electronics,purchase,-600,1778597805
409,browser,Thailand,2025-09-05,63.0,Skipping Rope,Decathlon,Sports,view,20,1778597805
11,buyer,Thailand,2026-01-28,,Machine Learning Guide,O'Reilly,Books,purchase,80,1778597805
21,buyer,Malaysia,2026-05-04,70.0,Self Development Book,Penguin,Books,purchase,40,1778597805
250,casual,Malaysia,2024-06-24,15.0,Bluetooth Speaker,JBL,Electronics,click,120,1778597805
386,browser,Malaysia,2025-05-27,,Jacket,Zara,Fashion,invalid,200,1778597805
129,casual,Singapore,2025-09-02,18.0,Jeans,Levi's,Fashion,view,80,1778597805
,buyer,Malaysia,2024-11-18,2.0,Samsung Galaxy S23,Samsung,Electronics,click,1000,1778597805
369,casual,Philippines,2025-09-05,4.0,Dell XPS 13,Dell,Electronics,click,1800,1778597805
311,casual,Singapore,2025-09-08,16.0,Running Shoes,Nike,Fashion,view,1200,1778597805
unknown_user,browser,Malaysia,2025-09-23,21.0,Dress,H&M,Fashion,view,120,1778597805
75,buyer,Indonesia,2025-05-21,11.0,Mechanical Keyboard,Logitech,Electronics,click,150,1778597805
130,browser,Vietnam,2026-05-08,,Sneakers,Adidas,Fashion,invalid,150,1778597805
484,casual,Thailand,2025-09-19,,Wall Clock,Generic,Home,click,40,1778597805
unknown_user,browser,Singapore,2025-10-19,54.0,Body Lotion,Dove,Beauty,view,250,1778597805
129,browser,Malaysia,2025-12-14,43.0,Desk Lamp,Philips,Home,view,50,1778597805
349,browser,Singapore,2025-08-13,,Water Bottle,Stanley,Sports,view,25,1778597805
253,browser,Malaysia,2025-01-07,49.0,Perfume,Dior,Beauty,click,-150,1778597805
unknown_user,casual,Malaysia,2024-09-21,36.0,Electric Kettle,Tefal,Home,view,-60,1778597805
unknown_user,browser,Malaysia,2024-10-12,34.0,Blender,Philips,Home,click,-100,1778597805
,casual,Thailand,2025-05-09,14.0,External SSD,Samsung,Electronics,click,200,1778597805
373,casual,Indonesia,2024-07-11,,Hoodie,Puma,Fashion,invalid,90,1778597805
479,buyer,Philippines,2026-01-24,45.0,Wall Clock,Generic,Home,click,40,1778597805
16,casual,Thailand,2026-02-11,4085.0,Leather Belt,Levi's,Fashion,click,60,1778597805
,browser,Singapore,2026-01-01,38.0,Toaster,Philips,Home,view,70,1778597805
461,browser,Malaysia,2025-05-09,6.0,Samsung Tablet,Samsung,Electronics,click,700,1778597805
498,casual,Malaysia,2025-09-06,56.0,Football,Adidas,Sports,view,240,1778597805
466,buyer,Thailand,2026-02-22,2.0,Samsung Galaxy S23,Samsung,Electronics,purchase,1000,1778597805
382,casual,Vietnam,2025-03-10,37.0,Microwave Oven,Samsung,Home,view,2250,1778597805
34,browser,Singapore,2025-02-12,58.0,Tennis Racket,Wilson,Sports,view,200,1778597805
138,buyer,Singapore,2026-01-10,13.0,4K Monitor,LG,Electronics,invalid,600,1778597805
38,browser,Philippines,2025-07-17,29.0,Sandals,Havaianas,Fashion,view,70,1778597805
212,casual,Indonesia,2026-02-11,69.0,Business Strategy Book,Harvard Press,Books,click,540,1778597805
249,browser,Singapore,2025-06-30,48.0,Lipstick,Maybelline,Beauty,invalid,25,1778597805
386,browser,Singapore,2025-09-12,1304.0,Tennis Racket,Wilson,Sports,view,200,1778597805
495,browser,Malaysia,2025-05-29,50.0,Shampoo,Dove,Beauty,invalid,-20,1778597805
316,browser,Malaysia,2024-05-28,2551.0,Dumbbells,Decathlon,Sports,click,150,1778597805
477,casual,Malaysia,2024-09-12,24.0,Sunglasses,Ray-Ban,Fashion,click,180,1778597805
369,casual,Malaysia,2025-08-18,39.0,Dining Table,Ikea,Home,invalid,800,1778597805
44,buyer,Malaysia,2024-09-10,45.0,Wall Clock,Generic,Home,click,40,1778597805
unknown_user,browser,Indonesia,2026-03-11,2214.0,Sony Headphones,Sony,Electronics,click,300,1778597805
51,browser,Malaysia,2026-03-15,6.0,Samsung Tablet,Samsung,Electronics,view,700,1778597805
487,buyer,Singapore,2025-05-29,30.0,Watch,Casio,Fashion,click,250,1778597805
178,browser,Malaysia,2026-05-07,1803.0,Microwave Oven,Samsung,Home,view,250,1778597805
unknown_user,browser,Singapore,2025-01-27,37.0,Microwave Oven,Samsung,Home,view,250,1778597805
170,casual,Philippines,2025-12-27,,Treadmill,Technogym,Sports,view,-1500,1778597805
197,browser,Indonesia,2024-10-09,,Machine Learning Guide,O'Reilly,Books,purchase,80,1778597805
60,browser,Philippines,2025-12-07,3561.0,Face Cleanser,Nivea,Beauty,view,30,1778597805
201,casual,Malaysia,2025-04-03,3004.0,Sofa,Ikea,Home,click,8400,1778597805
482,casual,Malaysia,2024-10-08,,Backpack,Adidas,Fashion,click,-100,1778597805
200,browser,Singapore,2026-04-29,64.0,Gym Bag,Nike,Sports,click,720,1778597805
238,casual,Malaysia,2025-10-25,42.0,Sofa,Ikea,Home,click,1200,1778597805
190,browser,Vietnam,2025-05-08,9.0,Smart Watch,Fitbit,Electronics,view,400,1778597805
327,browser,Indonesia,2025-03-16,68.0,Machine Learning Guide,O'Reilly,Books,view,80,1778597805
88,browser,Thailand,2026-01-16,32.0,Air Fryer,Xiaomi,Home,view,180,1778597805
unknown_user,browser,Malaysia,2025-06-27,13.0,4K Monitor,LG,Electronics,view,600,1778597805
435,browser,Thailand,2025-06-16,43.0,Desk Lamp,Philips,Home,invalid,50,1778597805
85,browser,Indonesia,2026-02-02,55.0,Nail Polish,O.P.I,Beauty,view,15,1778597805
unknown_user,casual,Philippines,2024-08-08,59.0,Yoga Mat,Decathlon,,click,360,1778597805
320,browser,Malaysia,2025-03-12,30.0,Watch,Casio,,view,250,1778597805
183,browser,Thailand,2025-03-19,21.0,Dress,H&M,Fashion,purchase,-120,1778597805
461,buyer,Indonesia,2025-12-29,70.0,Self Development Book,Penguin,Books,purchase,40,1778597805
113,casual,Malaysia,2024-08-15,2263.0,Office Chair,Ikea,Home,click,200,1778597805
449,buyer,Singapore,2025-04-24,7.0,Sony Headphones,Sony,Electronics,click,300,1778597805
,browser,Malaysia,2024-12-18,68.0,Machine Learning Guide,O'Reilly,Books,view,80,1778597805
339,buyer,Singapore,2026-01-24,39.0,Dining Table,Ikea,Home,click,-800,1778597805
434,buyer,Thailand,2026-02-18,66.0,Python Programming Book,O'Reilly,Books,click,-50,1778597805
376,browser,Malaysia,2025-08-23,57.0,Basketball,Nike,Sports,view,-50,1778597805
54,browser,Singapore,2026-05-04,25.0,Leather Belt,Levi's,Fashion,view,60,1778597805
176,browser,Malaysia,2024-08-31,64.0,Gym Bag,Nike,Sports,view,-90,1778597805
306,browser,Thailand,2025-03-29,25.0,Leather Belt,Levi's,Fashion,click,60,1778597805
,casual,Malaysia,2024-06-30,38.0,Toaster,Philips,Home,view,70,1778597805
unknown_user,buyer,Thailand,2025-03-28,46.0,Face Cleanser,Nivea,Beauty,purchase,30,1778597805
440,browser,Singapore,2024-09-04,33.0,Vacuum Cleaner,Dyson,Home,invalid,300,1778597805
,casual,Malaysia,2025-09-29,64.0,Gym Bag,Nike,Sports,click,90,1778597805
,browser,Malaysia,2024-12-31,27.0,Sports Shorts,Nike,Fashion,click,400,1778597805
319,casual,Thailand,2025-07-01,10.0,Gaming Laptop,Asus,Electronics,purchase,-2200,1778597805
447,buyer,Malaysia,2024-06-23,32.0,Air Fryer,Xiaomi,Home,purchase,180,1778597805
370,buyer,Malaysia,2026-03-20,45.0,Wall Clock,Generic,Home,click,40,1778597805
318,browser,Thailand,2026-03-04,67.0,Data Science Handbook,Packt,Books,view,70,1778597805
,buyer,Thailand,2024-12-02,2234.0,Electric Kettle,Tefal,Home,click,540,1778597805
405,casual,Singapore,2025-09-10,34.0,Blender,Philips,Home,click,100,1778597805
272,browser,Indonesia,2025-12-21,36.0,Electric Kettle,Tefal,Home,view,60,1778597805
234,browser,Vietnam,2025-12-14,1480.0,Cycling Helmet,Giro,Sports,view,80,1778597805
403,casual,Malaysia,2025-12-21,,Body Lotion,Dove,,view,25,1778597805
228,buyer,Malaysia,2025-09-29,67.0,Data Science Handbook,Packt,Books,purchase,70,1778597805
189,buyer,Malaysia,2024-06-12,62.0,Cycling Helmet,Giro,Sports,purchase,80,1778597805
275,browser,Malaysia,2025-02-12,21.0,Dress,H&M,Fashion,view,120,1778597805
306,browser,Thailand,2025-12-04,59.0,Yoga Mat,Decathlon,Sports,view,60,1778597805
412,casual,Philippines,2026-02-07,56.0,Football,Adidas,Sports,click,200,1778597805
292,browser,Singapore,2024-09-26,32.0,Air Fryer,Xiaomi,Home,purchase,180,1778597805
252,casual,Singapore,2024-09-06,14.0,External SSD,Samsung,Electronics,invalid,200,1778597805
129,casual,Malaysia,2025-04-26,17.0,Sneakers,Adidas,Fashion,purchase,150,1778597805
452,casual,Thailand,2025-05-01,31.0,Coffee Maker,Philips,Home,view,150,1778597805
,casual,Thailand,2026-01-30,55.0,Nail Polish,O.P.I,Beauty,click,75,1778597805
193,browser,Indonesia,2024-08-31,35.0,Rice Cooker,Panasonic,Home,view,120,1778597805
358,browser,Singapore,2026-03-31,48.0,Lipstick,Maybelline,Beauty,view,50,1778597805
,browser,Thailand,2025-05-12,12.0,Wireless Mouse,Logitech,Electronics,click,80,1778597805
18,browser,Malaysia,2025-08-09,27.0,Sports Shorts,Nike,Fashion,click,50,1778597805
219,browser,Singapore,2024-10-15,3958.0,Body Lotion,Dove,Beauty,view,25,1778597805
,casual,Malaysia,2024-11-13,66.0,Python Programming Book,O'Reilly,Books,purchase,50,1778597805
30,browser,Malaysia,2024-11-01,2.0,Samsung Galaxy S23,Samsung,Electronics,invalid,1000,1778597805
150,buyer,Malaysia,2025-08-16,16.0,Running Shoes,Nike,Fashion,view,480,1778597805
416,browser,Thailand,2025-07-06,,Sony Headphones,Sony,Electronics,view,300,1778597805
215,browser,Singapore,2025-05-20,44.0,Curtains,Ikea,Home,view,-120,1778597805
302,casual,Philippines,2025-05-09,4892.0,Skipping Rope,Decathlon,Sports,purchase,20,1778597805
391,casual,Singapore,2025-02-09,63.0,Skipping Rope,Decathlon,Sports,click,20,1778597805
190,browser,Malaysia,2024-10-07,12.0,Wireless Mouse,Logitech,Electronics,view,80,1778597805
286,buyer,Singapore,2024-12-03,48.0,Lipstick,Maybelline,Beauty,purchase,25,1778597805
358,buyer,Malaysia,2025-03-02,6.0,Samsung Tablet,Samsung,,purchase,700,1778597805
221,browser,Malaysia,2024-09-01,45.0,Wall Clock,Generic,Home,view,40,1778597805
157,buyer,Singapore,2025-04-26,22.0,Hoodie,Puma,Fashion,invalid,90,1778597805
166,casual,Malaysia,2024-11-19,15.0,Bluetooth Speaker,JBL,Electronics,click,120,1778597805
,buyer,Indonesia,2024-07-29,22.0,Hoodie,Puma,Fashion,purchase,90,1778597805
,casual,Indonesia,2026-03-31,65.0,Water Bottle,Stanley,Sports,click,25,1778597805
unknown_user,casual,Malaysia,2025-06-11,48.0,Lipstick,Maybelline,Beauty,purchase,25,1778597805
57,browser,Malaysia,2025-01-02,30.0,Watch,Casio,Fashion,invalid,750,1778597805
,casual,Malaysia,2025-10-31,4.0,Dell XPS 13,Dell,Electronics,purchase,1800,1778597805
15,browser,Malaysia,2025-12-20,3410.0,Jeans,Levi's,Fashion,view,480,1778597805
,browser,Malaysia,2025-04-05,70.0,Self Development Book,Penguin,Books,purchase,40,1778597805
339,browser,Thailand,2025-11-25,4.0,Dell XPS 13,Dell,Electronics,view,1800,1778597805
225,casual,Malaysia,2024-06-30,61.0,Treadmill,Technogym,Sports,view,10500,1778597805
unknown_user,casual,Thailand,2024-10-11,61.0,Treadmill,Technogym,Sports,click,1500,1778597805
,browser,Thailand,2026-03-27,29.0,Sandals,Havaianas,Fashion,view,70,1778597805
107,casual,Malaysia,2026-05-03,19.0,T-Shirt,Uniqlo,,invalid,40,1778597805
217,browser,Vietnam,2025-04-21,6.0,Samsung Tablet,Samsung,Electronics,view,700,1778597805
,browser,Vietnam,2024-07-08,18.0,Jeans,Levi's,Fashion,view,-80,1778597805
217,casual,Malaysia,2025-09-11,42.0,Sofa,Ikea,Home,view,1200,1778597805
147,casual,Indonesia,2025-12-29,53.0,Sunscreen,Nivea,Beauty,click,35,1778597805
393,browser,Malaysia,2025-05-01,2.0,Samsung Galaxy S23,Samsung,Electronics,view,-1000,1778597805
412,casual,Malaysia,2025-06-18,52.0,Makeup Kit,Maybelline,Beauty,invalid,120,1778597805
66,browser,Malaysia,2025-12-04,14.0,External SSD,Samsung,,view,200,1778597805
189,browser,Thailand,2024-06-10,3058.0,Basketball,Nike,Sports,view,-50,1778597805
422,buyer,Singapore,2024-12-04,8.0,AirPods Pro,Apple,,purchase,250,1778597805
415,browser,Malaysia,2025-07-28,3098.0,Bed Frame,Ikea,Home,click,900,1778597805
,buyer,Malaysia,2025-09-14,47.0,Moisturizer,Nivea,Beauty,click,40,1778597805
,browser,Malaysia,2025-11-24,,Vacuum Cleaner,Dyson,Home,view,300,1778597805
170,casual,Malaysia,2025-03-31,23.0,Cap,Nike,Fashion,view,30,1778597805
16,browser,Singapore,2024-07-06,23.0,Cap,Nike,Fashion,view,30,1778597805
unknown_user,buyer,Thailand,2025-08-10,36.0,Electric Kettle,Tefal,Home,click,180,1778597805
441,browser,Indonesia,2025-01-21,4102.0,Machine Learning Guide,O'Reilly,Books,view,80,1778597805
393,browser,Indonesia,2025-11-04,41.0,Bed Frame,Ikea,Home,invalid,900,1778597805
82,browser,Malaysia,2024-05-14,27.0,Sports Shorts,Nike,Fashion,view,-50,1778597805
114,browser,Philippines,2024-11-29,1696.0,Bluetooth Speaker,JBL,Electronics,click,120,1778597805
8,casual,Thailand,2025-02-10,66.0,Python Programming Book,O'Reilly,Books,invalid,50,1778597805
,browser,Singapore,2024-10-01,31.0,Coffee Maker,Philips,Home,click,1500,1778597805
276,casual,Malaysia,2024-08-11,67.0,Data Science Handbook,Packt,Books,purchase,700,1778597805
,buyer,Malaysia,2024-09-11,28.0,Formal Shirt,Zara,Fashion,purchase,630,1778597805
unknown_user,casual,Philippines,2025-08-22,66.0,Python Programming Book,O'Reilly,Books,click,50,1778597805
481,casual,Thailand,2026-04-04,32.0,Air Fryer,Xiaomi,,click,180,1778597805
26,browser,Indonesia,2025-11-25,21.0,Dress,H&M,Fashion,view,-120,1778597805
152,buyer,Indonesia,2024-12-22,49.0,Perfume,Dior,Beauty,invalid,150,1778597805
68,casual,Malaysia,2025-11-13,49.0,Perfume,Dior,Beauty,purchase,1350,1778597805
420,casual,Indonesia,2025-04-01,,Makeup Kit,Maybelline,Beauty,click,120,1778597805
178,browser,Thailand,2026-02-25,35.0,Rice Cooker,Panasonic,Home,purchase,120,1778597805
145,buyer,Singapore,2026-02-24,3.0,MacBook Pro,Apple,Electronics,purchase,15000,1778597805
unknown_user,browser,Thailand,2025-08-30,63.0,Skipping Rope,Decathlon,Sports,view,-20,1778597805
99,buyer,Malaysia,2026-03-24,57.0,Basketball,Nike,Sports,view,500,1778597805
88,browser,Malaysia,2025-12-18,45.0,Wall Clock,Generic,Home,view,-40,1778597805
389,browser,Vietnam,2025-01-28,67.0,Data Science Handbook,Packt,Books,view,630,1778597805
236,casual,Singapore,2026-01-06,34.0,Blender,Philips,Home,view,-100,1778597805
,buyer,Malaysia,2026-01-09,63.0,Skipping Rope,Decathlon,Sports,click,-20,1778597805
310,browser,Philippines,2025-11-14,70.0,Self Development Book,Penguin,Books,view,40,1778597805
,casual,Thailand,2025-10-25,43.0,Desk Lamp,Philips,Home,purchase,50,1778597805
191,browser,Malaysia,2026-04-21,39.0,Dining Table,Ikea,Home,view,800,1778597805
160,casual,Thailand,2024-06-21,38.0,Toaster,Philips,Home,purchase,70,1778597805
,browser,Thailand,2026-05-02,41.0,Bed Frame,Ikea,Home,view,900,1778597805
401,buyer,Malaysia,2025-04-08,58.0,Tennis Racket,Wilson,Sports,purchase,200,1778597805
491,casual,Singapore,2024-06-04,14.0,External SSD,Samsung,Electronics,click,200,1778597805
106,casual,Malaysia,2025-03-07,43.0,Desk Lamp,Philips,Home,view,450,1778597805
328,casual,Thailand,2025-07-16,69.0,Business Strategy Book,Harvard Press,,invalid,60,1778597805
482,casual,Singapore,2025-03-04,5.0,iPad Air,Apple,Electronics,click,900,1778597805
402,casual,Singapore,2025-02-17,,Jeans,Levi's,Fashion,click,80,1778597805
,browser,Malaysia,2026-01-02,10.0,Gaming Laptop,Asus,Electronics,view,11000,1778597805
199,browser,Singapore,2025-07-15,4629.0,Samsung Tablet,Samsung,Electronics,click,700,1778597805
496,browser,Vietnam,2025-05-18,12.0,Wireless Mouse,Logitech,,view,80,1778597805
201,browser,Singapore,2025-08-05,45.0,Wall Clock,Generic,Home,view,40,1778597805
288,browser,Philippines,2024-10-20,54.0,Body Lotion,Dove,,view,25,1778597805
unknown_user,buyer,Malaysia,2025-10-20,35.0,Rice Cooker,Panasonic,Home,purchase,120,1778597805
219,casual,Philippines,2024-09-25,4592.0,Hair Dryer,Philips,Beauty,view,-80,1778597805
377,browser,Malaysia,2024-07-03,9.0,Smart Watch,Fitbit,Electronics,view,400,1778597805
285,browser,Malaysia,2024-07-05,22.0,Hoodie,Puma,Fashion,view,90,1778597805
405,buyer,Thailand,2026-02-17,2260.0,Tennis Racket,Wilson,Sports,click,1400,1778597805
185,casual,Indonesia,2025-07-29,34.0,Blender,Philips,Home,view,100,1778597805
146,casual,Indonesia,2025-09-01,22.0,Hoodie,Puma,Fashion,purchase,90,1778597805
125,browser,Thailand,2025-11-27,57.0,Basketball,Nike,Sports,view,50,1778597805
93,browser,Singapore,2025-05-18,44.0,Curtains,Ikea,Home,view,120,1778597805
476,buyer,Malaysia,2025-01-31,41.0,Bed Frame,Ikea,,purchase,900,1778597805
,browser,Singapore,2026-04-17,32.0,Air Fryer,Xiaomi,Home,view,180,1778597805
19,browser,Malaysia,2025-06-02,35.0,Rice Cooker,Panasonic,Home,click,120,1778597805
240,casual,Malaysia,2024-05-22,45.0,Wall Clock,Generic,Home,view,40,1778597805
171,casual,Malaysia,2025-04-28,16.0,Running Shoes,Nike,Fashion,view,360,1778597805
130,casual,Malaysia,2024-10-27,46.0,Face Cleanser,Nivea,Beauty,purchase,30,1778597805
240,browser,Thailand,2026-04-04,,Coffee Maker,Philips,Home,view,150,1778597805
412,buyer,Thailand,2024-10-19,54.0,Body Lotion,Dove,Beauty,purchase,25,1778597805
unknown_user,browser,Singapore,2025-05-08,62.0,Cycling Helmet,Giro,Sports,view,80,1778597805
102,casual,Thailand,2024-06-25,25.0,Leather Belt,Levi's,,view,60,1778597805
263,browser,Malaysia,2025-05-14,69.0,Business Strategy Book,Harvard Press,Books,click,60,1778597805
456,casual,Indonesia,2026-02-09,54.0,Body Lotion,Dove,Beauty,purchase,250,1778597805
177,buyer,Malaysia,2025-04-16,47.0,Moisturizer,Nivea,Beauty,purchase,40,1778597805
unknown_user,buyer,Malaysia,2024-06-20,70.0,Self Development Book,Penguin,Books,purchase,40,1778597805
28,buyer,Singapore,2024-06-10,3.0,MacBook Pro,Apple,Electronics,purchase,2500,1778597805
,browser,Singapore,2024-10-08,46.0,Face Cleanser,Nivea,,view,30,1778597805
146,browser,Malaysia,2025-04-14,,Blender,Philips,Home,invalid,100,1778597805
444,browser,Malaysia,2025-06-10,1.0,iPhone 15,Apple,Electronics,view,1200,1778597805
410,casual,Malaysia,2026-05-07,64.0,Gym Bag,Nike,Sports,click,90,1778597805
91,browser,Malaysia,2024-08-23,2279.0,Dining Table,Ikea,Home,view,800,1778597805
278,casual,Philippines,2025-02-12,23.0,Cap,Nike,Fashion,view,30,1778597805
,browser,Singapore,2025-07-03,3.0,MacBook Pro,Apple,,view,2500,1778597805
345,casual,Malaysia,2026-01-17,38.0,Toaster,Philips,Home,view,70,1778597805
296,browser,Malaysia,2024-09-29,26.0,Backpack,Adidas,Fashion,view,300,1778597805
438,buyer,Malaysia,2025-06-10,5.0,iPad Air,Apple,Electronics,view,900,1778597805
unknown_user,casual,Indonesia,2025-10-04,31.0,Coffee Maker,Philips,Home,view,-150,1778597805
290,browser,Indonesia,2025-07-05,,Samsung Galaxy S23,Samsung,Electronics,view,3000,1778597805
245,casual,Malaysia,2024-05-24,46.0,Face Cleanser,Nivea,Beauty,invalid,120,1778597805
146,buyer,Malaysia,2024-12-12,29.0,Sandals,Havaianas,Fashion,purchase,70,1778597805
443,browser,Malaysia,2025-05-27,8.0,AirPods Pro,Apple,,view,250,1778597805
378,casual,Singapore,2025-12-06,2117.0,Sneakers,Adidas,Fashion,purchase,150,1778597805
453,browser,Thailand,2024-12-03,12.0,Wireless Mouse,Logitech,Electronics,view,80,1778597805
457,browser,Malaysia,2026-04-03,53.0,Sunscreen,Nivea,Beauty,view,35,1778597805
,casual,Malaysia,2025-02-28,19.0,T-Shirt,Uniqlo,Fashion,purchase,320,1778597805
205,casual,Singapore,2024-06-12,,T-Shirt,Uniqlo,Fashion,click,40,1778597805
unknown_user,browser,Malaysia,2026-01-18,50.0,Shampoo,Dove,Beauty,view,20,1778597805
,browser,Philippines,2025-10-16,1932.0,Dell XPS 13,Dell,,view,18000,1778597805
196,browser,Vietnam,2025-02-13,39.0,Dining Table,Ikea,Home,view,1600,1778597805
280,casual,Malaysia,2025-07-16,10.0,Gaming Laptop,Asus,Electronics,view,2200,1778597805
466,casual,Indonesia,2025-12-27,,Sofa,Ikea,Home,view,1200,1778597805
106,browser,Indonesia,2024-12-19,26.0,Backpack,Adidas,Fashion,view,-300,1778597805
45,casual,Singapore,2025-01-07,30.0,Watch,Casio,Fashion,invalid,250,1778597805
137,casual,Thailand,2026-05-11,,Leather Belt,Levi's,Fashion,purchase,60,1778597805
230,casual,Malaysia,2026-05-01,2923.0,Yoga Mat,Decathlon,Sports,invalid,60,1778597805
unknown_user,casual,Singapore,2025-08-17,55.0,Nail Polish,O.P.I,Beauty,view,15,1778597805
435,casual,Malaysia,2024-08-21,17.0,Sneakers,Adidas,Fashion,view,1500,1778597805
420,browser,Malaysia,2025-03-11,,Air Fryer,Xiaomi,Home,invalid,180,1778597805
223,browser,Thailand,2026-03-13,4496.0,Dress,H&M,Fashion,view,-120,1778597805
unknown_user,buyer,Singapore,2026-03-27,48.0,Lipstick,Maybelline,Beauty,invalid,-25,1778597805
87,casual,Indonesia,2024-11-24,,Blender,Philips,Home,invalid,100,1778597805
unknown_user,browser,Malaysia,2025-06-15,35.0,Rice Cooker,Panasonic,Home,view,120,1778597805
316,buyer,Malaysia,2025-05-14,32.0,Air Fryer,Xiaomi,Home,click,180,1778597805
21,casual,Malaysia,2025-01-11,34.0,Blender,Philips,Home,purchase,100,1778597805
333,casual,Malaysia,2024-07-09,62.0,Cycling Helmet,Giro,Sports,view,-800,1778597805
unknown_user,casual,Malaysia,2025-04-03,10.0,Gaming Laptop,Asus,Electronics,purchase,2200,1778597805
206,browser,Singapore,2024-07-07,59.0,Yoga Mat,Decathlon,Sports,view,60,1778597805
413,browser,Malaysia,2025-03-14,4702.0,Air Fryer,Xiaomi,Home,view,180,1778597805
26,casual,Malaysia,2025-12-16,1683.0,Samsung Galaxy S23,Samsung,Electronics,view,7000,1778597805
346,browser,Singapore,2024-08-16,66.0,Python Programming Book,O'Reilly,Books,click,50,1778597805
,casual,Malaysia,2025-08-02,,Watch,Casio,Fashion,view,250,1778597805
356,browser,Philippines,2025-08-31,56.0,Football,Adidas,Sports,view,120,1778597805
,browser,Malaysia,2025-05-23,1295.0,Hoodie,Puma,Fashion,view,90,1778597805
,browser,Thailand,2025-10-22,9.0,Smart Watch,Fitbit,Electronics,invalid,-400,1778597805
437,buyer,Singapore,2026-01-16,4225.0,Toaster,Philips,Home,click,70,1778597805
292,browser,Malaysia,2025-02-17,1561.0,Sunglasses,Ray-Ban,Fashion,invalid,180,1778597805
343,buyer,Singapore,2025-08-28,63.0,Skipping Rope,Decathlon,Sports,view,20,1778597805
219,browser,Indonesia,2025-12-27,6.0,Samsung Tablet,Samsung,Electronics,invalid,700,1778597805
194,browser,Thailand,2026-03-22,31.0,Coffee Maker,Philips,,view,150,1778597805
,browser,Malaysia,2025-06-27,10.0,Gaming Laptop,Asus,,purchase,-2200,1778597805
77,browser,Malaysia,2025-03-25,23.0,Cap,Nike,Fashion,click,30,1778597805
307,browser,Singapore,2024-12-15,4943.0,Sandals,Havaianas,Fashion,view,70,1778597805
,browser,Vietnam,2025-04-25,25.0,Leather Belt,Levi's,Fashion,purchase,60,1778597805
358,buyer,Malaysia,2025-12-01,48.0,Lipstick,Maybelline,Beauty,purchase,25,1778597805
437,browser,Indonesia,2026-05-02,,Business Strategy Book,Harvard Press,,invalid,60,1778597805
306,casual,Indonesia,2025-08-30,34.0,Blender,Philips,Home,purchase,100,1778597805
474,casual,Malaysia,2025-05-11,49.0,Perfume,Dior,Beauty,view,150,1778597805
452,casual,Thailand,2025-04-05,67.0,Data Science Handbook,Packt,Books,click,-70,1778597805
96,browser,Indonesia,2026-05-10,31.0,Coffee Maker,Philips,Home,invalid,150,1778597805
124,casual,Vietnam,2024-07-18,33.0,Vacuum Cleaner,Dyson,Home,invalid,300,1778597805
299,casual,Singapore,2024-12-14,3.0,MacBook Pro,Apple,Electronics,view,2500,1778597805
324,casual,Thailand,2024-07-08,3096.0,Data Science Handbook,Packt,Books,view,70,1778597805
348,buyer,Singapore,2025-08-05,37.0,Microwave Oven,Samsung,Home,view,250,1778597805
196,buyer,Thailand,2025-01-02,5.0,iPad Air,Apple,Electronics,view,900,1778597805
227,browser,Indonesia,2024-08-18,39.0,Dining Table,Ikea,,purchase,800,1778597805
435,browser,Indonesia,2025-12-18,,MacBook Pro,Apple,Electronics,view,2500,1778597805
346,casual,Malaysia,2025-10-30,53.0,Sunscreen,Nivea,,click,35,1778597805
241,casual,Vietnam,2024-11-04,,Running Shoes,Nike,Fashion,invalid,120,1778597805
442,casual,Singapore,2026-03-09,4019.0,Sneakers,Adidas,Fashion,invalid,1500,1778597805
169,buyer,Malaysia,2024-05-31,32.0,Air Fryer,Xiaomi,Home,purchase,180,1778597805
185,casual,Malaysia,2025-07-15,,Sneakers,Adidas,Fashion,view,150,1778597805
264,casual,Malaysia,2025-02-18,52.0,Makeup Kit,Maybelline,Beauty,purchase,120,1778597805
33,casual,Philippines,2025-04-20,48.0,Lipstick,Maybelline,Beauty,view,25,1778597805
unknown_user,browser,Singapore,2024-12-09,55.0,Nail Polish,O.P.I,Beauty,view,15,1778597805
309,casual,Malaysia,2024-10-21,57.0,Basketball,Nike,Sports,view,50,1778597805
,browser,Vietnam,2025-05-05,37.0,Microwave Oven,Samsung,Home,view,250,1778597805
unknown_user,buyer,Singapore,2024-06-04,3.0,MacBook Pro,Apple,Electronics,view,7500,1778597805
140,browser,Malaysia,2025-12-31,3446.0,AirPods Pro,Apple,Electronics,view,250,1778597805
486,browser,Singapore,2026-01-03,,Sneakers,Adidas,Fashion,view,150,1778597805
unknown_user,browser,Singapore,2025-04-30,65.0,Water Bottle,Stanley,Sports,view,175,1778597805
219,browser,Malaysia,2025-04-17,5.0,iPad Air,Apple,Electronics,invalid,900,1778597805
unknown_user,casual,Thailand,2025-04-19,15.0,Bluetooth Speaker,JBL,Electronics,view,480,1778597805
75,casual,Malaysia,2026-02-03,62.0,Cycling Helmet,Giro,,view,80,1778597805
176,buyer,Philippines,2024-06-06,8.0,AirPods Pro,Apple,Electronics,view,250,1778597805
unknown_user,browser,Malaysia,2025-11-25,57.0,Basketball,Nike,Sports,view,-50,1778597805
78,browser,Singapore,2026-01-01,4431.0,Leather Belt,Levi's,Fashion,view,60,1778597805
174,casual,Malaysia,2025-11-29,48.0,Lipstick,Maybelline,Beauty,invalid,25,1778597805
,browser,Singapore,2025-08-26,69.0,Business Strategy Book,Harvard Press,Books,click,60,1778597805
27,browser,Indonesia,2025-05-19,24.0,Sunglasses,Ray-Ban,Fashion,view,180,1778597805
370,browser,Singapore,2024-05-15,23.0,Cap,Nike,Fashion,view,30,1778597805
,browser,Singapore,2024-09-16,3.0,MacBook Pro,Apple,Electronics,click,20000,1778597805
,casual,Indonesia,2025-09-07,,Hair Dryer,Philips,Beauty,click,80,1778597805
271,casual,Malaysia,2025-07-01,4918.0,Data Science Handbook,Packt,Books,view,490,1778597805
399,browser,Singapore,2024-09-27,1.0,iPhone 15,Apple,Electronics,view,1200,1778597805
unknown_user,casual,Thailand,2026-01-24,45.0,Wall Clock,Generic,Home,purchase,40,1778597805
unknown_user,browser,Malaysia,2025-11-01,23.0,Cap,Nike,Fashion,click,240,1778597805
68,browser,Thailand,2024-07-21,7.0,Sony Headphones,Sony,Electronics,view,300,1778597805
338,casual,Vietnam,2025-09-01,69.0,Business Strategy Book,Harvard Press,Books,view,60,1778597805
406,browser,Malaysia,2024-11-30,46.0,Face Cleanser,Nivea,Beauty,view,30,1778597805
38,buyer,Thailand,2026-01-22,3921.0,Gym Bag,Nike,,click,90,1778597805
349,browser,Vietnam,2025-09-20,53.0,Sunscreen,Nivea,Beauty,view,70,1778597805
109,browser,Malaysia,2025-01-30,6.0,Samsung Tablet,Samsung,Electronics,invalid,700,1778597805
413,browser,Indonesia,2026-03-30,37.0,Microwave Oven,Samsung,,view,250,1778597805
51,casual,Indonesia,2024-07-18,4105.0,Mechanical Keyboard,Logitech,Electronics,purchase,150,1778597805
153,browser,Singapore,2025-11-29,47.0,Moisturizer,Nivea,Beauty,invalid,40,1778597805
,browser,Malaysia,2025-09-22,,Nail Polish,O.P.I,Beauty,view,15,1778597805
138,browser,Malaysia,2025-07-03,58.0,Tennis Racket,Wilson,Sports,view,200,1778597805
199,browser,Malaysia,2025-02-24,68.0,Machine Learning Guide,O'Reilly,Books,view,80,1778597805
198,casual,Malaysia,2024-05-25,3109.0,Cycling Helmet,Giro,Sports,invalid,80,1778597805
202,buyer,Indonesia,2026-01-17,,Air Fryer,Xiaomi,Home,invalid,180,1778597805
85,casual,Malaysia,2024-07-05,53.0,Sunscreen,Nivea,Beauty,view,35,1778597805
unknown_user,buyer,Malaysia,2025-05-13,4637.0,Mechanical Keyboard,Logitech,Electronics,invalid,150,1778597805
252,browser,Singapore,2026-01-22,46.0,Face Cleanser,Nivea,Beauty,view,30,1778597805
172,browser,Malaysia,2025-04-28,,Blender,Philips,Home,click,-100,1778597805
346,buyer,Singapore,2025-11-07,21.0,Dress,H&M,Fashion,view,120,1778597805
465,casual,Philippines,2024-08-30,64.0,Gym Bag,Nike,Sports,view,90,1778597805
376,casual,Singapore,2025-08-29,17.0,Sneakers,Adidas,Fashion,view,150,1778597805
225,browser,Indonesia,2026-04-01,1893.0,Hoodie,Puma,Fashion,invalid,-90,1778597805
,browser,Singapore,2025-05-15,45.0,Wall Clock,Generic,Home,invalid,40,1778597805
103,casual,Malaysia,2026-04-25,46.0,Face Cleanser,Nivea,Beauty,invalid,30,1778597805
271,casual,Indonesia,2024-05-25,,Wireless Mouse,Logitech,Electronics,view,80,1778597805
447,browser,Singapore,2025-03-06,34.0,Blender,Philips,Home,view,100,1778597805
192,browser,Singapore,2025-02-04,28.0,Formal Shirt,Zara,Fashion,view,-630,1778597805
433,casual,Thailand,2025-07-18,10.0,Gaming Laptop,Asus,Electronics,view,2200,1778597805
494,casual,Indonesia,2026-04-22,56.0,Football,Adidas,Sports,purchase,280,1778597805
,buyer,Malaysia,2025-10-14,46.0,Face Cleanser,Nivea,Beauty,view,30,1778597805
442,casual,Indonesia,2025-10-18,29.0,Sandals,Havaianas,Fashion,view,-70,1778597805
494,buyer,Malaysia,2025-08-28,9.0,Smart Watch,Fitbit,Electronics,purchase,3200,1778597805
340,browser,Singapore,2026-02-11,60.0,Dumbbells,Decathlon,Sports,view,750,1778597805
349,browser,Malaysia,2025-03-23,60.0,Dumbbells,Decathlon,,view,150,1778597805
36,browser,Singapore,2024-05-14,,Cap,Nike,Fashion,view,30,1778597805
400,casual,Thailand,2026-01-07,31.0,Coffee Maker,Philips,Home,invalid,300,1778597805
11,buyer,Indonesia,2025-04-05,1830.0,Backpack,Adidas,Fashion,purchase,100,1778597805
259,casual,Indonesia,2025-10-20,16.0,Running Shoes,Nike,Fashion,view,120,1778597805
,browser,Malaysia,2026-04-15,29.0,Sandals,Havaianas,Fashion,view,70,1778597805
382,browser,Malaysia,2025-03-20,1.0,iPhone 15,Apple,Electronics,view,3600,1778597805
191,buyer,Malaysia,2025-08-17,24.0,Sunglasses,Ray-Ban,Fashion,purchase,180,1778597805
10,casual,Philippines,2025-06-20,18.0,Jeans,Levi's,Fashion,click,80,1778597805
75,browser,Philippines,2026-01-01,4382.0,Blender,Philips,Home,view,100,1778597805
439,browser,Singapore,2025-07-08,,Python Programming Book,O'Reilly,Books,click,50,1778597805
unknown_user,buyer,Singapore,2024-07-21,2.0,Samsung Galaxy S23,Samsung,Electronics,view,-1000,1778597805
267,browser,Indonesia,2026-02-19,67.0,Data Science Handbook,Packt,Books,click,70,1778597805
410,browser,Indonesia,2025-10-13,51.0,Hair Dryer,Philips,Beauty,invalid,80,1778597805
unknown_user,casual,Malaysia,2025-10-15,31.0,Coffee Maker,Philips,Home,view,900,1778597805
373,buyer,Vietnam,2025-11-04,66.0,Python Programming Book,O'Reilly,Books,click,50,1778597805
9,buyer,Indonesia,2024-11-24,2527.0,Hoodie,Puma,Fashion,purchase,90,1778597805
281,browser,Indonesia,2025-07-03,35.0,Rice Cooker,Panasonic,Home,view,120,1778597805
360,browser,Indonesia,2025-05-13,51.0,Hair Dryer,Philips,Beauty,view,80,1778597805
195,browser,Malaysia,2025-02-02,21.0,Dress,H&M,Fashion,purchase,120,1778597805
165,buyer,Indonesia,2024-06-09,69.0,Business Strategy Book,Harvard Press,Books,click,60,1778597805
95,casual,Indonesia,2026-01-11,40.0,Office Chair,Ikea,Home,invalid,200,1778597805
64,casual,Malaysia,2026-03-04,70.0,Self Development Book,Penguin,Books,click,-40,1778597805
156,casual,Thailand,2025-06-18,61.0,Treadmill,Technogym,Sports,view,-1500,1778597805
381,buyer,Malaysia,2025-07-27,26.0,Backpack,Adidas,Fashion,view,100,1778597805
unknown_user,buyer,Malaysia,2025-05-29,14.0,External SSD,Samsung,Electronics,view,200,1778597805
,casual,Thailand,2024-09-20,14.0,External SSD,Samsung,Electronics,click,200,1778597805
451,buyer,Singapore,2025-09-12,2.0,Samsung Galaxy S23,Samsung,Electronics,click,1000,1778597805
82,buyer,Thailand,2025-10-14,4836.0,Bluetooth Speaker,JBL,Electronics,purchase,840,1778597805
184,buyer,Thailand,2025-06-11,61.0,Treadmill,Technogym,Sports,purchase,1500,1778597805
unknown_user,casual,Malaysia,2024-12-22,,Self Development Book,Penguin,Books,view,40,1778597805
4,browser,Thailand,2024-07-30,,MacBook Pro,Apple,Electronics,view,2500,1778597805
10,browser,Philippines,2026-02-02,22.0,Hoodie,Puma,Fashion,invalid,90,1778597805
,buyer,Indonesia,2025-08-27,26.0,Backpack,Adidas,Fashion,click,100,1778597805
,browser,Malaysia,2024-09-12,3769.0,Vacuum Cleaner,Dyson,Home,view,300,1778597805
449,browser,Indonesia,2025-02-25,22.0,Hoodie,Puma,Fashion,view,180,1778597805
,buyer,Malaysia,2026-01-10,15.0,Bluetooth Speaker,JBL,Electronics,click,120,1778597805
67,browser,Philippines,2024-07-18,1259.0,4K Monitor,LG,Electronics,invalid,600,1778597805
167,browser,Malaysia,2024-08-11,56.0,Football,Adidas,Sports,view,40,1778597805
269,casual,Malaysia,2024-12-05,38.0,Toaster,Philips,Home,purchase,70,1778597805
472,browser,Thailand,2025-02-18,,Basketball,Nike,Sports,view,50,1778597805
64,buyer,Indonesia,2025-10-20,1084.0,External SSD,Samsung,Electronics,purchase,-200,1778597805
1,casual,Indonesia,2025-06-26,69.0,Business Strategy Book,Harvard Press,Books,invalid,480,1778597805
205,casual,Indonesia,2025-05-31,2945.0,Perfume,Dior,Beauty,purchase,150,1778597805
,casual,Indonesia,2025-11-25,3.0,MacBook Pro,Apple,Electronics,click,2500,1778597805
456,casual,Singapore,2024-08-09,29.0,Sandals,Havaianas,Fashion,view,-70,1778597805
262,browser,Malaysia,2026-03-19,42.0,Sofa,Ikea,Home,click,1200,1778597805
317,browser,Thailand,2026-02-14,43.0,Desk Lamp,Philips,,view,50,1778597805
195,buyer,Singapore,2026-02-25,45.0,Wall Clock,Generic,Home,purchase,40,1778597805
262,browser,Indonesia,2024-08-21,41.0,Bed Frame,Ikea,Home,view,900,1778597805
151,browser,Malaysia,2026-04-08,4695.0,Sofa,Ikea,,view,1200,1778597805
200,browser,Malaysia,2026-04-13,18.0,Jeans,Levi's,Fashion,view,80,1778597805
158,browser,Malaysia,2025-02-02,67.0,Data Science Handbook,Packt,Books,view,70,1778597805
435,casual,Malaysia,2026-01-21,,Business Strategy Book,Harvard Press,Books,view,60,1778597805
195,browser,Philippines,2025-06-25,4.0,Dell XPS 13,Dell,Electronics,view,16200,1778597805
286,browser,Malaysia,2024-06-08,14.0,External SSD,Samsung,Electronics,click,200,1778597805
unknown_user,browser,Malaysia,2026-01-18,3.0,MacBook Pro,Apple,,view,2500,1778597805
335,browser,Vietnam,2025-11-17,47.0,Moisturizer,Nivea,Beauty,click,40,1778597805
,browser,Singapore,2024-12-02,11.0,Mechanical Keyboard,Logitech,Electronics,purchase,150,1778597805
37,browser,Thailand,2026-02-10,19.0,T-Shirt,Uniqlo,Fashion,click,40,1778597805
442,browser,Singapore,2025-09-23,19.0,T-Shirt,Uniqlo,,view,40,1778597805
276,browser,Malaysia,2025-07-20,11.0,Mechanical Keyboard,Logitech,Electronics,view,150,1778597805
376,casual,Philippines,2025-03-18,17.0,Sneakers,Adidas,,click,150,1778597805
unknown_user,casual,Singapore,2024-08-03,20.0,Jacket,Zara,Fashion,click,200,1778597805
478,casual,Malaysia,2025-06-11,13.0,4K Monitor,LG,Electronics,view,600,1778597805
317,casual,Thailand,2026-04-23,,Cycling Helmet,Giro,,invalid,640,1778597805
131,casual,Malaysia,2024-10-30,26.0,Backpack,Adidas,Fashion,view,100,1778597805
unknown_user,browser,Thailand,2025-10-03,41.0,Bed Frame,Ikea,Home,view,900,1778597805
378,casual,Indonesia,2025-04-01,32.0,Air Fryer,Xiaomi,Home,view,180,1778597805
368,browser,Malaysia,2024-11-17,4.0,Dell XPS 13,Dell,Electronics,click,1800,1778597805
unknown_user,browser,Singapore,2026-03-15,21.0,Dress,H&M,Fashion,view,120,1778597805
,browser,Malaysia,2025-10-14,7.0,Sony Headphones,Sony,Electronics,view,-300,1778597805
unknown_user,casual,Thailand,2025-05-06,24.0,Sunglasses,Ray-Ban,Fashion,view,180,1778597805
,buyer,Indonesia,2024-12-01,,Skipping Rope,Decathlon,Sports,purchase,20,1778597805
146,browser,Singapore,2026-04-20,53.0,Sunscreen,Nivea,Beauty,view,35,1778597805
407,browser,Malaysia,2024-07-25,31.0,Coffee Maker,Philips,Home,view,150,1778597805
93,casual,Singapore,2025-12-05,3427.0,Blender,Philips,Home,click,500,1778597805
unknown_user,casual,Singapore,2026-02-18,,Rice Cooker,Panasonic,Home,invalid,120,1778597805
221,casual,Thailand,2026-01-20,45.0,Wall Clock,Generic,Home,purchase,40,1778597805
unknown_user,browser,Indonesia,2025-08-04,24.0,Sunglasses,Ray-Ban,Fashion,invalid,180,1778597805
236,casual,Indonesia,2026-03-30,30.0,Watch,Casio,Fashion,view,250,1778597805
359,casual,Malaysia,2024-09-19,56.0,Football,Adidas,Sports,invalid,40,1778597805
285,browser,Singapore,2025-10-02,45.0,Wall Clock,Generic,Home,click,240,1778597805
324,buyer,Thailand,2025-12-08,26.0,Backpack,Adidas,Fashion,purchase,100,1778597805
unknown_user,browser,Indonesia,2025-01-03,6.0,Samsung Tablet,Samsung,Electronics,view,700,1778597805
265,browser,Philippines,2026-03-27,4354.0,Backpack,Adidas,Fashion,view,100,1778597805
402,casual,Thailand,2025-07-29,27.0,Sports Shorts,Nike,Fashion,view,50,1778597805
13,browser,Thailand,2026-04-07,27.0,Sports Shorts,Nike,,invalid,50,1778597805
,browser,Thailand,2025-01-11,,Dumbbells,Decathlon,Sports,view,150,1778597805
348,browser,Malaysia,2025-09-11,2.0,Samsung Galaxy S23,Samsung,Electronics,view,1000,1778597805
191,browser,Malaysia,2025-03-29,,Dining Table,Ikea,Home,view,800,1778597805
25,browser,Singapore,2025-07-15,26.0,Backpack,Adidas,,view,100,1778597805
423,browser,Singapore,2024-10-02,66.0,Python Programming Book,O'Reilly,Books,click,-50,1778597805
4,casual,Singapore,2024-06-19,31.0,Coffee Maker,Philips,Home,view,150,1778597805
65,browser,Singapore,2025-11-21,2183.0,Makeup Kit,Maybelline,Beauty,invalid,840,1778597805
290,buyer,Vietnam,2024-12-07,22.0,Hoodie,Puma,Fashion,click,90,1778597805
166,browser,Singapore,2026-03-27,60.0,Dumbbells,Decathlon,,view,150,1778597805
127,buyer,Singapore,2024-12-26,53.0,Sunscreen,Nivea,Beauty,view,35,1778597805
316,casual,Indonesia,2025-02-16,,Sandals,Havaianas,Fashion,view,70,1778597805
309,casual,Malaysia,2025-02-20,41.0,Bed Frame,Ikea,Home,click,900,1778597805
108,browser,Philippines,2025-06-11,4932.0,Cycling Helmet,Giro,Sports,view,80,1778597805
187,browser,Singapore,2025-06-26,20.0,Jacket,Zara,Fashion,view,600,1778597805
349,casual,Malaysia,2026-01-20,45.0,Wall Clock,Generic,Home,purchase,40,1778597805
,casual,Singapore,2025-01-01,41.0,Bed Frame,Ikea,Home,view,900,1778597805
395,browser,Malaysia,2025-10-17,41.0,Bed Frame,Ikea,,view,900,1778597805
168,buyer,Malaysia,2026-03-27,,Watch,Casio,Fashion,purchase,250,1778597805
216,casual,Indonesia,2025-09-14,38.0,Toaster,Philips,Home,view,70,1778597805
225,browser,Thailand,2025-06-01,28.0,Formal Shirt,Zara,Fashion,invalid,-90,1778597805
,browser,Thailand,2026-04-06,56.0,Football,Adidas,Sports,invalid,40,1778597805
166,browser,Indonesia,2025-12-03,53.0,Sunscreen,Nivea,Beauty,view,35,1778597805
207,buyer,Malaysia,2026-01-09,34.0,Blender,Philips,Home,purchase,300,1778597805
211,browser,Malaysia,2026-03-17,,Microwave Oven,Samsung,Home,view,250,1778597805
337,buyer,Thailand,2026-01-19,3690.0,Leather Belt,Levi's,Fashion,invalid,-480,1778597805
37,browser,Indonesia,2025-08-31,3222.0,Samsung Tablet,Samsung,Electronics,view,700,1778597805
51,browser,Indonesia,2025-09-17,44.0,Curtains,Ikea,Home,view,120,1778597805
286,buyer,Indonesia,2024-09-25,42.0,Sofa,Ikea,Home,click,1200,1778597805
,browser,Philippines,2025-01-14,34.0,Blender,Philips,Home,view,100,1778597805
474,browser,Thailand,2024-11-09,45.0,Wall Clock,Generic,,view,40,1778597805
149,buyer,Singapore,2024-07-22,60.0,Dumbbells,Decathlon,Sports,view,150,1778597805
unknown_user,buyer,Singapore,2026-01-08,53.0,Sunscreen,Nivea,Beauty,invalid,35,1778597805
500,browser,Malaysia,2024-11-06,60.0,Dumbbells,Decathlon,Sports,view,150,1778597805
451,casual,Malaysia,2026-01-22,16.0,Running Shoes,Nike,Fashion,click,480,1778597805
319,browser,Philippines,2026-01-02,53.0,Sunscreen,Nivea,Beauty,view,35,1778597805
unknown_user,casual,Indonesia,2025-04-02,16.0,Running Shoes,Nike,Fashion,click,120,1778597805
179,browser,Singapore,2025-09-25,17.0,Sneakers,Adidas,Fashion,view,-150,1778597805
449,buyer,Malaysia,2026-03-07,1.0,iPhone 15,Apple,Electronics,view,1200,1778597805
298,casual,Singapore,2024-06-19,56.0,Football,Adidas,Sports,view,40,1778597805
249,browser,Thailand,2024-05-28,53.0,Sunscreen,Nivea,Beauty,view,-35,1778597805
247,browser,Malaysia,2024-08-12,,Formal Shirt,Zara,Fashion,view,-90,1778597805
165,casual,Singapore,2025-04-06,37.0,Microwave Oven,Samsung,Home,invalid,250,1778597805
226,browser,Malaysia,2026-02-18,22.0,Hoodie,Puma,Fashion,invalid,90,1778597805
326,buyer,Malaysia,2025-12-27,35.0,Rice Cooker,Panasonic,Home,view,120,1778597805
360,browser,Indonesia,2025-05-13,45.0,Wall Clock,Generic,Home,view,40,1778597805
unknown_user,casual,Malaysia,2026-01-08,4097.0,Backpack,Adidas,Fashion,invalid,100,1778597805
278,browser,Singapore,2024-10-13,27.0,Sports Shorts,Nike,Fashion,view,350,1778597805
449,casual,Malaysia,2025-01-28,30.0,Watch,Casio,Fashion,view,250,1778597805
272,buyer,Malaysia,2025-04-25,47.0,Moisturizer,Nivea,Beauty,click,-200,1778597805
22,browser,Malaysia,2024-08-31,4674.0,Cycling Helmet,Giro,Sports,view,800,1778597805
336,browser,Malaysia,2025-06-04,70.0,Self Development Book,Penguin,Books,view,40,1778597805
24,browser,Malaysia,2025-09-24,,Sunscreen,Nivea,Beauty,view,35,1778597805
196,buyer,Thailand,2026-03-09,69.0,Business Strategy Book,Harvard Press,Books,purchase,60,1778597805
208,browser,Philippines,2025-07-03,10.0,Gaming Laptop,Asus,Electronics,view,2200,1778597805
377,casual,Indonesia,2024-09-20,11.0,Mechanical Keyboard,Logitech,Electronics,view,450,1778597805
unknown_user,casual,Thailand,2025-09-09,,Smart Watch,Fitbit,Electronics,purchase,-2400,1778597805
477,buyer,Thailand,2024-08-10,22.0,Hoodie,Puma,Fashion,invalid,360,1778597805
485,buyer,Malaysia,2026-04-03,4.0,Dell XPS 13,Dell,Electronics,purchase,-1800,1778597805
82,casual,Thailand,2026-05-10,9.0,Smart Watch,Fitbit,Electronics,purchase,-400,1778597805
59,browser,Singapore,2025-05-25,45.0,Wall Clock,Generic,Home,view,40,1778597805
unknown_user,browser,Malaysia,2025-06-26,27.0,Sports Shorts,Nike,Fashion,view,50,1778597805
410,browser,Malaysia,2025-01-20,17.0,Sneakers,Adidas,Fashion,view,150,1778597805
260,casual,Indonesia,2024-08-13,66.0,Python Programming Book,O'Reilly,Books,invalid,50,1778597805
233,buyer,Malaysia,2024-07-30,,T-Shirt,Uniqlo,Fashion,view,40,1778597805
255,buyer,Malaysia,2025-12-26,20.0,Jacket,Zara,Fashion,purchase,200,1778597805
312,browser,Thailand,2025-10-09,26.0,Backpack,Adidas,Fashion,view,-100,1778597805
unknown_user,browser,Vietnam,2024-05-20,53.0,Sunscreen,Nivea,Beauty,view,210,1778597805
258,browser,Vietnam,2025-05-01,49.0,Perfume,Dior,Beauty,view,1500,1778597805
238,browser,Thailand,2024-09-15,5.0,iPad Air,Apple,Electronics,view,8100,1778597805
332,casual,Malaysia,2026-02-25,56.0,Football,Adidas,Sports,view,40,1778597805
106,casual,Malaysia,2025-12-11,69.0,Business Strategy Book,Harvard Press,Books,view,60,1778597805
97,browser,Indonesia,2025-08-30,64.0,Gym Bag,Nike,,click,90,1778597805
85,casual,Malaysia,2024-09-17,46.0,Face Cleanser,Nivea,Beauty,click,30,1778597805
464,browser,Indonesia,2024-06-14,,Jeans,Levi's,Fashion,click,240,1778597805
,browser,Vietnam,2024-07-23,49.0,Perfume,Dior,Beauty,view,150,1778597805
190,buyer,Malaysia,2024-09-09,61.0,Treadmill,Technogym,Sports,view,1500,1778597805
337,buyer,Malaysia,2025-09-25,55.0,Nail Polish,O.P.I,Beauty,purchase,45,1778597805
460,browser,Malaysia,2024-05-16,49.0,Perfume,Dior,Beauty,view,150,1778597805
397,browser,Malaysia,2025-12-06,41.0,Bed Frame,Ikea,Home,view,900,1778597805
479,browser,Malaysia,2025-01-18,49.0,Perfume,Dior,Beauty,view,150,1778597805
109,browser,Thailand,2026-01-03,66.0,Python Programming Book,O'Reilly,Books,view,50,1778597805
50,browser,Malaysia,2026-03-29,51.0,Hair Dryer,Philips,,view,800,1778597805
282,casual,Singapore,2024-11-15,13.0,4K Monitor,LG,Electronics,click,600,1778597805
310,buyer,Indonesia,2026-04-23,18.0,Jeans,Levi's,Fashion,purchase,80,1778597805
268,buyer,Malaysia,2024-06-27,25.0,Leather Belt,Levi's,Fashion,purchase,120,1778597805
unknown_user,browser,Thailand,2024-09-27,33.0,Vacuum Cleaner,Dyson,Home,view,2700,1778597805
133,casual,Indonesia,2025-07-28,42.0,Sofa,Ikea,Home,click,1200,1778597805
412,buyer,Indonesia,2024-12-24,18.0,Jeans,Levi's,,purchase,-80,1778597805
313,casual,Indonesia,2025-02-28,50.0,Shampoo,Dove,Beauty,click,20,1778597805
153,casual,Indonesia,2026-04-18,59.0,Yoga Mat,Decathlon,,invalid,-60,1778597805
,browser,Indonesia,2024-12-19,48.0,Lipstick,Maybelline,Beauty,view,25,1778597805
88,casual,Singapore,2025-03-18,16.0,Running Shoes,Nike,Fashion,click,120,1778597805
322,browser,Malaysia,2025-04-10,4.0,Dell XPS 13,Dell,Electronics,view,1800,1778597805
,buyer,Singapore,2024-08-23,50.0,Shampoo,Dove,Beauty,invalid,20,1778597805
380,casual,Singapore,2025-07-26,35.0,Rice Cooker,Panasonic,Home,view,120,1778597805
231,buyer,Indonesia,2024-07-19,13.0,4K Monitor,LG,Electronics,view,600,1778597805
,browser,Malaysia,2026-02-10,4002.0,Sports Shorts,Nike,Fashion,view,-50,1778597805
195,casual,Thailand,2025-04-04,69.0,Business Strategy Book,Harvard Press,Books,purchase,-60,1778597805
252,browser,Singapore,2025-10-02,9.0,Smart Watch,Fitbit,Electronics,view,800,1778597805
433,casual,Singapore,2024-05-24,50.0,Shampoo,Dove,Beauty,click,20,1778597805
415,casual,Malaysia,2026-01-25,16.0,Running Shoes,Nike,Fashion,click,-120,1778597805
321,casual,Malaysia,2026-03-03,53.0,Sunscreen,Nivea,Beauty,view,35,1778597805
446,browser,Indonesia,2026-01-07,19.0,T-Shirt,Uniqlo,Fashion,view,40,1778597805
335,browser,Malaysia,2025-07-05,34.0,Blender,Philips,,view,1000,1778597805
289,buyer,Malaysia,2024-08-05,10.0,Gaming Laptop,Asus,Electronics,view,2200,1778597805
425,browser,Philippines,2024-11-20,,Backpack,Adidas,Fashion,view,100,1778597805
185,browser,Malaysia,2025-06-18,29.0,Sandals,Havaianas,Fashion,view,70,1778597805
174,browser,Malaysia,2025-07-31,1584.0,Tennis Racket,Wilson,Sports,view,200,1778597805
282,browser,Thailand,2025-12-29,1814.0,Bluetooth Speaker,JBL,Electronics,view,120,1778597805
152,browser,Singapore,2025-06-13,34.0,Blender,Philips,Home,click,100,1778597805
,browser,Malaysia,2025-11-08,61.0,Treadmill,Technogym,Sports,purchase,1500,1778597805
246,browser,Malaysia,2025-01-26,63.0,Skipping Rope,Decathlon,Sports,view,20,1778597805
,browser,Singapore,2025-08-26,60.0,Dumbbells,Decathlon,Sports,view,150,1778597805
357,browser,Singapore,2024-10-17,15.0,Bluetooth Speaker,JBL,Electronics,view,120,1778597805
439,casual,Singapore,2024-08-17,61.0,Treadmill,Technogym,Sports,click,1500,1778597805
,browser,Singapore,2026-03-11,18.0,Jeans,Levi's,Fashion,view,80,1778597805
138,browser,Malaysia,2024-11-27,27.0,Sports Shorts,Nike,Fashion,view,200,1778597805
,browser,Malaysia,2026-03-24,,Cycling Helmet,Giro,,invalid,80,1778597805
,casual,Indonesia,2025-05-02,,Moisturizer,Nivea,Beauty,click,-40,1778597805
24,browser,Singapore,2025-04-21,62.0,Cycling Helmet,Giro,,view,80,1778597805
unknown_user,buyer,Thailand,2025-07-09,70.0,Self Development Book,Penguin,Books,view,40,1778597805
375,browser,Malaysia,2025-01-20,14.0,External SSD,Samsung,Electronics,view,1200,1778597805
391,buyer,Malaysia,2024-08-10,55.0,Nail Polish,O.P.I,Beauty,invalid,150,1778597805
456,buyer,Malaysia,2025-11-30,22.0,Hoodie,Puma,Fashion,purchase,-270,1778597805
16,casual,Singapore,2025-05-29,48.0,Lipstick,Maybelline,Beauty,view,25,1778597805
unknown_user,casual,Malaysia,2024-11-13,7.0,Sony Headphones,Sony,Electronics,click,300,1778597805
83,casual,Malaysia,2025-10-19,56.0,Football,Adidas,Sports,click,40,1778597805
120,browser,Philippines,2024-09-05,4.0,Dell XPS 13,Dell,Electronics,view,1800,1778597805
300,browser,Malaysia,2025-08-10,20.0,Jacket,Zara,,view,200,1778597805
unknown_user,casual,Thailand,2025-11-09,,Tennis Racket,Wilson,,view,200,1778597805
,buyer,Malaysia,2024-05-14,45.0,Wall Clock,Generic,,purchase,240,1778597805
102,casual,Vietnam,2024-08-21,57.0,Basketball,Nike,Sports,view,50,1778597805
288,buyer,Philippines,2024-07-16,5.0,iPad Air,Apple,Electronics,click,-900,1778597805
,browser,Singapore,2024-05-21,64.0,Gym Bag,Nike,Sports,view,90,1778597805
140,casual,Malaysia,2024-07-04,8.0,AirPods Pro,Apple,,view,250,1778597805
66,buyer,Singapore,2024-05-25,11.0,Mechanical Keyboard,Logitech,Electronics,click,150,1778597805
342,buyer,Malaysia,2025-08-25,37.0,Microwave Oven,Samsung,Home,purchase,250,1778597805
unknown_user,browser,Malaysia,2025-06-02,3.0,MacBook Pro,Apple,,view,2500,1778597805
449,browser,Singapore,2024-08-29,,Running Shoes,Nike,Fashion,view,120,1778597805
14,casual,Singapore,2024-10-29,55.0,Nail Polish,O.P.I,Beauty,click,15,1778597805
416,casual,Philippines,2026-01-24,,Skipping Rope,Decathlon,Sports,purchase,20,1778597805
279,browser,Thailand,2026-04-19,3.0,MacBook Pro,Apple,,purchase,2500,1778597805
186,casual,Vietnam,2025-04-07,39.0,Dining Table,Ikea,Home,invalid,-800,1778597805
,browser,Malaysia,2025-06-25,23.0,Cap,Nike,Fashion,view,30,1778597805
69,browser,Malaysia,2025-05-06,65.0,Water Bottle,Stanley,Sports,view,25,1778597805
297,buyer,Thailand,2025-03-12,21.0,Dress,H&M,Fashion,purchase,120,1778597805
,casual,Thailand,2025-09-13,33.0,Vacuum Cleaner,Dyson,Home,view,1200,1778597805
unknown_user,browser,Singapore,2026-02-07,53.0,Sunscreen,Nivea,Beauty,view,35,1778597805
264,casual,Malaysia,2025-05-16,29.0,Sandals,Havaianas,Fashion,click,70,1778597805
unknown_user,browser,Malaysia,2025-08-29,12.0,Wireless Mouse,Logitech,Electronics,view,80,1778597805
234,casual,Malaysia,2024-10-11,8.0,AirPods Pro,Apple,,invalid,250,1778597805
,casual,Singapore,2024-11-04,40.0,Office Chair,Ikea,Home,view,200,1778597805
62,casual,Thailand,2024-12-11,18.0,Jeans,Levi's,,click,80,1778597805
114,casual,Singapore,2024-08-31,,Samsung Tablet,Samsung,Electronics,click,700,1778597805
,casual,Singapore,2025-03-18,35.0,Rice Cooker,Panasonic,Home,click,120,1778597805
unknown_user,buyer,Malaysia,2025-01-14,18.0,Jeans,Levi's,Fashion,invalid,80,1778597805
270,buyer,Thailand,2025-11-04,60.0,Dumbbells,Decathlon,,purchase,-150,1778597805
unknown_user,buyer,Singapore,2026-01-12,2566.0,Shampoo,Dove,Beauty,click,20,1778597805
unknown_user,buyer,Malaysia,2025-12-17,9.0,Smart Watch,Fitbit,Electronics,click,400,1778597805
172,casual,Malaysia,2025-01-14,36.0,Electric Kettle,Tefal,Home,view,60,1778597805
34,casual,Malaysia,2026-01-11,57.0,Basketball,Nike,Sports,view,50,1778597805
378,browser,Vietnam,2026-04-20,5.0,iPad Air,Apple,Electronics,view,-900,1778597805
490,casual,Vietnam,2025-10-05,,Skipping Rope,Decathlon,Sports,view,20,1778597805
235,casual,Singapore,2024-05-17,44.0,Curtains,Ikea,Home,purchase,120,1778597805
313,buyer,Thailand,2024-11-29,67.0,Data Science Handbook,Packt,Books,purchase,490,1778597805
404,buyer,Vietnam,2024-07-30,2724.0,Skipping Rope,Decathlon,Sports,view,20,1778597805
187,browser,Thailand,2026-02-28,8.0,AirPods Pro,Apple,Electronics,view,250,1778597805
,browser,Thailand,2024-06-25,32.0,Air Fryer,Xiaomi,Home,click,180,1778597805
unknown_user,browser,Malaysia,2025-05-18,64.0,Gym Bag,Nike,Sports,purchase,90,1778597805
448,browser,Singapore,2024-09-13,29.0,Sandals,Havaianas,,view,-70,1778597805
32,browser,Philippines,2025-01-07,7.0,Sony Headphones,Sony,Electronics,click,300,1778597805
,casual,Malaysia,2024-09-10,24.0,Sunglasses,Ray-Ban,Fashion,view,1080,1778597805
56,browser,Malaysia,2026-03-08,15.0,Bluetooth Speaker,JBL,,view,120,1778597805
133,browser,Philippines,2026-05-02,27.0,Sports Shorts,Nike,Fashion,view,50,1778597805
,browser,Malaysia,2026-02-01,6.0,Samsung Tablet,Samsung,Electronics,view,2100,1778597805
,casual,Malaysia,2025-05-07,3114.0,Gym Bag,Nike,Sports,purchase,90,1778597805
273,buyer,Malaysia,2025-01-25,4516.0,Bluetooth Speaker,JBL,Electronics,view,120,1778597805
130,browser,Malaysia,2024-12-30,32.0,Air Fryer,Xiaomi,Home,view,180,1778597805
138,casual,Thailand,2025-02-03,44.0,Curtains,Ikea,Home,click,120,1778597805
unknown_user,casual,Indonesia,2025-06-07,63.0,Skipping Rope,Decathlon,Sports,view,20,1778597805
461,browser,Malaysia,2024-06-08,46.0,Face Cleanser,Nivea,Beauty,invalid,30,1778597805
455,casual,Malaysia,2024-12-09,26.0,Backpack,Adidas,,click,-100,1778597805
170,browser,Malaysia,2025-10-30,65.0,Water Bottle,Stanley,Sports,view,25,1778597805
,casual,Malaysia,2024-06-26,3844.0,iPad Air,Apple,Electronics,purchase,900,1778597805
469,browser,Malaysia,2025-06-06,66.0,Python Programming Book,O'Reilly,Books,view,50,1778597805
114,browser,Malaysia,2024-10-05,8.0,AirPods Pro,Apple,Electronics,invalid,250,1778597805
176,browser,Philippines,2025-07-05,7.0,Sony Headphones,Sony,,view,300,1778597805
91,casual,Singapore,2025-10-21,25.0,Leather Belt,Levi's,Fashion,click,60,1778597805
,browser,Malaysia,2024-07-07,64.0,Gym Bag,Nike,Sports,view,90,1778597805
96,browser,Malaysia,2024-10-01,11.0,Mechanical Keyboard,Logitech,Electronics,view,150,1778597805
unknown_user,casual,Malaysia,2026-03-15,36.0,Electric Kettle,Tefal,Home,purchase,180,1778597805
unknown_user,browser,Singapore,2025-10-28,31.0,Coffee Maker,Philips,,view,450,1778597805
416,buyer,Indonesia,2025-09-04,62.0,Cycling Helmet,Giro,Sports,purchase,80,1778597805
22,casual,Malaysia,2025-08-30,47.0,Moisturizer,Nivea,Beauty,click,40,1778597805
181,browser,Vietnam,2025-11-16,2089.0,Makeup Kit,Maybelline,Beauty,click,120,1778597805
425,browser,Philippines,2025-08-26,4911.0,Rice Cooker,Panasonic,Home,view,120,1778597805
466,buyer,Malaysia,2024-06-15,26.0,Backpack,Adidas,Fashion,purchase,100,1778597805
125,casual,Singapore,2024-09-14,40.0,Office Chair,Ikea,Home,purchase,200,1778597805
unknown_user,browser,Vietnam,2025-07-22,29.0,Sandals,Havaianas,Fashion,view,70,1778597805
290,casual,Malaysia,2026-03-20,70.0,Self Development Book,Penguin,Books,view,40,1778597805
386,browser,Thailand,2025-10-24,16.0,Running Shoes,Nike,Fashion,click,120,1778597805
330,buyer,Malaysia,2025-08-20,6.0,Samsung Tablet,Samsung,Electronics,click,700,1778597805
54,buyer,Malaysia,2025-03-29,27.0,Sports Shorts,Nike,Fashion,invalid,50,1778597805
396,casual,Malaysia,2024-06-29,53.0,Sunscreen,Nivea,Beauty,purchase,35,1778597805
,casual,Thailand,2024-06-22,,External SSD,Samsung,Electronics,click,-200,1778597805
unknown_user,casual,Thailand,2025-01-03,59.0,Yoga Mat,Decathlon,Sports,click,60,1778597805
489,browser,Indonesia,2026-03-31,3.0,MacBook Pro,Apple,Electronics,view,2500,1778597805
319,browser,Singapore,2024-11-07,40.0,Office Chair,Ikea,Home,view,200,1778597805
471,casual,Singapore,2025-05-05,4267.0,Air Fryer,Xiaomi,Home,click,180,1778597805
,browser,Malaysia,2026-01-22,12.0,Wireless Mouse,Logitech,Electronics,invalid,80,1778597805
145,browser,Malaysia,2024-05-27,45.0,Wall Clock,Generic,Home,click,40,1778597805
unknown_user,casual,Malaysia,2025-01-30,16.0,Running Shoes,Nike,Fashion,view,-120,1778597805
209,browser,Singapore,2025-02-16,18.0,Jeans,Levi's,Fashion,view,80,1778597805
,buyer,Malaysia,2025-01-17,1.0,iPhone 15,Apple,Electronics,view,1200,1778597805
129,casual,Thailand,2025-10-18,4.0,Dell XPS 13,Dell,Electronics,purchase,1800,1778597805
unknown_user,browser,Vietnam,2026-01-15,47.0,Moisturizer,Nivea,Beauty,view,80,1778597805
274,casual,Malaysia,2026-04-17,29.0,Sandals,Havaianas,Fashion,click,70,1778597805
272,browser,Malaysia,2024-10-09,2809.0,AirPods Pro,Apple,Electronics,view,250,1778597805
3,browser,Malaysia,2024-11-29,11.0,Mechanical Keyboard,Logitech,,view,150,1778597805
198,browser,Singapore,2025-01-01,34.0,Blender,Philips,,view,100,1778597805
172,buyer,Malaysia,2025-09-16,46.0,Face Cleanser,Nivea,,purchase,30,1778597805
,browser,Thailand,2026-04-24,30.0,Watch,Casio,,view,1000,1778597805
355,browser,Malaysia,2026-01-18,16.0,Running Shoes,Nike,Fashion,view,120,1778597805
,browser,Thailand,2024-06-13,49.0,Perfume,Dior,Beauty,invalid,150,1778597805
413,casual,Singapore,2025-10-26,47.0,Moisturizer,Nivea,Beauty,click,40,1778597805
453,browser,Thailand,2026-01-05,3761.0,Bluetooth Speaker,JBL,Electronics,view,120,1778597805
unknown_user,casual,Malaysia,2026-04-02,30.0,Watch,Casio,Fashion,purchase,250,1778597805
369,browser,Malaysia,2025-05-25,22.0,Hoodie,Puma,Fashion,view,90,1778597805
271,buyer,Indonesia,2026-02-27,41.0,Bed Frame,Ikea,Home,purchase,900,1778597805
,casual,Malaysia,2025-05-20,4100.0,Wireless Mouse,Logitech,,purchase,640,1778597805
383,casual,Indonesia,2025-12-17,31.0,Coffee Maker,Philips,Home,view,150,1778597805
310,casual,Malaysia,2025-11-27,38.0,Toaster,Philips,Home,view,70,1778597805
499,browser,Thailand,2025-10-22,1729.0,Dining Table,Ikea,Home,view,800,1778597805
151,browser,Singapore,2026-03-02,56.0,Football,Adidas,Sports,view,40,1778597805
145,buyer,Malaysia,2024-10-17,58.0,Tennis Racket,Wilson,Sports,view,200,1778597805
127,browser,Malaysia,2024-06-07,41.0,Bed Frame,Ikea,Home,view,-900,1778597805
,buyer,Singapore,2025-11-25,9.0,Smart Watch,Fitbit,Electronics,click,400,1778597805
133,browser,Indonesia,2025-07-30,68.0,Machine Learning Guide,O'Reilly,Books,view,80,1778597805
,casual,Indonesia,2025-05-27,17.0,Sneakers,Adidas,Fashion,click,900,1778597805
222,browser,Indonesia,2026-01-02,11.0,Mechanical Keyboard,Logitech,,view,150,1778597805
54,browser,Indonesia,2026-01-26,1.0,iPhone 15,Apple,Electronics,view,1200,1778597805
43,casual,Singapore,2025-12-27,46.0,Face Cleanser,Nivea,,view,30,1778597805
414,browser,Singapore,2025-12-13,7.0,Sony Headphones,Sony,Electronics,view,300,1778597805
280,browser,Malaysia,2026-03-25,56.0,Football,Adidas,Sports,click,40,1778597805
,buyer,Malaysia,2025-10-29,24.0,Sunglasses,Ray-Ban,Fashion,purchase,900,1778597805
51,casual,Philippines,2024-08-17,14.0,External SSD,Samsung,Electronics,view,200,1778597805
,browser,Malaysia,2025-06-18,3460.0,Sandals,Havaianas,Fashion,view,70,1778597805
335,buyer,Malaysia,2024-06-30,3218.0,Bluetooth Speaker,JBL,,click,120,1778597805
407,buyer,Singapore,2025-02-20,64.0,Gym Bag,Nike,Sports,view,90,1778597805
unknown_user,browser,Malaysia,2026-03-30,4025.0,Business Strategy Book,Harvard Press,Books,view,360,1778597805
244,browser,Thailand,2025-10-04,51.0,Hair Dryer,Philips,Beauty,purchase,80,1778597805
209,browser,Singapore,2026-01-28,50.0,Shampoo,Dove,Beauty,view,120,1778597805
463,buyer,Indonesia,2025-11-25,53.0,Sunscreen,Nivea,Beauty,purchase,35,1778597805
368,casual,Indonesia,2024-10-11,44.0,Curtains,Ikea,Home,click,600,1778597805
,buyer,Malaysia,2024-05-25,6.0,Samsung Tablet,Samsung,Electronics,click,700,1778597805
,casual,Malaysia,2025-06-10,4437.0,Business Strategy Book,Harvard Press,Books,click,540,1778597805
380,buyer,Indonesia,2025-08-02,,Curtains,Ikea,Home,purchase,120,1778597805
392,browser,Malaysia,2025-03-01,60.0,Dumbbells,Decathlon,Sports,view,-150,1778597805
105,casual,Indonesia,2024-10-19,45.0,Wall Clock,Generic,Home,purchase,40,1778597805
unknown_user,browser,Malaysia,2024-11-23,62.0,Cycling Helmet,Giro,,view,80,1778597805
499,browser,Vietnam,2024-06-12,65.0,Water Bottle,Stanley,Sports,view,25,1778597805
145,buyer,Vietnam,2025-12-28,1.0,iPhone 15,Apple,Electronics,purchase,-1200,1778597805
373,casual,Malaysia,2025-09-22,16.0,Running Shoes,Nike,Fashion,purchase,120,1778597805
287,browser,Indonesia,2026-04-21,49.0,Perfume,Dior,Beauty,view,150,1778597805
435,casual,Singapore,2025-04-05,63.0,Skipping Rope,Decathlon,Sports,view,20,1778597805
64,buyer,Malaysia,2025-09-20,35.0,Rice Cooker,Panasonic,Home,purchase,120,1778597805
270,casual,Singapore,2024-06-30,45.0,Wall Clock,Generic,Home,view,40,1778597805
,casual,Thailand,2025-11-06,2546.0,Bed Frame,Ikea,,click,7200,1778597805
475,casual,Vietnam,2026-04-24,1.0,iPhone 15,Apple,Electronics,purchase,1200,1778597805
17,casual,Malaysia,2024-11-10,62.0,Cycling Helmet,Giro,Sports,click,160,1778597805
81,casual,Singapore,2024-11-01,58.0,Tennis Racket,Wilson,Sports,click,200,1778597805
,browser,Philippines,2025-11-13,69.0,Business Strategy Book,Harvard Press,Books,view,60,1778597805
393,browser,Malaysia,2025-08-19,25.0,Leather Belt,Levi's,,click,60,1778597805
158,buyer,Malaysia,2026-03-03,22.0,Hoodie,Puma,Fashion,purchase,90,1778597805
,casual,Malaysia,2025-02-04,44.0,Curtains,Ikea,Home,invalid,720,1778597805
,browser,Malaysia,2026-03-29,4289.0,Air Fryer,Xiaomi,Home,view,180,1778597805
325,buyer,Indonesia,2025-01-17,29.0,Sandals,Havaianas,Fashion,invalid,70,1778597805
287,casual,Thailand,2026-03-15,4690.0,Toaster,Philips,Home,click,210,1778597805
72,casual,Malaysia,2025-12-19,2980.0,Body Lotion,Dove,Beauty,purchase,175,1778597805
57,browser,Singapore,2026-01-29,67.0,Data Science Handbook,Packt,,view,70,1778597805
157,buyer,Malaysia,2025-02-11,3182.0,AirPods Pro,Apple,Electronics,purchase,250,1778597805
488,casual,Malaysia,2024-05-22,26.0,Backpack,Adidas,Fashion,purchase,100,1778597805
,casual,Indonesia,2026-04-26,20.0,Jacket,Zara,Fashion,click,1000,1778597805
459,buyer,Singapore,2025-01-13,64.0,Gym Bag,Nike,Sports,view,90,1778597805
89,browser,Malaysia,2026-04-27,13.0,4K Monitor,LG,Electronics,view,600,1778597805
,browser,Malaysia,2026-04-14,62.0,Cycling Helmet,Giro,Sports,click,-80,1778597805
89,casual,Malaysia,2024-05-22,39.0,Dining Table,Ikea,Home,view,800,1778597805
266,browser,Indonesia,2024-07-06,,Self Development Book,Penguin,Books,view,40,1778597805
244,browser,Malaysia,2025-06-24,3.0,MacBook Pro,Apple,Electronics,view,15000,1778597805
265,browser,Malaysia,2025-09-28,48.0,Lipstick,Maybelline,Beauty,click,25,1778597805
488,browser,Indonesia,2024-10-02,12.0,Wireless Mouse,Logitech,Electronics,click,80,1778597805
435,casual,Indonesia,2025-01-13,2340.0,Office Chair,Ikea,Home,invalid,200,1778597805
492,browser,Malaysia,2025-06-01,7.0,Sony Headphones,Sony,Electronics,view,300,1778597805
453,browser,Malaysia,2024-09-21,2.0,Samsung Galaxy S23,Samsung,Electronics,view,1000,1778597805
165,browser,Malaysia,2025-08-30,16.0,Running Shoes,Nike,Fashion,view,120,1778597805
342,casual,Malaysia,2025-10-16,65.0,Water Bottle,Stanley,Sports,click,25,1778597805
61,casual,Vietnam,2024-07-30,60.0,Dumbbells,Decathlon,Sports,click,150,1778597805
202,casual,Thailand,2025-03-15,2.0,Samsung Galaxy S23,Samsung,Electronics,view,1000,1778597805
366,browser,Singapore,2025-04-18,25.0,Leather Belt,Levi's,Fashion,view,60,1778597805
unknown_user,browser,Philippines,2025-10-29,54.0,Body Lotion,Dove,Beauty,view,25,1778597805
,casual,Malaysia,2026-01-30,6.0,Samsung Tablet,Samsung,Electronics,view,700,1778597805
256,buyer,Malaysia,2025-03-17,23.0,Cap,Nike,Fashion,purchase,30,1778597805
,casual,Thailand,2025-07-09,3445.0,Gym Bag,Nike,Sports,view,90,1778597805
370,casual,Malaysia,2024-06-15,48.0,Lipstick,Maybelline,Beauty,view,25,1778597805
235,browser,Malaysia,2025-11-03,59.0,Yoga Mat,Decathlon,,view,-540,1778597805
462,browser,Malaysia,2025-01-10,2757.0,Blender,Philips,Home,view,100,1778597805
46,browser,Thailand,2025-12-10,51.0,Hair Dryer,Philips,Beauty,click,160,1778597805
436,browser,Philippines,2025-08-28,33.0,Vacuum Cleaner,Dyson,Home,view,300,1778597805
,buyer,Malaysia,2025-10-09,14.0,External SSD,Samsung,,click,200,1778597805
,browser,Malaysia,2026-04-04,59.0,Yoga Mat,Decathlon,Sports,purchase,60,1778597805
379,buyer,Malaysia,2024-06-13,41.0,Bed Frame,Ikea,Home,invalid,900,1778597805
358,browser,Malaysia,2024-11-07,5.0,iPad Air,Apple,Electronics,view,900,1778597805
374,buyer,Indonesia,2024-08-23,,Gym Bag,Nike,Sports,click,90,1778597805
415,buyer,Malaysia,2024-05-13,25.0,Leather Belt,Levi's,Fashion,purchase,60,1778597805
366,casual,Malaysia,2024-11-16,22.0,Hoodie,Puma,Fashion,purchase,90,1778597805
173,browser,Malaysia,2025-09-14,56.0,Football,Adidas,Sports,view,40,1778597805
unknown_user,browser,Malaysia,2024-05-23,4083.0,Makeup Kit,Maybelline,Beauty,purchase,120,1778597805
104,browser,Indonesia,2025-03-21,22.0,Hoodie,Puma,Fashion,view,90,1778597805
160,browser,Thailand,2025-11-07,19.0,T-Shirt,Uniqlo,Fashion,view,40,1778597805
unknown_user,browser,Singapore,2025-06-20,,Wall Clock,Generic,Home,view,40,1778597805
237,browser,Malaysia,2025-08-20,3883.0,Running Shoes,Nike,Fashion,view,120,1778597805
364,browser,Singapore,2025-03-26,15.0,Bluetooth Speaker,JBL,Electronics,view,120,1778597805
118,buyer,Indonesia,2025-12-29,68.0,Machine Learning Guide,O'Reilly,Books,purchase,80,1778597805
8,buyer,Malaysia,2024-11-16,23.0,Cap,Nike,Fashion,purchase,30,1778597805
291,browser,Malaysia,2024-12-18,1.0,iPhone 15,Apple,Electronics,view,1200,1778597805
,casual,Malaysia,2025-05-11,14.0,External SSD,Samsung,Electronics,purchase,200,1778597805
25,casual,Indonesia,2024-07-26,36.0,Electric Kettle,Tefal,Home,click,60,1778597805
392,browser,Vietnam,2024-07-17,18.0,Jeans,Levi's,Fashion,view,480,1778597805
unknown_user,browser,Indonesia,2025-06-27,50.0,Shampoo,Dove,Beauty,click,20,1778597805
496,browser,Philippines,2025-02-07,4.0,Dell XPS 13,Dell,Electronics,view,1800,1778597805
367,browser,Malaysia,2025-07-04,60.0,Dumbbells,Decathlon,Sports,view,450,1778597805
162,browser,Malaysia,2025-05-25,4.0,Dell XPS 13,Dell,Electronics,click,-1800,1778597805
284,browser,Thailand,2025-06-07,67.0,Data Science Handbook,Packt,Books,view,70,1778597805
462,browser,Malaysia,2025-06-05,2377.0,Jeans,Levi's,Fashion,click,80,1778597805
unknown_user,browser,Indonesia,2025-07-17,37.0,Microwave Oven,Samsung,,view,250,1778597805
181,casual,Malaysia,2024-07-10,2831.0,Cap,Nike,Fashion,click,30,1778597805
328,casual,Thailand,2025-02-21,8.0,AirPods Pro,Apple,Electronics,view,250,1778597805
149,browser,Malaysia,2025-11-27,62.0,Cycling Helmet,Giro,Sports,click,80,1778597805
496,browser,Vietnam,2024-06-21,69.0,Business Strategy Book,Harvard Press,Books,view,360,1778597805
47,browser,Thailand,2026-04-17,14.0,External SSD,Samsung,Electronics,view,200,1778597805
46,browser,Malaysia,2024-12-04,10.0,Gaming Laptop,Asus,Electronics,view,2200,1778597805
436,buyer,Malaysia,2024-10-23,9.0,Smart Watch,Fitbit,Electronics,click,3200,1778597805
477,browser,Malaysia,2024-09-02,66.0,Python Programming Book,O'Reilly,Books,view,50,1778597805
192,browser,Indonesia,2025-03-14,52.0,Makeup Kit,Maybelline,Beauty,view,360,1778597805
145,casual,Singapore,2024-11-28,47.0,Moisturizer,Nivea,,view,280,1778597805
89,casual,Malaysia,2025-03-15,27.0,Sports Shorts,Nike,,invalid,50,1778597805
414,casual,Malaysia,2025-04-18,25.0,Leather Belt,Levi's,,view,60,1778597805
211,casual,Malaysia,2025-10-04,,Running Shoes,Nike,,view,120,1778597805
446,casual,Malaysia,2024-07-25,10.0,Gaming Laptop,Asus,Electronics,view,2200,1778597805
205,casual,Malaysia,2026-02-13,68.0,Machine Learning Guide,O'Reilly,Books,click,80,1778597805
152,browser,Thailand,2025-03-03,35.0,Rice Cooker,Panasonic,Home,purchase,120,1778597805
217,browser,Singapore,2025-11-29,35.0,Rice Cooker,Panasonic,Home,invalid,480,1778597805
,casual,Malaysia,2025-01-27,37.0,Microwave Oven,Samsung,Home,purchase,250,1778597805
284,casual,Malaysia,2026-03-26,7.0,Sony Headphones,Sony,Electronics,view,-2700,1778597805
401,browser,Singapore,2024-05-23,6.0,Samsung Tablet,Samsung,Electronics,view,-700,1778597805
305,browser,Thailand,2024-10-20,,Bluetooth Speaker,JBL,Electronics,purchase,240,1778597805
284,browser,Singapore,2025-06-18,48.0,Lipstick,Maybelline,Beauty,click,25,1778597805
286,browser,Malaysia,2025-07-07,66.0,Python Programming Book,O'Reilly,Books,view,50,1778597805
246,buyer,Singapore,2024-11-06,52.0,Makeup Kit,Maybelline,Beauty,click,120,1778597805
unknown_user,buyer,Malaysia,2026-04-08,20.0,Jacket,Zara,,click,200,1778597805
64,browser,Singapore,2025-11-29,67.0,Data Science Handbook,Packt,Books,view,70,1778597805
387,buyer,Malaysia,2024-06-06,1559.0,Mechanical Keyboard,Logitech,Electronics,purchase,150,1778597805
23,browser,Malaysia,2024-11-26,11.0,Mechanical Keyboard,Logitech,Electronics,view,150,1778597805
190,casual,Thailand,2024-11-15,31.0,Coffee Maker,Philips,Home,view,-150,1778597805
488,browser,Malaysia,2024-06-20,28.0,Formal Shirt,Zara,Fashion,view,720,1778597805
467,browser,Singapore,2026-05-11,25.0,Leather Belt,Levi's,Fashion,view,60,1778597805
349,casual,Indonesia,2025-07-21,3752.0,Cycling Helmet,Giro,Sports,view,80,1778597805
,browser,Indonesia,2026-03-24,,Wall Clock,Generic,Home,view,40,1778597805
166,browser,Malaysia,2026-03-04,61.0,Treadmill,Technogym,Sports,view,1500,1778597805
163,casual,Malaysia,2025-02-03,10.0,Gaming Laptop,Asus,Electronics,view,2200,1778597805
269,buyer,Malaysia,2025-09-10,5.0,iPad Air,Apple,Electronics,purchase,900,1778597805
285,casual,Indonesia,2024-05-28,64.0,Gym Bag,Nike,Sports,view,90,1778597805
362,casual,Singapore,2025-07-21,68.0,Machine Learning Guide,O'Reilly,,invalid,80,1778597805
125,browser,Indonesia,2025-01-28,57.0,Basketball,Nike,Sports,view,50,1778597805
272,browser,Indonesia,2025-05-14,42.0,Sofa,Ikea,Home,purchase,1200,1778597805
,buyer,Malaysia,2026-04-17,69.0,Business Strategy Book,Harvard Press,Books,click,60,1778597805
,casual,Thailand,2026-03-17,62.0,Cycling Helmet,Giro,Sports,click,80,1778597805
2,browser,Indonesia,2025-05-26,9.0,Smart Watch,Fitbit,Electronics,invalid,3600,1778597805
179,browser,Malaysia,2026-04-08,19.0,T-Shirt,Uniqlo,Fashion,view,40,1778597805
407,browser,Thailand,2024-11-08,48.0,Lipstick,Maybelline,,view,25,1778597805
433,browser,Philippines,2024-10-14,5.0,iPad Air,Apple,,click,900,1778597805
13,casual,Indonesia,2026-05-01,64.0,Gym Bag,Nike,Sports,view,90,1778597805
150,casual,Indonesia,2025-01-23,52.0,Makeup Kit,Maybelline,Beauty,click,720,1778597805
,browser,Thailand,2026-04-28,45.0,Wall Clock,Generic,Home,view,40,1778597805
495,browser,Malaysia,2026-02-01,69.0,Business Strategy Book,Harvard Press,Books,view,60,1778597805
72,casual,Malaysia,2025-09-24,49.0,Perfume,Dior,,invalid,150,1778597805
20,browser,Singapore,2025-02-17,52.0,Makeup Kit,Maybelline,Beauty,purchase,720,1778597805
326,casual,Malaysia,2024-06-26,38.0,Toaster,Philips,Home,view,70,1778597805
106,browser,Thailand,2025-04-26,,Sunglasses,Ray-Ban,,invalid,-180,1778597805
387,browser,Philippines,2024-12-14,4498.0,T-Shirt,Uniqlo,Fashion,invalid,40,1778597805
358,browser,Singapore,2025-11-25,67.0,Data Science Handbook,Packt,Books,view,70,1778597805
unknown_user,casual,Philippines,2026-04-13,,Office Chair,Ikea,Home,view,200,1778597805
351,casual,Malaysia,2024-10-14,61.0,Treadmill,Technogym,Sports,click,10500,1778597805
360,browser,Singapore,2026-02-14,49.0,Perfume,Dior,Beauty,view,150,1778597805
141,browser,Malaysia,2026-02-25,36.0,Electric Kettle,Tefal,Home,view,-60,1778597805
369,buyer,Indonesia,2026-01-14,22.0,Hoodie,Puma,Fashion,invalid,90,1778597805
271,casual,Malaysia,2025-03-30,62.0,Cycling Helmet,Giro,Sports,click,80,1778597805
471,buyer,Thailand,2025-09-25,17.0,Sneakers,Adidas,Fashion,purchase,150,1778597805
389,buyer,Malaysia,2026-03-18,50.0,Shampoo,Dove,Beauty,purchase,-20,1778597805
,browser,Vietnam,2025-09-13,1189.0,Water Bottle,Stanley,Sports,view,25,1778597805
,browser,Malaysia,2024-09-13,64.0,Gym Bag,Nike,Sports,view,90,1778597805
87,browser,Singapore,2026-02-03,10.0,Gaming Laptop,Asus,Electronics,invalid,2200,1778597805
,browser,Indonesia,2025-08-27,23.0,Cap,Nike,Fashion,view,30,1778597805
50,browser,Philippines,2024-06-07,9.0,Smart Watch,Fitbit,Electronics,view,400,1778597805
149,casual,Malaysia,2024-08-05,28.0,Formal Shirt,Zara,Fashion,invalid,90,1778597805
160,browser,Philippines,2024-11-05,57.0,Basketball,Nike,Sports,view,50,1778597805
unknown_user,buyer,Malaysia,2024-06-06,5.0,iPad Air,Apple,Electronics,view,900,1778597805
338,browser,Malaysia,2024-12-24,65.0,Water Bottle,Stanley,Sports,invalid,25,1778597805
212,browser,Indonesia,2025-05-14,31.0,Coffee Maker,Philips,Home,invalid,150,1778597805
307,casual,Philippines,2025-05-15,25.0,Leather Belt,Levi's,Fashion,view,60,1778597805
493,browser,Malaysia,2026-01-26,30.0,Watch,Casio,Fashion,click,2250,1778597805
unknown_user,browser,Indonesia,2026-03-29,37.0,Microwave Oven,Samsung,Home,click,250,1778597805
78,browser,Thailand,2025-03-16,14.0,External SSD,Samsung,Electronics,view,200,1778597805
303,buyer,Indonesia,2025-05-21,,Leather Belt,Levi's,Fashion,purchase,60,1778597805
234,browser,Singapore,2026-04-02,54.0,Body Lotion,Dove,Beauty,view,25,1778597805
44,casual,Indonesia,2024-09-15,54.0,Body Lotion,Dove,Beauty,click,100,1778597805
365,casual,Malaysia,2025-08-27,32.0,Air Fryer,Xiaomi,Home,view,180,1778597805
,browser,Malaysia,2024-08-31,,Data Science Handbook,Packt,Books,view,70,1778597805
86,browser,Indonesia,2025-08-13,21.0,Dress,H&M,Fashion,view,-120,1778597805
117,browser,Thailand,2025-05-12,14.0,External SSD,Samsung,Electronics,click,200,1778597805
unknown_user,browser,Malaysia,2024-07-22,37.0,Microwave Oven,Samsung,Home,invalid,250,1778597805
348,buyer,Thailand,2024-09-08,30.0,Watch,Casio,,purchase,250,1778597805
unknown_user,casual,Philippines,2025-01-19,14.0,External SSD,Samsung,Electronics,view,200,1778597805
363,casual,Indonesia,2026-02-22,61.0,Treadmill,Technogym,Sports,invalid,1500,1778597805
348,browser,Indonesia,2026-03-01,46.0,Face Cleanser,Nivea,Beauty,view,30,1778597805
,browser,Singapore,2025-02-21,24.0,Sunglasses,Ray-Ban,Fashion,view,180,1778597805
436,browser,Thailand,2025-11-24,2990.0,Sunscreen,Nivea,Beauty,click,35,1778597805
453,casual,Thailand,2026-01-06,19.0,T-Shirt,Uniqlo,Fashion,purchase,40,1778597805
471,buyer,Vietnam,2025-12-17,52.0,Makeup Kit,Maybelline,Beauty,purchase,120,1778597805
,casual,Vietnam,2025-02-19,17.0,Sneakers,Adidas,Fashion,view,150,1778597805
111,browser,Philippines,2024-06-28,45.0,Wall Clock,Generic,Home,purchase,40,1778597805
356,browser,Malaysia,2025-05-08,14.0,External SSD,Samsung,Electronics,view,200,1778597805
223,browser,Malaysia,2024-10-27,19.0,T-Shirt,Uniqlo,Fashion,purchase,200,1778597805
25,browser,Malaysia,2024-11-14,60.0,Dumbbells,Decathlon,Sports,view,150,1778597805
unknown_user,browser,Singapore,2025-05-03,15.0,Bluetooth Speaker,JBL,Electronics,view,120,1778597805
unknown_user,browser,Malaysia,2025-02-19,69.0,Business Strategy Book,Harvard Press,Books,view,60,1778597805
46,browser,Indonesia,2024-08-29,53.0,Sunscreen,Nivea,,view,35,1778597805
17,browser,Singapore,2025-10-25,4641.0,Air Fryer,Xiaomi,Home,invalid,180,1778597805
68,browser,Malaysia,2024-07-03,,Hoodie,Puma,Fashion,view,720,1778597805
457,browser,Malaysia,2025-12-15,16.0,Running Shoes,Nike,Fashion,view,120,1778597805
61,buyer,Malaysia,2026-02-21,33.0,Vacuum Cleaner,Dyson,Home,invalid,2700,1778597805
184,buyer,Singapore,2026-01-22,3793.0,Water Bottle,Stanley,Sports,purchase,125,1778597805
449,casual,Malaysia,2025-03-06,21.0,Dress,H&M,Fashion,click,120,1778597805
unknown_user,browser,Malaysia,2024-12-13,53.0,Sunscreen,Nivea,,invalid,-35,1778597805
154,browser,Malaysia,2025-08-10,58.0,Tennis Racket,Wilson,Sports,view,-2000,1778597805
142,casual,Malaysia,2025-05-03,36.0,Electric Kettle,Tefal,Home,view,60,1778597805
198,buyer,Singapore,2024-11-08,17.0,Sneakers,Adidas,Fashion,view,150,1778597805
19,buyer,Thailand,2025-10-31,1.0,iPhone 15,Apple,Electronics,purchase,9600,1778597805
259,browser,Thailand,2024-07-25,12.0,Wireless Mouse,Logitech,Electronics,view,80,1778597805
unknown_user,casual,Thailand,2025-11-03,48.0,Lipstick,Maybelline,Beauty,view,25,1778597805
97,casual,Vietnam,2025-02-19,50.0,Shampoo,Dove,Beauty,purchase,20,1778597805
487,browser,Singapore,2025-02-22,3270.0,Makeup Kit,Maybelline,Beauty,view,120,1778597805
349,casual,Singapore,2025-08-22,39.0,Dining Table,Ikea,Home,purchase,800,1778597805
98,casual,Singapore,2025-01-25,60.0,Dumbbells,Decathlon,Sports,invalid,150,1778597805
156,browser,Malaysia,2025-06-09,38.0,Toaster,Philips,Home,invalid,280,1778597805
,buyer,Thailand,2025-04-02,54.0,Body Lotion,Dove,,purchase,200,1778597805
unknown_user,browser,Singapore,2026-02-17,6.0,Samsung Tablet,Samsung,Electronics,view,-7000,1778597805
373,browser,Malaysia,2026-03-09,32.0,Air Fryer,Xiaomi,Home,view,1440,1778597805
203,browser,Indonesia,2025-01-04,,Face Cleanser,Nivea,Beauty,view,30,1778597805
274,browser,Malaysia,2026-02-07,31.0,Coffee Maker,Philips,Home,view,150,1778597805
122,casual,Thailand,2024-06-03,24.0,Sunglasses,Ray-Ban,Fashion,purchase,1260,1778597805
,browser,Thailand,2024-06-02,49.0,Perfume,Dior,,invalid,150,1778597805
,browser,Philippines,2024-06-24,38.0,Toaster,Philips,Home,invalid,70,1778597805
470,buyer,Thailand,2025-10-18,1060.0,AirPods Pro,Apple,Electronics,click,250,1778597805
478,browser,Indonesia,2026-01-25,2986.0,Vacuum Cleaner,Dyson,Home,view,300,1778597805
194,buyer,Singapore,2025-06-01,58.0,Tennis Racket,Wilson,Sports,purchase,200,1778597805
,casual,Malaysia,2025-01-18,3.0,MacBook Pro,Apple,Electronics,purchase,2500,1778597805
197,buyer,Philippines,2024-12-17,15.0,Bluetooth Speaker,JBL,Electronics,purchase,120,1778597805
282,browser,Malaysia,2025-08-19,8.0,AirPods Pro,Apple,Electronics,click,250,1778597805
225,browser,Thailand,2026-03-31,3851.0,Sports Shorts,Nike,Fashion,view,50,1778597805
46,buyer,Indonesia,2025-10-30,2897.0,Desk Lamp,Philips,Home,click,150,1778597805
107,buyer,Malaysia,2024-07-30,52.0,Makeup Kit,Maybelline,Beauty,view,120,1778597805
478,buyer,Malaysia,2024-06-26,23.0,Cap,Nike,,click,30,1778597805
61,browser,Vietnam,2025-01-17,8.0,AirPods Pro,Apple,Electronics,view,250,1778597805
223,casual,Singapore,2026-02-25,,Blender,Philips,,view,1000,1778597805
429,casual,Singapore,2024-10-22,13.0,4K Monitor,LG,Electronics,invalid,3000,1778597805
91,browser,Singapore,2024-07-30,36.0,Electric Kettle,Tefal,Home,view,60,1778597805
321,browser,Malaysia,2024-10-28,48.0,Lipstick,Maybelline,Beauty,view,225,1778597805
198,browser,Thailand,2024-12-02,49.0,Perfume,Dior,Beauty,purchase,150,1778597805
357,browser,Thailand,2025-09-30,41.0,Bed Frame,Ikea,Home,view,900,1778597805
330,buyer,Malaysia,2025-12-22,1.0,iPhone 15,Apple,Electronics,click,1200,1778597805
103,browser,Malaysia,2024-07-21,26.0,Backpack,Adidas,Fashion,purchase,100,1778597805
179,browser,Malaysia,2024-08-04,32.0,Air Fryer,Xiaomi,Home,view,180,1778597805
,casual,Indonesia,2025-05-02,66.0,Python Programming Book,O'Reilly,Books,purchase,250,1778597805
264,browser,Singapore,2024-12-29,3294.0,Office Chair,Ikea,Home,purchase,200,1778597805
316,browser,Singapore,2025-06-15,40.0,Office Chair,Ikea,Home,view,200,1778597805
182,browser,Singapore,2025-02-28,54.0,Body Lotion,Dove,Beauty,view,25,1778597805
319,casual,Singapore,2024-06-11,22.0,Hoodie,Puma,Fashion,purchase,90,1778597805
384,casual,Thailand,2025-09-27,70.0,Self Development Book,Penguin,,purchase,40,1778597805
348,browser,Thailand,2024-07-10,16.0,Running Shoes,Nike,Fashion,view,-120,1778597805
,browser,Singapore,2024-12-03,10.0,Gaming Laptop,Asus,Electronics,view,2200,1778597805
344,browser,Singapore,2025-07-28,,Basketball,Nike,Sports,invalid,450,1778597805
,browser,Thailand,2026-03-04,8.0,AirPods Pro,Apple,,click,-250,1778597805
377,buyer,Malaysia,2024-09-10,54.0,Body Lotion,Dove,Beauty,purchase,25,1778597805
130,buyer,Thailand,2024-10-19,2953.0,Blender,Philips,Home,view,100,1778597805
127,browser,Malaysia,2024-08-31,42.0,Sofa,Ikea,Home,invalid,1200,1778597805
196,browser,Malaysia,2025-07-02,19.0,T-Shirt,Uniqlo,Fashion,view,40,1778597805
111,casual,Malaysia,2025-04-07,39.0,Dining Table,Ikea,Home,view,800,1778597805
459,casual,Singapore,2024-11-19,3273.0,Coffee Maker,Philips,,view,150,1778597805
206,browser,Philippines,2025-06-07,1476.0,iPhone 15,Apple,Electronics,view,1200,1778597805
360,casual,Malaysia,2026-03-04,40.0,Office Chair,Ikea,Home,invalid,200,1778597805
unknown_user,browser,Singapore,2024-11-25,,T-Shirt,Uniqlo,Fashion,view,40,1778597805
14,buyer,Vietnam,2026-02-14,,Shampoo,Dove,,invalid,20,1778597805
265,casual,Malaysia,2024-11-22,26.0,Backpack,Adidas,Fashion,view,-100,1778597805
412,buyer,Malaysia,2025-09-28,12.0,Wireless Mouse,Logitech,Electronics,purchase,-80,1778597805
185,casual,Malaysia,2025-01-25,3.0,MacBook Pro,Apple,Electronics,view,17500,1778597805
50,browser,Malaysia,2026-03-27,56.0,Football,Adidas,Sports,invalid,40,1778597805
372,casual,Malaysia,2025-07-05,2728.0,Tennis Racket,Wilson,Sports,purchase,200,1778597805
,browser,Indonesia,2026-05-04,46.0,Face Cleanser,Nivea,Beauty,view,30,1778597805
435,casual,Singapore,2025-11-12,57.0,Basketball,Nike,Sports,view,50,1778597805
240,casual,Malaysia,2026-04-24,3.0,MacBook Pro,Apple,Electronics,view,2500,1778597805
415,browser,Malaysia,2025-10-04,,Sunglasses,Ray-Ban,,view,180,1778597805
,browser,Malaysia,2025-09-19,,Lipstick,Maybelline,Beauty,view,225,1778597805
466,buyer,Singapore,2026-01-14,7.0,Sony Headphones,Sony,Electronics,click,300,1778597805
496,browser,Vietnam,2025-09-11,26.0,Backpack,Adidas,,click,100,1778597805
unknown_user,casual,Singapore,2025-02-19,52.0,Makeup Kit,Maybelline,Beauty,view,120,1778597805
488,browser,Malaysia,2025-12-12,39.0,Dining Table,Ikea,Home,click,800,1778597805
,browser,Thailand,2025-10-16,,Curtains,Ikea,Home,view,120,1778597805
459,browser,Malaysia,2026-01-23,2639.0,Data Science Handbook,Packt,Books,view,70,1778597805
unknown_user,browser,Indonesia,2024-11-17,4862.0,Gaming Laptop,Asus,Electronics,view,4400,1778597805
318,browser,Malaysia,2025-03-25,16.0,Running Shoes,Nike,Fashion,view,120,1778597805
unknown_user,browser,Thailand,2024-12-31,18.0,Jeans,Levi's,Fashion,click,80,1778597805
107,browser,Malaysia,2026-03-09,6.0,Samsung Tablet,Samsung,Electronics,view,700,1778597805
,browser,Thailand,2024-05-24,5.0,iPad Air,Apple,Electronics,view,900,1778597805
225,buyer,Thailand,2025-12-03,1841.0,Sunglasses,Ray-Ban,Fashion,click,180,1778597805
424,browser,Indonesia,2025-03-04,36.0,Electric Kettle,Tefal,Home,view,60,1778597805
469,browser,Indonesia,2026-02-07,12.0,Wireless Mouse,Logitech,Electronics,view,80,1778597805
305,browser,Singapore,2024-11-13,49.0,Perfume,Dior,Beauty,view,150,1778597805
,buyer,Indonesia,2025-04-05,13.0,4K Monitor,LG,Electronics,view,600,1778597805
360,casual,Thailand,2026-03-31,4064.0,Running Shoes,Nike,Fashion,view,120,1778597805
472,casual,Malaysia,2024-09-13,,Formal Shirt,Zara,Fashion,view,90,1778597805
,buyer,Indonesia,2026-04-14,37.0,Microwave Oven,Samsung,Home,purchase,250,1778597805
unknown_user,buyer,Indonesia,2025-08-29,55.0,Nail Polish,O.P.I,,click,15,1778597805
268,casual,Thailand,2024-06-02,54.0,Body Lotion,Dove,Beauty,view,-25,1778597805
45,browser,Philippines,2025-07-24,26.0,Backpack,Adidas,Fashion,click,100,1778597805
315,browser,Malaysia,2025-04-14,13.0,4K Monitor,LG,Electronics,view,600,1778597805
258,browser,Malaysia,2024-08-26,21.0,Dress,H&M,Fashion,view,120,1778597805
,casual,Singapore,2024-12-03,37.0,Microwave Oven,Samsung,,view,250,1778597805
300,buyer,Malaysia,2026-01-03,16.0,Running Shoes,Nike,Fashion,click,120,1778597805
unknown_user,browser,Malaysia,2024-05-25,46.0,Face Cleanser,Nivea,Beauty,click,300,1778597805
unknown_user,casual,Malaysia,2025-01-02,1.0,iPhone 15,Apple,Electronics,view,1200,1778597805
141,browser,Malaysia,2026-03-09,,Bluetooth Speaker,JBL,Electronics,view,120,1778597805
,browser,Singapore,2024-07-22,45.0,Wall Clock,Generic,Home,view,40,1778597805
498,browser,Malaysia,2025-02-03,2379.0,Mechanical Keyboard,Logitech,Electronics,view,150,1778597805
400,browser,Malaysia,2026-03-17,38.0,Toaster,Philips,Home,view,70,1778597805
25,buyer,Thailand,2025-12-22,44.0,Curtains,Ikea,Home,invalid,120,1778597805
24,casual,Thailand,2024-05-15,51.0,Hair Dryer,Philips,Beauty,invalid,80,1778597805
118,buyer,Malaysia,2024-12-05,8.0,AirPods Pro,Apple,Electronics,purchase,250,1778597805
222,casual,Singapore,2025-11-03,44.0,Curtains,Ikea,Home,click,120,1778597805
110,browser,Malaysia,2026-01-28,58.0,Tennis Racket,Wilson,Sports,invalid,200,1778597805
493,casual,Indonesia,2024-12-14,15.0,Bluetooth Speaker,JBL,Electronics,click,120,1778597805
349,casual,Thailand,2025-03-14,,Rice Cooker,Panasonic,Home,click,480,1778597805
191,browser,Malaysia,2026-02-03,11.0,Mechanical Keyboard,Logitech,Electronics,click,150,1778597805
4,browser,Malaysia,2024-09-22,35.0,Rice Cooker,Panasonic,Home,invalid,120,1778597805
330,browser,Thailand,2025-04-14,,Gym Bag,Nike,Sports,view,90,1778597805
234,browser,Singapore,2026-04-08,20.0,Jacket,Zara,Fashion,view,200,1778597805
293,browser,Malaysia,2026-01-16,3421.0,Sports Shorts,Nike,Fashion,view,50,1778597805
unknown_user,browser,Malaysia,2025-07-14,61.0,Treadmill,Technogym,Sports,purchase,1500,1778597805
380,buyer,Singapore,2024-10-14,42.0,Sofa,Ikea,,purchase,1200,1778597805
224,browser,Vietnam,2024-09-26,6.0,Samsung Tablet,Samsung,Electronics,view,700,1778597805
unknown_user,browser,Malaysia,2026-02-28,47.0,Moisturizer,Nivea,Beauty,view,40,1778597805
190,browser,Singapore,2026-05-05,1266.0,Perfume,Dior,Beauty,view,150,1778597805
404,browser,Malaysia,2025-04-24,68.0,Machine Learning Guide,O'Reilly,Books,view,80,1778597805
438,buyer,Singapore,2024-08-18,32.0,Air Fryer,Xiaomi,Home,view,180,1778597805
456,browser,Indonesia,2025-03-27,64.0,Gym Bag,Nike,Sports,purchase,90,1778597805
unknown_user,browser,Thailand,2024-11-24,24.0,Sunglasses,Ray-Ban,,click,180,1778597805
415,casual,Singapore,2025-05-19,11.0,Mechanical Keyboard,Logitech,,view,150,1778597805
222,buyer,Malaysia,2025-08-03,21.0,Dress,H&M,Fashion,click,120,1778597805
163,browser,Malaysia,2024-10-18,64.0,Gym Bag,Nike,Sports,view,90,1778597805
260,casual,Malaysia,2025-06-03,,Cap,Nike,Fashion,view,30,1778597805
289,buyer,Malaysia,2025-03-02,65.0,Water Bottle,Stanley,Sports,click,25,1778597805
225,casual,Thailand,2025-09-24,32.0,Air Fryer,Xiaomi,Home,invalid,180,1778597805
392,browser,Indonesia,2025-11-12,20.0,Jacket,Zara,Fashion,view,200,1778597805
189,casual,Indonesia,2024-07-28,69.0,Business Strategy Book,Harvard Press,Books,invalid,420,1778597805
40,browser,Vietnam,2025-06-10,,Moisturizer,Nivea,Beauty,view,-40,1778597805
121,casual,Malaysia,2024-08-11,52.0,Makeup Kit,Maybelline,Beauty,view,120,1778597805
467,buyer,Malaysia,2025-06-30,7.0,Sony Headphones,Sony,Electronics,purchase,300,1778597805
36,browser,Malaysia,2024-11-12,65.0,Water Bottle,Stanley,Sports,view,25,1778597805
328,casual,Malaysia,2025-05-26,57.0,Basketball,Nike,Sports,view,50,1778597805
,buyer,Malaysia,2024-06-09,5.0,iPad Air,Apple,Electronics,purchase,-900,1778597805
72,buyer,Malaysia,2025-11-03,33.0,Vacuum Cleaner,Dyson,Home,purchase,300,1778597805
299,buyer,Thailand,2024-07-06,66.0,Python Programming Book,O'Reilly,Books,purchase,400,1778597805
55,casual,Malaysia,2024-10-08,,Leather Belt,Levi's,,click,60,1778597805
unknown_user,buyer,Malaysia,2025-11-11,34.0,Blender,Philips,Home,view,100,1778597805
unknown_user,buyer,Malaysia,2025-11-24,68.0,Machine Learning Guide,O'Reilly,Books,purchase,80,1778597805
419,browser,Malaysia,2026-02-25,60.0,Dumbbells,Decathlon,,view,150,1778597805
457,browser,Malaysia,2024-10-25,,Moisturizer,Nivea,,view,40,1778597805
128,browser,Singapore,2024-11-03,64.0,Gym Bag,Nike,Sports,invalid,900,1778597805
55,browser,Malaysia,2025-06-03,60.0,Dumbbells,Decathlon,,invalid,150,1778597805
212,browser,Malaysia,2025-09-30,13.0,4K Monitor,LG,Electronics,view,600,1778597805
468,buyer,Vietnam,2024-09-19,61.0,Treadmill,Technogym,Sports,purchase,1500,1778597805
281,browser,Malaysia,2026-03-14,32.0,Air Fryer,Xiaomi,Home,view,180,1778597805
unknown_user,buyer,Thailand,2024-12-07,,Yoga Mat,Decathlon,Sports,purchase,60,1778597805
304,casual,Thailand,2026-04-18,48.0,Lipstick,Maybelline,Beauty,invalid,25,1778597805
419,buyer,Indonesia,2024-10-31,3.0,MacBook Pro,Apple,Electronics,purchase,2500,1778597805
385,browser,Malaysia,2026-02-09,1000.0,iPad Air,Apple,,view,900,1778597805
245,browser,Malaysia,2026-03-04,18.0,Jeans,Levi's,,click,80,1778597805
217,casual,Malaysia,2025-10-12,65.0,Water Bottle,Stanley,Sports,purchase,25,1778597805
6,casual,Vietnam,2025-04-10,30.0,Watch,Casio,Fashion,purchase,2250,1778597805
,buyer,Thailand,2024-08-24,64.0,Gym Bag,Nike,Sports,view,630,1778597805
unknown_user,browser,Thailand,2024-12-02,19.0,T-Shirt,Uniqlo,Fashion,invalid,280,1778597805
445,casual,Malaysia,2026-04-13,53.0,Sunscreen,Nivea,Beauty,click,35,1778597805
unknown_user,browser,Vietnam,2025-05-11,34.0,Blender,Philips,Home,click,100,1778597805
447,browser,Indonesia,2024-09-29,19.0,T-Shirt,Uniqlo,Fashion,view,40,1778597805
231,browser,Malaysia,2025-08-08,64.0,Gym Bag,Nike,Sports,click,90,1778597805
unknown_user,buyer,Singapore,2024-08-09,56.0,Football,Adidas,Sports,purchase,-40,1778597805
199,casual,Thailand,2024-09-26,68.0,Machine Learning Guide,O'Reilly,Books,invalid,560,1778597805
93,browser,Singapore,2024-07-26,20.0,Jacket,Zara,Fashion,view,200,1778597805
24,casual,Singapore,2025-07-31,2281.0,Basketball,Nike,,purchase,50,1778597805
64,browser,Thailand,2024-08-20,7.0,Sony Headphones,Sony,Electronics,view,1200,1778597805
33,casual,Philippines,2025-02-18,42.0,Sofa,Ikea,Home,view,1200,1778597805
unknown_user,browser,Philippines,2025-04-20,18.0,Jeans,Levi's,Fashion,view,-80,1778597805
365,buyer,Malaysia,2024-08-13,52.0,Makeup Kit,Maybelline,Beauty,purchase,-120,1778597805
409,browser,Malaysia,2025-08-02,50.0,Shampoo,Dove,Beauty,view,20,1778597805
127,buyer,Thailand,2025-02-09,16.0,Running Shoes,Nike,Fashion,click,120,1778597805
unknown_user,browser,Thailand,2024-11-21,21.0,Dress,H&M,Fashion,click,120,1778597805
,casual,Malaysia,2025-04-09,65.0,Water Bottle,Stanley,Sports,view,25,1778597805
414,casual,Singapore,2025-10-13,45.0,Wall Clock,Generic,Home,invalid,40,1778597805
45,browser,Malaysia,2026-04-04,31.0,Coffee Maker,Philips,Home,view,150,1778597805
99,browser,Singapore,2025-08-24,19.0,T-Shirt,Uniqlo,Fashion,view,-360,1778597805
341,browser,Thailand,2025-07-18,57.0,Basketball,Nike,Sports,view,50,1778597805
13,browser,Singapore,2024-12-30,69.0,Business Strategy Book,Harvard Press,Books,view,60,1778597805
386,browser,Malaysia,2025-10-25,60.0,Dumbbells,Decathlon,,view,150,1778597805
144,buyer,Malaysia,2025-06-08,58.0,Tennis Racket,Wilson,Sports,purchase,200,1778597805
271,casual,Malaysia,2024-09-06,,Body Lotion,Dove,Beauty,purchase,25,1778597805
unknown_user,casual,Malaysia,2025-04-25,54.0,Body Lotion,Dove,Beauty,view,25,1778597805
5,casual,Thailand,2025-03-06,55.0,Nail Polish,O.P.I,Beauty,click,75,1778597805
,casual,Singapore,2024-08-13,,Gaming Laptop,Asus,Electronics,click,2200,1778597805
,browser,Singapore,2024-06-01,3.0,MacBook Pro,Apple,Electronics,purchase,2500,1778597805
212,casual,Singapore,2025-09-14,68.0,Machine Learning Guide,O'Reilly,Books,invalid,80,1778597805
11,browser,Indonesia,2025-12-17,,Tennis Racket,Wilson,Sports,click,200,1778597805
17,browser,Malaysia,2026-01-26,45.0,Wall Clock,Generic,Home,view,40,1778597805
3,buyer,Singapore,2025-09-18,17.0,Sneakers,Adidas,Fashion,view,150,1778597805
138,browser,Singapore,2026-01-25,4.0,Dell XPS 13,Dell,,view,1800,1778597805
unknown_user,casual,Singapore,2025-06-28,23.0,Cap,Nike,Fashion,purchase,120,1778597805
395,browser,Thailand,2026-02-09,54.0,Body Lotion,Dove,Beauty,view,25,1778597805
unknown_user,casual,Malaysia,2025-09-10,29.0,Sandals,Havaianas,Fashion,view,70,1778597805
,browser,Malaysia,2025-12-28,50.0,Shampoo,Dove,Beauty,view,20,1778597805
302,casual,Thailand,2026-01-08,26.0,Backpack,Adidas,Fashion,click,100,1778597805
451,browser,Thailand,2026-02-26,38.0,Toaster,Philips,Home,view,70,1778597805
465,browser,Thailand,2025-06-20,,MacBook Pro,Apple,Electronics,view,2500,1778597805
445,casual,Malaysia,2026-01-09,52.0,Makeup Kit,Maybelline,Beauty,purchase,120,1778597805
208,browser,Malaysia,2024-05-30,68.0,Machine Learning Guide,O'Reilly,Books,view,80,1778597805
unknown_user,buyer,Singapore,2024-09-22,2802.0,Dell XPS 13,Dell,Electronics,purchase,10800,1778597805
280,browser,Singapore,2024-08-17,59.0,Yoga Mat,Decathlon,Sports,view,300,1778597805
,casual,Malaysia,2025-08-30,54.0,Body Lotion,Dove,Beauty,purchase,25,1778597805
168,buyer,Malaysia,2025-11-24,10.0,Gaming Laptop,Asus,Electronics,click,6600,1778597805
292,casual,Thailand,2024-10-20,54.0,Body Lotion,Dove,Beauty,click,25,1778597805
206,casual,Singapore,2026-03-06,41.0,Bed Frame,Ikea,Home,purchase,900,1778597805
unknown_user,casual,Singapore,2026-02-05,26.0,Backpack,Adidas,Fashion,purchase,-400,1778597805
68,casual,Indonesia,2025-11-20,65.0,Water Bottle,Stanley,Sports,click,75,1778597805
152,browser,Singapore,2026-01-24,45.0,Wall Clock,Generic,Home,click,40,1778597805
183,buyer,Malaysia,2026-05-08,18.0,Jeans,Levi's,Fashion,view,80,1778597805
,browser,Indonesia,2026-04-18,4095.0,Face Cleanser,Nivea,Beauty,view,-30,1778597805
104,buyer,Singapore,2025-01-29,46.0,Face Cleanser,Nivea,Beauty,purchase,30,1778597805
144,browser,Thailand,2026-02-21,69.0,Business Strategy Book,Harvard Press,Books,click,60,1778597805
391,casual,Malaysia,2026-03-29,34.0,Blender,Philips,Home,click,300,1778597805
229,browser,Malaysia,2024-10-07,2054.0,Body Lotion,Dove,Beauty,view,25,1778597805
11,buyer,Thailand,2025-11-25,,Perfume,Dior,Beauty,purchase,150,1778597805
324,casual,Singapore,2025-06-24,15.0,Bluetooth Speaker,JBL,,click,120,1778597805
unknown_user,browser,Malaysia,2025-01-25,2916.0,Rice Cooker,Panasonic,Home,view,120,1778597805
485,browser,Malaysia,2025-09-14,70.0,Self Development Book,Penguin,,view,-40,1778597805
unknown_user,browser,Thailand,2025-11-22,6.0,Samsung Tablet,Samsung,,invalid,700,1778597805
318,browser,Singapore,2026-01-25,,Hair Dryer,Philips,Beauty,view,80,1778597805
382,casual,Thailand,2025-01-15,14.0,External SSD,Samsung,Electronics,click,200,1778597805
319,browser,Malaysia,2026-02-15,,Treadmill,Technogym,Sports,view,1500,1778597805
477,browser,Thailand,2025-01-30,45.0,Wall Clock,Generic,Home,view,40,1778597805
272,browser,Malaysia,2026-02-10,22.0,Hoodie,Puma,Fashion,invalid,-90,1778597805
41,casual,Philippines,2024-07-29,1796.0,Moisturizer,Nivea,Beauty,click,40,1778597805
,buyer,Indonesia,2025-08-30,2.0,Samsung Galaxy S23,Samsung,Electronics,click,1000,1778597805
,browser,Thailand,2026-01-01,67.0,Data Science Handbook,Packt,Books,view,70,1778597805
184,browser,Malaysia,2025-02-08,51.0,Hair Dryer,Philips,Beauty,click,240,1778597805
488,casual,Thailand,2024-09-06,16.0,Running Shoes,Nike,Fashion,view,240,1778597805
48,buyer,Thailand,2026-03-20,7.0,Sony Headphones,Sony,Electronics,view,300,1778597805
414,browser,Malaysia,2025-08-24,41.0,Bed Frame,Ikea,Home,view,900,1778597805
306,buyer,Thailand,2024-05-23,17.0,Sneakers,Adidas,Fashion,purchase,150,1778597805
196,browser,Thailand,2026-05-03,33.0,Vacuum Cleaner,Dyson,,click,1500,1778597805
490,casual,Singapore,2026-04-29,3430.0,Curtains,Ikea,Home,purchase,120,1778597805
64,browser,Singapore,2026-04-14,47.0,Moisturizer,Nivea,Beauty,view,40,1778597805
150,browser,Indonesia,2025-08-30,,Football,Adidas,Sports,view,-200,1778597805
424,casual,Malaysia,2024-12-02,9.0,Smart Watch,Fitbit,Electronics,purchase,2400,1778597805
158,browser,Malaysia,2025-06-26,,Samsung Tablet,Samsung,Electronics,view,700,1778597805
339,casual,Singapore,2026-03-12,23.0,Cap,Nike,Fashion,view,30,1778597805
87,casual,Philippines,2024-07-31,40.0,Office Chair,Ikea,Home,purchase,200,1778597805
450,browser,Malaysia,2025-05-13,,Toaster,Philips,Home,view,70,1778597805
366,browser,Malaysia,2025-12-24,40.0,Office Chair,Ikea,Home,click,200,1778597805
99,browser,Malaysia,2025-07-24,31.0,Coffee Maker,Philips,Home,purchase,150,1778597805
468,casual,Malaysia,2024-12-05,,Dell XPS 13,Dell,Electronics,invalid,1800,1778597805
341,casual,Thailand,2026-01-08,64.0,Gym Bag,Nike,Sports,view,90,1778597805
458,browser,Vietnam,2024-08-17,51.0,Hair Dryer,Philips,Beauty,view,720,1778597805
109,casual,Malaysia,2025-08-18,28.0,Formal Shirt,Zara,Fashion,purchase,90,1778597805
,browser,Malaysia,2026-02-01,46.0,Face Cleanser,Nivea,Beauty,view,30,1778597805
,buyer,Vietnam,2024-07-06,4620.0,Lipstick,Maybelline,Beauty,purchase,25,1778597805
64,casual,Malaysia,2025-11-07,44.0,Curtains,Ikea,Home,click,120,1778597805
unknown_user,casual,Indonesia,2025-04-05,,Air Fryer,Xiaomi,Home,view,180,1778597805
,browser,Malaysia,2024-07-06,17.0,Sneakers,Adidas,,view,750,1778597805
135,browser,Vietnam,2025-02-20,48.0,Lipstick,Maybelline,Beauty,click,25,1778597805
64,buyer,Malaysia,2025-01-01,67.0,Data Science Handbook,Packt,Books,click,-490,1778597805
unknown_user,browser,Thailand,2025-11-02,67.0,Data Science Handbook,Packt,Books,view,70,1778597805
,browser,Malaysia,2025-01-27,34.0,Blender,Philips,Home,view,300,1778597805
294,browser,Thailand,2025-10-19,,Sneakers,Adidas,,view,150,1778597805
59,casual,Thailand,2024-08-27,12.0,Wireless Mouse,Logitech,Electronics,view,80,1778597805
301,browser,Thailand,2025-09-29,27.0,Sports Shorts,Nike,Fashion,view,50,1778597805
9,casual,Singapore,2025-03-30,10.0,Gaming Laptop,Asus,Electronics,view,17600,1778597805
274,browser,Thailand,2025-01-29,59.0,Yoga Mat,Decathlon,Sports,view,60,1778597805
392,buyer,Indonesia,2024-11-16,14.0,External SSD,Samsung,Electronics,invalid,200,1778597805
unknown_user,browser,Vietnam,2024-11-19,63.0,Skipping Rope,Decathlon,Sports,view,20,1778597805
179,browser,Malaysia,2024-11-14,2.0,Samsung Galaxy S23,Samsung,Electronics,view,-1000,1778597805
160,casual,Indonesia,2025-09-11,,Bluetooth Speaker,JBL,Electronics,click,-120,1778597805
403,buyer,Thailand,2025-02-13,,Sunglasses,Ray-Ban,Fashion,click,180,1778597805
187,buyer,Singapore,2024-11-07,4.0,Dell XPS 13,Dell,Electronics,purchase,1800,1778597805
378,casual,Philippines,2025-07-08,52.0,Makeup Kit,Maybelline,Beauty,click,120,1778597805
170,browser,Singapore,2025-05-07,10.0,Gaming Laptop,Asus,Electronics,view,2200,1778597805
354,casual,Malaysia,2024-09-08,46.0,Face Cleanser,Nivea,Beauty,click,30,1778597805
5,casual,Malaysia,2025-01-23,68.0,Machine Learning Guide,O'Reilly,Books,click,80,1778597805
332,browser,Vietnam,2025-02-10,30.0,Watch,Casio,Fashion,view,250,1778597805
483,casual,Thailand,2024-05-22,33.0,Vacuum Cleaner,Dyson,Home,view,300,1778597805
273,browser,Malaysia,2024-10-26,15.0,Bluetooth Speaker,JBL,Electronics,view,-120,1778597805
362,buyer,Malaysia,2024-12-17,59.0,Yoga Mat,Decathlon,Sports,click,-60,1778597805
259,browser,Indonesia,2026-03-13,17.0,Sneakers,Adidas,Fashion,view,150,1778597805
356,browser,Malaysia,2026-04-19,51.0,Hair Dryer,Philips,Beauty,invalid,400,1778597805
410,casual,Indonesia,2026-01-03,3.0,MacBook Pro,Apple,Electronics,view,22500,1778597805
27,casual,Malaysia,2024-10-16,32.0,Air Fryer,Xiaomi,Home,view,180,1778597805
63,browser,Malaysia,2024-08-25,32.0,Air Fryer,Xiaomi,Home,view,-180,1778597805
289,casual,Singapore,2024-08-27,,Microwave Oven,Samsung,Home,view,250,1778597805
111,browser,Malaysia,2025-11-29,36.0,Electric Kettle,Tefal,Home,view,60,1778597805
199,casual,Malaysia,2024-10-14,,Blender,Philips,Home,view,100,1778597805
33,casual,Singapore,2024-10-31,24.0,Sunglasses,Ray-Ban,Fashion,invalid,1800,1778597805
359,casual,Vietnam,2024-07-08,46.0,Face Cleanser,Nivea,Beauty,view,30,1778597805
unknown_user,buyer,Malaysia,2024-11-18,32.0,Air Fryer,Xiaomi,Home,purchase,-180,1778597805
358,casual,Malaysia,2025-07-03,13.0,4K Monitor,LG,,click,1200,1778597805
,casual,Malaysia,2024-06-23,3613.0,Basketball,Nike,Sports,invalid,-50,1778597805
,browser,Singapore,2025-02-14,34.0,Blender,Philips,Home,view,500,1778597805
357,browser,Singapore,2026-03-10,,Samsung Tablet,Samsung,Electronics,invalid,-700,1778597805
307,browser,Thailand,2024-12-31,67.0,Data Science Handbook,Packt,Books,view,70,1778597805
,browser,Singapore,2024-10-02,43.0,Desk Lamp,Philips,,click,50,1778597805
,browser,Malaysia,2025-09-26,52.0,Makeup Kit,Maybelline,,view,120,1778597805
,browser,Thailand,2026-01-26,,Bluetooth Speaker,JBL,Electronics,view,120,1778597805
unknown_user,browser,Singapore,2025-10-23,21.0,Dress,H&M,,view,-120,1778597805
unknown_user,browser,Thailand,2024-07-13,3058.0,iPad Air,Apple,,view,-900,1778597805
62,browser,Indonesia,2024-11-13,33.0,Vacuum Cleaner,Dyson,Home,view,300,1778597805
,browser,Malaysia,2025-12-09,57.0,Basketball,Nike,Sports,view,50,1778597805
,browser,Singapore,2024-07-29,44.0,Curtains,Ikea,Home,click,120,1778597805
314,browser,Singapore,2025-09-26,18.0,Jeans,Levi's,Fashion,view,80,1778597805
74,browser,Philippines,2026-03-03,49.0,Perfume,Dior,Beauty,view,1050,1778597805
390,browser,Malaysia,2025-12-08,48.0,Lipstick,Maybelline,Beauty,click,25,1778597805
,browser,Singapore,2024-10-25,39.0,Dining Table,Ikea,Home,invalid,800,1778597805
35,browser,Singapore,2026-04-07,51.0,Hair Dryer,Philips,Beauty,view,80,1778597805
,buyer,Singapore,2024-07-18,37.0,Microwave Oven,Samsung,Home,click,250,1778597805
133,browser,Thailand,2025-02-17,49.0,Perfume,Dior,Beauty,view,150,1778597805
455,casual,Singapore,2024-08-26,27.0,Sports Shorts,Nike,Fashion,invalid,50,1778597805
,browser,Indonesia,2024-08-21,62.0,Cycling Helmet,Giro,Sports,purchase,80,1778597805
320,casual,Indonesia,2025-02-15,3564.0,Dining Table,Ikea,Home,invalid,800,1778597805
,casual,Malaysia,2026-01-29,39.0,Dining Table,Ikea,Home,view,800,1778597805
unknown_user,browser,Indonesia,2026-04-21,26.0,Backpack,Adidas,Fashion,view,900,1778597805
,browser,Indonesia,2025-11-06,4458.0,Face Cleanser,Nivea,Beauty,view,30,1778597805
358,buyer,Malaysia,2024-09-14,39.0,Dining Table,Ikea,Home,invalid,800,1778597805
346,browser,Malaysia,2024-08-16,64.0,Gym Bag,Nike,Sports,view,90,1778597805
295,casual,Malaysia,2024-08-07,64.0,Gym Bag,Nike,Sports,click,90,1778597805
335,buyer,Thailand,2025-06-24,2766.0,Sunscreen,Nivea,Beauty,click,70,1778597805
299,casual,Malaysia,2025-05-24,44.0,Curtains,Ikea,Home,purchase,120,1778597805
334,browser,Singapore,2025-12-29,60.0,Dumbbells,Decathlon,Sports,view,150,1778597805
406,buyer,Malaysia,2025-05-16,56.0,Football,Adidas,Sports,invalid,-40,1778597805
unknown_user,browser,Malaysia,2025-03-06,14.0,External SSD,Samsung,Electronics,view,200,1778597805
unknown_user,buyer,Singapore,2026-02-17,32.0,Air Fryer,Xiaomi,Home,click,180,1778597805
262,browser,Malaysia,2025-12-02,66.0,Python Programming Book,O'Reilly,Books,view,250,1778597805
383,browser,Malaysia,2026-01-28,16.0,Running Shoes,Nike,Fashion,view,240,1778597805
unknown_user,casual,Philippines,2026-01-03,17.0,Sneakers,Adidas,Fashion,purchase,150,1778597805
363,browser,Malaysia,2024-06-25,39.0,Dining Table,Ikea,Home,purchase,7200,1778597805
62,buyer,Philippines,2025-12-25,7.0,Sony Headphones,Sony,,purchase,300,1778597805
442,buyer,Thailand,2025-06-25,52.0,Makeup Kit,Maybelline,Beauty,click,120,1778597805
,browser,Singapore,2025-04-29,14.0,External SSD,Samsung,Electronics,view,200,1778597805
,browser,Malaysia,2024-11-17,52.0,Makeup Kit,Maybelline,,view,120,1778597805
348,casual,Malaysia,2024-09-26,3035.0,Treadmill,Technogym,Sports,purchase,1500,1778597805
219,buyer,Singapore,2025-04-09,29.0,Sandals,Havaianas,Fashion,click,70,1778597805
18,casual,Thailand,2024-06-01,3.0,MacBook Pro,Apple,Electronics,purchase,-2500,1778597805
214,casual,Malaysia,2024-11-18,11.0,Mechanical Keyboard,Logitech,Electronics,invalid,150,1778597805
,browser,Malaysia,2024-11-15,38.0,Toaster,Philips,Home,view,-70,1778597805
179,browser,Malaysia,2024-08-17,12.0,Wireless Mouse,Logitech,Electronics,view,640,1778597805
288,casual,Philippines,2025-05-09,56.0,Football,Adidas,Sports,view,40,1778597805
202,casual,Singapore,2025-07-06,23.0,Cap,Nike,,view,30,1778597805
170,buyer,Malaysia,2026-03-05,26.0,Backpack,Adidas,Fashion,purchase,500,1778597805
249,buyer,Thailand,2025-08-28,52.0,Makeup Kit,Maybelline,Beauty,purchase,360,1778597805
,browser,Malaysia,2024-05-20,58.0,Tennis Racket,Wilson,,invalid,200,1778597805
459,casual,Indonesia,2026-04-21,54.0,Body Lotion,Dove,Beauty,invalid,25,1778597805
,browser,Singapore,2024-08-16,,Moisturizer,Nivea,,view,40,1778597805
471,browser,Malaysia,2025-08-04,4987.0,Skipping Rope,Decathlon,Sports,invalid,200,1778597805
420,casual,Philippines,2024-07-02,22.0,Hoodie,Puma,Fashion,purchase,90,1778597805
219,browser,Singapore,2024-08-11,,Gaming Laptop,Asus,Electronics,click,2200,1778597805
97,casual,Thailand,2025-07-07,55.0,Nail Polish,O.P.I,,view,15,1778597805
unknown_user,casual,Malaysia,2025-03-02,2616.0,Rice Cooker,Panasonic,Home,view,840,1778597805
44,buyer,Malaysia,2025-03-22,,Running Shoes,Nike,Fashion,click,120,1778597805
3,browser,Singapore,2026-01-02,58.0,Tennis Racket,Wilson,Sports,view,200,1778597805
82,casual,Singapore,2024-11-02,10.0,Gaming Laptop,Asus,Electronics,click,2200,1778597805
unknown_user,browser,Indonesia,2024-10-19,52.0,Makeup Kit,Maybelline,Beauty,view,1200,1778597805
25,buyer,Philippines,2026-01-03,52.0,Makeup Kit,Maybelline,Beauty,view,-120,1778597805
475,browser,Indonesia,2025-05-16,52.0,Makeup Kit,Maybelline,Beauty,view,240,1778597805
,casual,Singapore,2025-01-20,7.0,Sony Headphones,Sony,Electronics,click,300,1778597805
,casual,Singapore,2025-12-08,62.0,Cycling Helmet,Giro,Sports,click,80,1778597805
250,buyer,Singapore,2025-05-26,65.0,Water Bottle,Stanley,Sports,purchase,25,1778597805
53,casual,Malaysia,2025-07-05,52.0,Makeup Kit,Maybelline,,purchase,120,1778597805
,casual,Singapore,2025-02-26,,Dell XPS 13,Dell,Electronics,view,1800,1778597805
3,browser,Singapore,2025-12-24,,Formal Shirt,Zara,Fashion,view,90,1778597805
436,browser,Indonesia,2025-11-07,67.0,Data Science Handbook,Packt,Books,view,70,1778597805
75,casual,Thailand,2024-12-16,63.0,Skipping Rope,Decathlon,Sports,invalid,20,1778597805
355,buyer,Malaysia,2026-05-07,40.0,Office Chair,Ikea,Home,purchase,200,1778597805
,buyer,Indonesia,2025-11-27,32.0,Air Fryer,Xiaomi,Home,purchase,1800,1778597805
425,browser,Singapore,2025-04-21,7.0,Sony Headphones,Sony,Electronics,view,300,1778597805
400,browser,Malaysia,2024-07-01,70.0,Self Development Book,Penguin,,view,40,1778597805
107,buyer,Indonesia,2025-03-19,49.0,Perfume,Dior,Beauty,click,150,1778597805
432,buyer,Singapore,2024-06-25,7.0,Sony Headphones,Sony,,view,300,1778597805
,browser,Malaysia,2025-12-01,25.0,Leather Belt,Levi's,Fashion,view,60,1778597805
97,casual,Malaysia,2024-11-20,44.0,Curtains,Ikea,Home,view,120,1778597805
360,browser,Indonesia,2026-03-21,11.0,Mechanical Keyboard,Logitech,Electronics,purchase,150,1778597805
349,browser,Malaysia,2026-03-26,51.0,Hair Dryer,Philips,Beauty,view,80,1778597805
333,casual,Malaysia,2025-07-01,8.0,AirPods Pro,Apple,Electronics,purchase,250,1778597805
333,browser,Malaysia,2025-12-05,36.0,Electric Kettle,Tefal,Home,view,60,1778597805
442,browser,Philippines,2024-11-27,29.0,Sandals,Havaianas,Fashion,view,70,1778597805
74,browser,Vietnam,2024-08-13,3518.0,Watch,Casio,Fashion,click,250,1778597805
290,casual,Malaysia,2025-01-27,50.0,Shampoo,Dove,Beauty,view,-20,1778597805
104,buyer,Thailand,2025-06-12,22.0,Hoodie,Puma,,view,90,1778597805
361,buyer,Indonesia,2025-03-18,37.0,Microwave Oven,Samsung,Home,purchase,250,1778597805
165,casual,Malaysia,2025-06-23,,Microwave Oven,Samsung,Home,invalid,250,1778597805
451,buyer,Malaysia,2025-02-04,42.0,Sofa,Ikea,Home,purchase,1200,1778597805
448,browser,Malaysia,2025-12-04,,Hair Dryer,Philips,Beauty,view,160,1778597805
362,buyer,Singapore,2024-10-18,17.0,Sneakers,Adidas,Fashion,purchase,150,1778597805
205,casual,Singapore,2026-01-23,1.0,iPhone 15,Apple,Electronics,view,1200,1778597805
475,casual,Malaysia,2025-10-21,18.0,Jeans,Levi's,Fashion,click,400,1778597805
95,browser,Thailand,2025-01-25,32.0,Air Fryer,Xiaomi,Home,view,180,1778597805
205,casual,Thailand,2026-05-12,58.0,Tennis Racket,Wilson,Sports,click,200,1778597805
7,browser,Indonesia,2024-07-25,45.0,Wall Clock,Generic,Home,purchase,40,1778597805
417,browser,Vietnam,2026-05-09,45.0,Wall Clock,Generic,Home,click,40,1778597805
187,casual,Vietnam,2025-11-21,1395.0,Wireless Mouse,Logitech,Electronics,view,-80,1778597805
396,browser,Malaysia,2024-12-07,4814.0,MacBook Pro,Apple,Electronics,click,2500,1778597805
217,buyer,Singapore,2024-08-20,,Dell XPS 13,Dell,Electronics,click,1800,1778597805
,browser,Indonesia,2024-09-17,51.0,Hair Dryer,Philips,Beauty,view,640,1778597805
174,browser,Malaysia,2024-07-25,20.0,Jacket,Zara,Fashion,view,-200,1778597805
492,casual,Malaysia,2025-03-12,2.0,Samsung Galaxy S23,Samsung,Electronics,view,1000,1778597805
441,casual,Singapore,2024-10-21,3.0,MacBook Pro,Apple,Electronics,view,2500,1778597805
,browser,Malaysia,2025-02-18,8.0,AirPods Pro,Apple,Electronics,view,250,1778597805
381,browser,Malaysia,2024-10-17,41.0,Bed Frame,Ikea,Home,view,900,1778597805
463,browser,Thailand,2026-01-21,27.0,Sports Shorts,Nike,Fashion,view,50,1778597805
109,browser,Philippines,2026-03-05,5.0,iPad Air,Apple,Electronics,view,900,1778597805
205,casual,Malaysia,2025-09-13,,Water Bottle,Stanley,Sports,click,50,1778597805
unknown_user,casual,Vietnam,2025-07-01,16.0,Running Shoes,Nike,Fashion,purchase,120,1778597805
316,casual,Singapore,2024-12-29,47.0,Moisturizer,Nivea,Beauty,purchase,80,1778597805
unknown_user,browser,Malaysia,2025-12-18,65.0,Water Bottle,Stanley,Sports,view,25,1778597805
331,browser,Singapore,2024-07-07,48.0,Lipstick,Maybelline,Beauty,view,25,1778597805
301,browser,Thailand,2024-07-08,14.0,External SSD,Samsung,Electronics,click,800,1778597805
unknown_user,casual,Singapore,2025-06-28,21.0,Dress,H&M,Fashion,view,120,1778597805
13,casual,Malaysia,2024-10-17,28.0,Formal Shirt,Zara,,view,90,1778597805
359,browser,Malaysia,2025-12-30,2228.0,Business Strategy Book,Harvard Press,Books,click,60,1778597805
190,casual,Singapore,2024-08-11,18.0,Jeans,Levi's,Fashion,click,80,1778597805
unknown_user,casual,Philippines,2025-12-26,3579.0,Dining Table,Ikea,,view,800,1778597805
115,browser,Malaysia,2025-05-19,23.0,Cap,Nike,Fashion,view,30,1778597805
154,browser,Indonesia,2024-05-19,2085.0,Bed Frame,Ikea,Home,view,900,1778597805
unknown_user,casual,Indonesia,2025-12-14,19.0,T-Shirt,Uniqlo,Fashion,view,40,1778597805
301,buyer,Malaysia,2025-06-01,49.0,Perfume,Dior,Beauty,click,150,1778597805
94,casual,Malaysia,2024-07-13,1396.0,Hoodie,Puma,Fashion,invalid,90,1778597805
284,browser,Malaysia,2024-12-30,32.0,Air Fryer,Xiaomi,,view,180,1778597805
421,casual,Malaysia,2025-06-27,62.0,Cycling Helmet,Giro,Sports,view,80,1778597805
269,buyer,Thailand,2024-12-30,17.0,Sneakers,Adidas,Fashion,click,150,1778597805
398,browser,Indonesia,2026-03-21,59.0,Yoga Mat,Decathlon,,view,60,1778597805
334,buyer,Singapore,2026-01-11,25.0,Leather Belt,Levi's,Fashion,invalid,60,1778597805
63,browser,Malaysia,2025-12-14,20.0,Jacket,Zara,Fashion,view,200,1778597805
386,casual,Vietnam,2024-07-14,32.0,Air Fryer,Xiaomi,Home,click,180,1778597805
448,browser,Singapore,2026-03-27,7.0,Sony Headphones,Sony,Electronics,invalid,-300,1778597805
39,browser,Malaysia,2025-05-22,14.0,External SSD,Samsung,Electronics,view,200,1778597805
258,buyer,Malaysia,2026-03-20,47.0,Moisturizer,Nivea,Beauty,view,80,1778597805
unknown_user,browser,Malaysia,2025-12-30,37.0,Microwave Oven,Samsung,Home,view,250,1778597805
139,browser,Singapore,2025-09-29,,Vacuum Cleaner,Dyson,Home,view,1800,1778597805
200,buyer,Indonesia,2025-05-13,41.0,Bed Frame,Ikea,Home,view,2700,1778597805
45,browser,Vietnam,2024-08-02,36.0,Electric Kettle,Tefal,Home,view,60,1778597805
131,browser,Singapore,2024-12-31,49.0,Perfume,Dior,Beauty,purchase,150,1778597805
214,buyer,Malaysia,2025-12-13,14.0,External SSD,Samsung,,purchase,-200,1778597805
439,browser,Thailand,2024-10-29,33.0,Vacuum Cleaner,Dyson,Home,view,300,1778597805
191,casual,Indonesia,2025-10-31,28.0,Formal Shirt,Zara,Fashion,invalid,90,1778597805
385,casual,Indonesia,2025-11-22,2.0,Samsung Galaxy S23,Samsung,Electronics,click,1000,1778597805
,browser,Singapore,2024-08-14,10.0,Gaming Laptop,Asus,Electronics,view,2200,1778597805
381,browser,Thailand,2025-11-11,47.0,Moisturizer,Nivea,Beauty,invalid,40,1778597805
198,browser,Thailand,2025-09-16,45.0,Wall Clock,Generic,Home,view,40,1778597805
72,browser,Thailand,2025-08-17,42.0,Sofa,Ikea,Home,view,-1200,1778597805
256,casual,Philippines,2026-01-17,11.0,Mechanical Keyboard,Logitech,,click,150,1778597805
436,buyer,Malaysia,2025-11-24,28.0,Formal Shirt,Zara,Fashion,view,90,1778597805
422,casual,Thailand,2025-09-21,2874.0,Blender,Philips,Home,view,-100,1778597805
136,browser,Singapore,2024-11-06,18.0,Jeans,Levi's,Fashion,click,80,1778597805
213,browser,Malaysia,2025-11-12,1270.0,4K Monitor,LG,Electronics,view,600,1778597805
,casual,Malaysia,2024-12-01,51.0,Hair Dryer,Philips,Beauty,purchase,80,1778597805
,browser,Malaysia,2025-02-20,37.0,Microwave Oven,Samsung,Home,view,250,1778597805
398,browser,Malaysia,2024-12-04,3.0,MacBook Pro,Apple,Electronics,view,2500,1778597805
61,casual,Thailand,2024-11-24,7.0,Sony Headphones,Sony,Electronics,view,300,1778597805
unknown_user,casual,Philippines,2025-04-05,51.0,Hair Dryer,Philips,Beauty,view,80,1778597805
469,casual,Malaysia,2025-11-19,19.0,T-Shirt,Uniqlo,Fashion,view,-40,1778597805
383,browser,Thailand,2025-12-14,2944.0,Air Fryer,Xiaomi,Home,view,180,1778597805
125,browser,Singapore,2026-04-18,8.0,AirPods Pro,Apple,Electronics,view,250,1778597805
269,browser,Thailand,2024-10-21,41.0,Bed Frame,Ikea,Home,view,900,1778597805
239,casual,Malaysia,2025-01-07,2131.0,Desk Lamp,Philips,Home,purchase,50,1778597805
311,buyer,Malaysia,2025-03-29,2.0,Samsung Galaxy S23,Samsung,Electronics,purchase,1000,1778597805
152,buyer,Indonesia,2025-04-04,21.0,Dress,H&M,Fashion,click,120,1778597805
,browser,Malaysia,2025-05-21,,Smart Watch,Fitbit,Electronics,view,400,1778597805
unknown_user,casual,Thailand,2024-05-21,63.0,Skipping Rope,Decathlon,Sports,view,20,1778597805
192,browser,Malaysia,2025-10-24,27.0,Sports Shorts,Nike,Fashion,purchase,50,1778597805
354,casual,Thailand,2025-03-22,58.0,Tennis Racket,Wilson,Sports,click,200,1778597805
109,casual,Indonesia,2025-04-08,61.0,Treadmill,Technogym,Sports,invalid,1500,1778597805
,casual,Malaysia,2025-03-12,28.0,Formal Shirt,Zara,Fashion,purchase,90,1778597805
464,browser,Malaysia,2024-10-08,,Office Chair,Ikea,Home,invalid,-200,1778597805
150,buyer,Malaysia,2024-05-30,23.0,Cap,Nike,Fashion,purchase,240,1778597805
8,browser,Philippines,2026-02-27,11.0,Mechanical Keyboard,Logitech,Electronics,view,150,1778597805
336,browser,Indonesia,2026-05-01,23.0,Cap,Nike,Fashion,view,30,1778597805
121,browser,Malaysia,2026-03-31,,Hair Dryer,Philips,Beauty,view,80,1778597805
unknown_user,browser,Thailand,2024-09-17,40.0,Office Chair,Ikea,Home,click,200,1778597805
123,casual,Singapore,2026-03-21,48.0,Lipstick,Maybelline,Beauty,invalid,25,1778597805
431,browser,Malaysia,2024-06-19,2.0,Samsung Galaxy S23,Samsung,Electronics,view,1000,1778597805
89,browser,Malaysia,2025-10-09,32.0,Air Fryer,Xiaomi,Home,view,-720,1778597805
434,browser,Thailand,2026-03-30,17.0,Sneakers,Adidas,Fashion,click,150,1778597805
25,browser,Malaysia,2024-09-13,63.0,Skipping Rope,Decathlon,Sports,view,20,1778597805
402,buyer,Singapore,2025-12-27,42.0,Sofa,Ikea,Home,click,1200,1778597805
160,casual,Malaysia,2025-09-03,1716.0,Wireless Mouse,Logitech,Electronics,purchase,80,1778597805
64,buyer,Malaysia,2025-07-01,22.0,Hoodie,Puma,Fashion,click,810,1778597805
,buyer,Singapore,2025-08-08,56.0,Football,Adidas,Sports,purchase,40,1778597805
292,casual,Malaysia,2025-02-21,,Dress,H&M,Fashion,view,120,1778597805
238,casual,Philippines,2025-12-03,12.0,Wireless Mouse,Logitech,Electronics,view,80,1778597805
469,browser,Philippines,2026-03-20,23.0,Cap,Nike,Fashion,click,30,1778597805
208,buyer,Philippines,2025-03-04,34.0,Blender,Philips,Home,purchase,100,1778597805
,buyer,Thailand,2025-01-06,,Tennis Racket,Wilson,,view,200,1778597805
270,casual,Indonesia,2025-10-20,46.0,Face Cleanser,Nivea,Beauty,view,30,1778597805
357,casual,Indonesia,2025-08-01,40.0,Office Chair,Ikea,Home,click,200,1778597805
unknown_user,browser,Malaysia,2025-10-25,6.0,Samsung Tablet,Samsung,Electronics,view,700,1778597805
380,browser,Malaysia,2025-10-04,27.0,Sports Shorts,Nike,Fashion,view,-50,1778597805
447,buyer,Indonesia,2024-08-27,5.0,iPad Air,Apple,Electronics,click,900,1778597805
298,browser,Malaysia,2025-02-26,60.0,Dumbbells,Decathlon,Sports,view,150,1778597805
334,browser,Thailand,2025-06-15,22.0,Hoodie,Puma,Fashion,view,90,1778597805
283,casual,Singapore,2025-11-30,5.0,iPad Air,Apple,Electronics,purchase,1800,1778597805
471,buyer,Vietnam,2026-01-26,31.0,Coffee Maker,Philips,Home,purchase,-150,1778597805
,casual,Malaysia,2025-07-07,,Treadmill,Technogym,Sports,view,1500,1778597805
337,buyer,Malaysia,2024-07-06,3568.0,T-Shirt,Uniqlo,Fashion,view,40,1778597805
153,browser,Malaysia,2024-10-22,62.0,Cycling Helmet,Giro,Sports,view,80,1778597805
unknown_user,browser,Indonesia,2025-07-21,34.0,Blender,Philips,Home,invalid,100,1778597805
180,browser,Malaysia,2025-04-17,24.0,Sunglasses,Ray-Ban,Fashion,view,180,1778597805
128,browser,Thailand,2025-09-17,15.0,Bluetooth Speaker,JBL,Electronics,view,120,1778597805
unknown_user,buyer,Indonesia,2024-06-22,12.0,Wireless Mouse,Logitech,Electronics,click,80,1778597805
127,browser,Indonesia,2026-01-17,21.0,Dress,H&M,Fashion,view,120,1778597805
43,casual,Indonesia,2025-09-20,3122.0,Self Development Book,Penguin,Books,click,40,1778597805
429,casual,Singapore,2025-03-30,15.0,Bluetooth Speaker,JBL,,purchase,480,1778597805
127,browser,Malaysia,2025-08-27,56.0,Football,Adidas,,view,320,1778597805
250,buyer,Malaysia,2024-05-19,69.0,Business Strategy Book,Harvard Press,Books,purchase,-300,1778597805
490,browser,Thailand,2025-03-14,49.0,Perfume,Dior,Beauty,click,150,1778597805
91,browser,Singapore,2024-08-26,16.0,Running Shoes,Nike,Fashion,view,120,1778597805
370,browser,Malaysia,2025-09-16,50.0,Shampoo,Dove,Beauty,view,20,1778597805
,casual,Indonesia,2024-07-17,36.0,Electric Kettle,Tefal,Home,click,60,1778597805
310,casual,Singapore,2026-03-05,37.0,Microwave Oven,Samsung,,view,250,1778597805
373,buyer,Thailand,2025-09-18,5.0,iPad Air,Apple,Electronics,purchase,-6300,1778597805
42,buyer,Singapore,2025-09-23,5.0,iPad Air,Apple,Electronics,purchase,900,1778597805
330,buyer,Indonesia,2024-10-26,32.0,Air Fryer,Xiaomi,Home,purchase,180,1778597805
,buyer,Thailand,2024-09-17,10.0,Gaming Laptop,Asus,Electronics,purchase,2200,1778597805
160,casual,Thailand,2025-08-23,24.0,Sunglasses,Ray-Ban,Fashion,invalid,180,1778597805
285,casual,Malaysia,2025-12-17,20.0,Jacket,Zara,Fashion,purchase,200,1778597805
428,browser,Singapore,2024-05-27,1.0,iPhone 15,Apple,Electronics,view,10800,1778597805
,casual,Singapore,2025-11-24,14.0,External SSD,Samsung,Electronics,view,200,1778597805
unknown_user,browser,Thailand,2026-03-03,4.0,Dell XPS 13,Dell,Electronics,view,1800,1778597805
448,buyer,Vietnam,2026-03-30,2.0,Samsung Galaxy S23,Samsung,,purchase,10000,1778597805
372,casual,Malaysia,2025-02-22,49.0,Perfume,Dior,Beauty,view,150,1778597805
462,buyer,Malaysia,2025-01-24,30.0,Watch,Casio,Fashion,view,250,1778597805
unknown_user,browser,Thailand,2024-06-08,69.0,Business Strategy Book,Harvard Press,Books,view,60,1778597805
89,buyer,Indonesia,2024-12-29,48.0,Lipstick,Maybelline,Beauty,purchase,25,1778597805
100,browser,Malaysia,2025-11-25,49.0,Perfume,Dior,Beauty,view,150,1778597805
489,casual,Malaysia,2024-06-13,5.0,iPad Air,Apple,Electronics,view,2700,1778597805
34,browser,Indonesia,2025-03-22,14.0,External SSD,Samsung,,view,200,1778597805
221,browser,Singapore,2024-07-11,59.0,Yoga Mat,Decathlon,Sports,click,60,1778597805
,casual,Indonesia,2024-11-14,31.0,Coffee Maker,Philips,Home,view,150,1778597805
unknown_user,casual,Malaysia,2025-09-13,20.0,Jacket,Zara,Fashion,purchase,200,1778597805
445,browser,Malaysia,2026-04-30,19.0,T-Shirt,Uniqlo,Fashion,view,80,1778597805
212,browser,Singapore,2026-04-30,,Running Shoes,Nike,Fashion,view,120,1778597805
247,casual,Thailand,2025-08-25,21.0,Dress,H&M,Fashion,view,120,1778597805
,casual,Singapore,2025-09-28,42.0,Sofa,Ikea,Home,view,1200,1778597805
,casual,Thailand,2025-03-20,,Makeup Kit,Maybelline,Beauty,view,-120,1778597805
unknown_user,browser,Thailand,2025-11-15,,Dress,H&M,Fashion,view,120,1778597805
266,casual,Thailand,2026-04-26,22.0,Hoodie,Puma,Fashion,view,810,1778597805
497,browser,Indonesia,2025-01-11,7.0,Sony Headphones,Sony,Electronics,view,2700,1778597805
280,browser,Indonesia,2025-03-01,17.0,Sneakers,Adidas,Fashion,view,150,1778597805
234,buyer,Malaysia,2025-01-17,59.0,Yoga Mat,Decathlon,Sports,click,60,1778597805
unknown_user,buyer,Singapore,2024-07-11,14.0,External SSD,Samsung,Electronics,purchase,1400,1778597805
unknown_user,browser,Malaysia,2026-01-12,46.0,Face Cleanser,Nivea,Beauty,view,30,1778597805
343,browser,Malaysia,2025-05-16,35.0,Rice Cooker,Panasonic,Home,purchase,240,1778597805
497,casual,Malaysia,2025-08-23,25.0,Leather Belt,Levi's,Fashion,view,60,1778597805
321,browser,Singapore,2025-12-03,70.0,Self Development Book,Penguin,,invalid,40,1778597805
35,browser,Singapore,2025-12-25,28.0,Formal Shirt,Zara,,purchase,90,1778597805
496,browser,Vietnam,2026-04-28,11.0,Mechanical Keyboard,Logitech,Electronics,view,150,1778597805
202,browser,Malaysia,2025-06-13,18.0,Jeans,Levi's,Fashion,invalid,80,1778597805
122,casual,Malaysia,2024-08-10,23.0,Cap,Nike,Fashion,view,30,1778597805
338,casual,Thailand,2026-04-26,49.0,Perfume,Dior,Beauty,view,150,1778597805
402,browser,Indonesia,2025-11-15,33.0,Vacuum Cleaner,Dyson,Home,view,300,1778597805
113,browser,Malaysia,2025-07-24,54.0,Body Lotion,Dove,Beauty,click,25,1778597805
324,browser,Thailand,2024-12-22,30.0,Watch,Casio,Fashion,view,250,1778597805
373,casual,Thailand,2024-12-08,46.0,Face Cleanser,Nivea,Beauty,view,30,1778597805
393,browser,Indonesia,2025-02-09,22.0,Hoodie,Puma,Fashion,view,90,1778597805
316,buyer,Thailand,2025-11-04,,Air Fryer,Xiaomi,Home,purchase,180,1778597805
197,casual,Malaysia,2025-08-12,23.0,Cap,Nike,Fashion,invalid,30,1778597805
316,browser,Malaysia,2025-07-06,,Microwave Oven,Samsung,Home,view,250,1778597805
,browser,Indonesia,2024-09-22,46.0,Face Cleanser,Nivea,,click,30,1778597805
414,browser,Malaysia,2025-05-09,,Jacket,Zara,,click,2000,1778597805
313,browser,Malaysia,2024-08-19,59.0,Yoga Mat,Decathlon,Sports,invalid,-420,1778597805
49,browser,Thailand,2025-09-24,54.0,Body Lotion,Dove,Beauty,invalid,25,1778597805
379,browser,Philippines,2025-05-15,62.0,Cycling Helmet,Giro,Sports,view,80,1778597805
unknown_user,browser,Singapore,2026-04-26,60.0,Dumbbells,Decathlon,Sports,click,150,1778597805
219,casual,Malaysia,2025-07-30,53.0,Sunscreen,Nivea,Beauty,click,35,1778597805
114,browser,Singapore,2025-05-17,,Sofa,Ikea,Home,view,1200,1778597805
256,browser,Singapore,2025-01-11,2117.0,Running Shoes,Nike,Fashion,view,120,1778597805
64,buyer,Philippines,2024-11-09,44.0,Curtains,Ikea,,invalid,600,1778597805
,buyer,Thailand,2026-02-05,1.0,iPhone 15,Apple,Electronics,click,1200,1778597805
239,casual,Thailand,2025-01-27,67.0,Data Science Handbook,Packt,Books,click,560,1778597805
426,browser,Philippines,2025-09-12,18.0,Jeans,Levi's,Fashion,view,80,1778597805
92,buyer,Thailand,2025-01-07,70.0,Self Development Book,Penguin,Books,view,40,1778597805
97,browser,Singapore,2025-03-08,4320.0,Office Chair,Ikea,,view,2000,1778597805
81,browser,Singapore,2024-10-15,63.0,Skipping Rope,Decathlon,Sports,view,20,1778597805
,casual,Indonesia,2024-12-15,30.0,Watch,Casio,Fashion,purchase,250,1778597805
38,casual,Vietnam,2026-02-08,69.0,Business Strategy Book,Harvard Press,Books,click,480,1778597805
447,casual,Vietnam,2024-12-10,17.0,Sneakers,Adidas,Fashion,purchase,-150,1778597805
298,casual,Malaysia,2024-06-19,2451.0,Machine Learning Guide,O'Reilly,,view,80,1778597805
441,browser,Malaysia,2025-03-22,30.0,Watch,Casio,Fashion,view,250,1778597805
468,buyer,Thailand,2025-09-09,19.0,T-Shirt,Uniqlo,Fashion,click,240,1778597805
194,browser,Singapore,2026-01-14,16.0,Running Shoes,Nike,Fashion,view,120,1778597805
251,buyer,Malaysia,2025-02-17,10.0,Gaming Laptop,Asus,,purchase,2200,1778597805
471,browser,Malaysia,2025-09-07,4759.0,Machine Learning Guide,O'Reilly,Books,view,80,1778597805
198,browser,Indonesia,2025-01-29,8.0,AirPods Pro,Apple,Electronics,view,250,1778597805
unknown_user,casual,Malaysia,2024-12-26,35.0,Rice Cooker,Panasonic,Home,view,120,1778597805
,casual,Malaysia,2024-10-10,,Toaster,Philips,Home,click,70,1778597805
167,buyer,Singapore,2024-05-16,9.0,Smart Watch,Fitbit,Electronics,purchase,400,1778597805
310,browser,Philippines,2024-10-12,59.0,Yoga Mat,Decathlon,Sports,click,60,1778597805
290,browser,Thailand,2025-01-05,,Bed Frame,Ikea,Home,view,-900,1778597805
43,casual,Malaysia,2025-08-09,7.0,Sony Headphones,Sony,Electronics,view,300,1778597805
449,browser,Malaysia,2025-10-24,1767.0,Perfume,Dior,Beauty,view,150,1778597805
453,browser,Indonesia,2026-03-12,44.0,Curtains,Ikea,Home,view,480,1778597805
212,browser,Thailand,2025-07-01,52.0,Makeup Kit,Maybelline,,view,120,1778597805
292,browser,Singapore,2025-01-14,3.0,MacBook Pro,Apple,Electronics,view,2500,1778597805
260,casual,Singapore,2026-04-06,33.0,Vacuum Cleaner,Dyson,Home,invalid,300,1778597805
327,browser,Malaysia,2025-07-25,11.0,Mechanical Keyboard,Logitech,Electronics,view,150,1778597805
unknown_user,browser,Malaysia,2024-09-27,21.0,Dress,H&M,Fashion,view,120,1778597805
173,browser,Malaysia,2025-02-01,57.0,Basketball,Nike,Sports,click,50,1778597805
295,casual,Malaysia,2025-06-17,64.0,Gym Bag,Nike,Sports,click,-90,1778597805
358,buyer,Malaysia,2025-02-23,58.0,Tennis Racket,Wilson,Sports,purchase,200,1778597805
39,buyer,Singapore,2025-08-09,54.0,Body Lotion,Dove,Beauty,purchase,25,1778597805
,browser,Thailand,2025-04-05,53.0,Sunscreen,Nivea,Beauty,view,35,1778597805
258,casual,Indonesia,2025-11-29,18.0,Jeans,Levi's,Fashion,view,80,1778597805
205,buyer,Singapore,2025-10-12,13.0,4K Monitor,LG,,click,600,1778597805
unknown_user,browser,Singapore,2025-03-30,23.0,Cap,Nike,Fashion,view,210,1778597805
60,browser,Malaysia,2024-09-21,28.0,Formal Shirt,Zara,Fashion,view,90,1778597805
unknown_user,casual,Indonesia,2024-05-25,10.0,Gaming Laptop,Asus,,purchase,2200,1778597805
294,browser,Singapore,2026-03-27,52.0,Makeup Kit,Maybelline,Beauty,view,120,1778597805
175,browser,Philippines,2025-08-18,9.0,Smart Watch,Fitbit,Electronics,view,400,1778597805
,browser,Malaysia,2025-08-07,29.0,Sandals,Havaianas,Fashion,view,70,1778597805
270,casual,Indonesia,2026-01-22,51.0,Hair Dryer,Philips,Beauty,view,80,1778597805
90,browser,Malaysia,2024-06-11,31.0,Coffee Maker,Philips,Home,view,-150,1778597805
435,browser,Indonesia,2026-01-07,51.0,Hair Dryer,Philips,Beauty,view,560,1778597805
81,browser,Singapore,2024-12-14,8.0,AirPods Pro,Apple,,view,1500,1778597805
255,browser,Vietnam,2025-10-14,55.0,Nail Polish,O.P.I,Beauty,view,15,1778597805
99,casual,Singapore,2024-11-19,18.0,Jeans,Levi's,Fashion,click,80,1778597805
352,casual,Philippines,2025-06-14,1204.0,Hair Dryer,Philips,Beauty,click,80,1778597805
86,browser,Indonesia,2026-01-03,,Formal Shirt,Zara,Fashion,view,90,1778597805
231,browser,Malaysia,2026-01-13,60.0,Dumbbells,Decathlon,Sports,click,150,1778597805
203,browser,Singapore,2024-09-14,42.0,Sofa,Ikea,Home,purchase,12000,1778597805
,casual,Singapore,2025-02-09,36.0,Electric Kettle,Tefal,Home,click,120,1778597805
258,casual,Indonesia,2025-06-03,18.0,Jeans,Levi's,Fashion,purchase,80,1778597805
,browser,Vietnam,2025-02-23,41.0,Bed Frame,Ikea,Home,view,900,1778597805
unknown_user,buyer,Malaysia,2025-05-22,44.0,Curtains,Ikea,Home,invalid,-120,1778597805
354,casual,Malaysia,2025-12-13,47.0,Moisturizer,Nivea,Beauty,view,40,1778597805
434,casual,Malaysia,2024-09-18,7.0,Sony Headphones,Sony,Electronics,click,300,1778597805
51,buyer,Malaysia,2025-02-18,22.0,Hoodie,Puma,Fashion,purchase,90,1778597805
223,casual,Thailand,2025-02-12,35.0,Rice Cooker,Panasonic,Home,invalid,120,1778597805
82,casual,Singapore,2025-11-09,61.0,Treadmill,Technogym,Sports,purchase,1500,1778597805
110,browser,Singapore,2024-05-29,68.0,Machine Learning Guide,O'Reilly,,view,80,1778597805
,buyer,Malaysia,2024-11-25,27.0,Sports Shorts,Nike,Fashion,view,-50,1778597805
239,browser,Indonesia,2025-04-09,7.0,Sony Headphones,Sony,Electronics,view,900,1778597805
434,browser,Singapore,2025-05-29,49.0,Perfume,Dior,,click,150,1778597805
,browser,Malaysia,2026-03-25,7.0,Sony Headphones,Sony,Electronics,view,300,1778597805
67,browser,Indonesia,2025-08-31,3298.0,MacBook Pro,Apple,Electronics,view,2500,1778597805
32,browser,Malaysia,2025-02-18,44.0,Curtains,Ikea,Home,click,-120,1778597805
134,casual,Singapore,2025-12-13,14.0,External SSD,Samsung,Electronics,view,200,1778597805
479,casual,Indonesia,2025-06-29,67.0,Data Science Handbook,Packt,,click,70,1778597805
465,browser,Singapore,2025-04-29,12.0,Wireless Mouse,Logitech,Electronics,view,80,1778597805
28,browser,Malaysia,2024-06-12,63.0,Skipping Rope,Decathlon,Sports,purchase,-20,1778597805
unknown_user,buyer,Malaysia,2024-06-20,3784.0,Mechanical Keyboard,Logitech,Electronics,purchase,150,1778597805
445,casual,Malaysia,2026-01-06,38.0,Toaster,Philips,Home,view,-70,1778597805
unknown_user,casual,Malaysia,2024-06-16,17.0,Sneakers,Adidas,Fashion,invalid,150,1778597805
37,browser,Malaysia,2024-11-19,,Cycling Helmet,Giro,,view,80,1778597805
86,browser,Singapore,2025-07-25,36.0,Electric Kettle,Tefal,Home,view,60,1778597805
266,browser,Malaysia,2025-11-01,,Moisturizer,Nivea,Beauty,view,40,1778597805
179,browser,Malaysia,2025-07-22,49.0,Perfume,Dior,,view,150,1778597805
104,buyer,Vietnam,2025-08-01,48.0,Lipstick,Maybelline,Beauty,click,25,1778597805
58,browser,Malaysia,2024-05-21,34.0,Blender,Philips,Home,view,100,1778597805
,browser,Malaysia,2024-07-19,1016.0,Running Shoes,Nike,Fashion,invalid,-120,1778597805
441,casual,Thailand,2024-12-21,12.0,Wireless Mouse,Logitech,Electronics,click,-80,1778597805
unknown_user,casual,Thailand,2024-11-13,,Leather Belt,Levi's,Fashion,click,60,1778597805
41,browser,Singapore,2024-08-26,1.0,iPhone 15,Apple,Electronics,view,1200,1778597805
,buyer,Malaysia,2024-07-11,29.0,Sandals,Havaianas,Fashion,click,70,1778597805
212,buyer,Malaysia,2024-12-22,49.0,Perfume,Dior,Beauty,view,150,1778597805
417,browser,Indonesia,2024-10-05,45.0,Wall Clock,Generic,Home,click,40,1778597805
192,casual,Indonesia,2024-09-08,53.0,Sunscreen,Nivea,Beauty,purchase,35,1778597805
274,browser,Malaysia,2024-11-03,14.0,External SSD,Samsung,Electronics,view,1200,1778597805
,casual,Malaysia,2024-08-10,40.0,Office Chair,Ikea,Home,click,200,1778597805
403,browser,Singapore,2024-11-24,22.0,Hoodie,Puma,Fashion,view,90,1778597805
436,browser,Malaysia,2026-03-31,65.0,Water Bottle,Stanley,Sports,view,25,1778597805
unknown_user,casual,Vietnam,2025-04-15,40.0,Office Chair,Ikea,Home,view,200,1778597805
430,browser,Thailand,2024-12-25,4166.0,Moisturizer,Nivea,Beauty,view,40,1778597805
unknown_user,browser,Thailand,2025-01-20,51.0,Hair Dryer,Philips,Beauty,click,-80,1778597805
unknown_user,browser,Singapore,2025-11-10,38.0,Toaster,Philips,Home,view,70,1778597805
287,casual,Malaysia,2026-01-30,1265.0,Cycling Helmet,Giro,Sports,click,400,1778597805
,casual,Malaysia,2025-01-23,29.0,Sandals,Havaianas,Fashion,view,70,1778597805
392,buyer,Malaysia,2025-03-23,64.0,Gym Bag,Nike,Sports,click,90,1778597805
418,buyer,Malaysia,2025-12-23,46.0,Face Cleanser,Nivea,Beauty,view,300,1778597805
20,browser,Singapore,2026-04-15,57.0,Basketball,Nike,Sports,view,50,1778597805
292,buyer,Thailand,2025-02-04,9.0,Smart Watch,Fitbit,Electronics,purchase,400,1778597805
167,browser,Thailand,2024-10-26,59.0,Yoga Mat,Decathlon,Sports,view,60,1778597805
488,browser,Malaysia,2025-08-16,54.0,Body Lotion,Dove,Beauty,view,125,1778597805
212,browser,Malaysia,2025-11-30,1496.0,T-Shirt,Uniqlo,,view,40,1778597805
472,casual,Singapore,2026-01-28,58.0,Tennis Racket,Wilson,Sports,view,200,1778597805
179,buyer,Thailand,2025-12-28,57.0,Basketball,Nike,Sports,click,50,1778597805
unknown_user,browser,Singapore,2025-10-13,19.0,T-Shirt,Uniqlo,Fashion,view,40,1778597805
231,buyer,Thailand,2025-09-25,39.0,Dining Table,Ikea,Home,click,800,1778597805
401,browser,Vietnam,2024-06-16,53.0,Sunscreen,Nivea,,purchase,35,1778597805
286,buyer,Vietnam,2025-07-22,,Dress,H&M,Fashion,view,120,1778597805
unknown_user,casual,Indonesia,2025-09-27,27.0,Sports Shorts,Nike,Fashion,view,50,1778597805
289,casual,Singapore,2025-07-23,60.0,Dumbbells,Decathlon,Sports,purchase,150,1778597805
37,browser,Thailand,2025-06-07,41.0,Bed Frame,Ikea,Home,view,900,1778597805
34,browser,Thailand,2025-03-16,70.0,Self Development Book,Penguin,Books,view,40,1778597805
,buyer,Singapore,2024-07-29,,Python Programming Book,O'Reilly,Books,purchase,-450,1778597805
106,casual,Philippines,2024-09-27,3.0,MacBook Pro,Apple,Electronics,view,2500,1778597805
170,browser,Indonesia,2025-11-22,3588.0,Sandals,Havaianas,Fashion,view,70,1778597805
220,buyer,Singapore,2024-08-11,4466.0,Perfume,Dior,Beauty,view,150,1778597805
297,browser,Malaysia,2025-01-03,20.0,Jacket,Zara,Fashion,purchase,200,1778597805
unknown_user,buyer,Malaysia,2025-02-01,47.0,Moisturizer,Nivea,Beauty,purchase,40,1778597805
,buyer,Malaysia,2026-05-09,21.0,Dress,H&M,Fashion,purchase,120,1778597805
184,browser,Indonesia,2024-10-28,44.0,Curtains,Ikea,Home,view,120,1778597805
unknown_user,browser,Singapore,2025-04-19,62.0,Cycling Helmet,Giro,Sports,view,80,1778597805
,browser,Thailand,2025-09-18,65.0,Water Bottle,Stanley,Sports,view,25,1778597805
345,browser,Singapore,2025-07-18,4064.0,Tennis Racket,Wilson,Sports,view,1800,1778597805
299,browser,Indonesia,2024-06-21,1780.0,Dumbbells,Decathlon,Sports,view,150,1778597805
235,browser,Singapore,2025-07-17,2406.0,Perfume,Dior,Beauty,view,150,1778597805
357,casual,Thailand,2024-08-21,29.0,Sandals,Havaianas,Fashion,view,70,1778597805
98,buyer,Philippines,2025-05-31,34.0,Blender,Philips,Home,purchase,100,1778597805
311,casual,Vietnam,2025-02-16,34.0,Blender,Philips,Home,view,-100,1778597805
,browser,Thailand,2024-12-17,19.0,T-Shirt,Uniqlo,Fashion,click,200,1778597805
43,browser,Philippines,2025-04-22,2486.0,4K Monitor,LG,Electronics,click,600,1778597805
128,casual,Malaysia,2025-12-31,40.0,Office Chair,Ikea,,click,200,1778597805
449,casual,Thailand,2024-09-07,35.0,Rice Cooker,Panasonic,Home,view,120,1778597805
,browser,Malaysia,2024-08-19,58.0,Tennis Racket,Wilson,,view,200,1778597805
,buyer,Singapore,2025-03-14,56.0,Football,Adidas,Sports,purchase,40,1778597805
478,buyer,Malaysia,2025-01-05,60.0,Dumbbells,Decathlon,Sports,purchase,150,1778597805
135,browser,Thailand,2025-02-13,2.0,Samsung Galaxy S23,Samsung,Electronics,view,1000,1778597805
93,casual,Singapore,2024-09-17,46.0,Face Cleanser,Nivea,Beauty,purchase,30,1778597805
,browser,Malaysia,2025-08-25,1906.0,Air Fryer,Xiaomi,Home,view,180,1778597805
,browser,Singapore,2024-08-10,67.0,Data Science Handbook,Packt,Books,view,70,1778597805
,browser,Thailand,2025-09-29,50.0,Shampoo,Dove,Beauty,view,20,1778597805
79,browser,Vietnam,2025-10-31,62.0,Cycling Helmet,Giro,Sports,view,80,1778597805
327,casual,Malaysia,2025-07-10,36.0,Electric Kettle,Tefal,Home,view,60,1778597805
,casual,Indonesia,2025-01-17,31.0,Coffee Maker,Philips,Home,invalid,150,1778597805
28,buyer,Thailand,2024-12-08,33.0,Vacuum Cleaner,Dyson,Home,purchase,600,1778597805
11,casual,Malaysia,2026-03-26,30.0,Watch,Casio,Fashion,view,1500,1778597805
,buyer,Malaysia,2026-03-14,63.0,Skipping Rope,Decathlon,Sports,purchase,20,1778597805
,browser,Thailand,2025-06-21,2698.0,AirPods Pro,Apple,Electronics,invalid,250,1778597805
212,browser,Indonesia,2025-08-15,54.0,Body Lotion,Dove,Beauty,view,25,1778597805
449,buyer,Indonesia,2025-11-28,9.0,Smart Watch,Fitbit,,view,400,1778597805
368,casual,Thailand,2025-08-15,60.0,Dumbbells,Decathlon,Sports,view,150,1778597805
,casual,Thailand,2025-12-24,26.0,Backpack,Adidas,Fashion,view,100,1778597805
478,browser,Singapore,2024-07-30,12.0,Wireless Mouse,Logitech,Electronics,view,80,1778597805
,browser,Singapore,2025-02-24,2.0,Samsung Galaxy S23,Samsung,Electronics,view,1000,1778597805
107,casual,Thailand,2025-06-14,70.0,Self Development Book,Penguin,Books,click,40,1778597805
159,browser,Malaysia,2026-05-03,45.0,Wall Clock,Generic,Home,view,40,1778597805
,browser,Malaysia,2025-11-19,15.0,Bluetooth Speaker,JBL,Electronics,view,120,1778597805
143,browser,Singapore,2026-01-03,59.0,Yoga Mat,Decathlon,Sports,invalid,60,1778597805
178,casual,Malaysia,2026-02-23,70.0,Self Development Book,Penguin,Books,click,40,1778597805
82,browser,Malaysia,2024-08-28,36.0,Electric Kettle,Tefal,Home,view,60,1778597805
unknown_user,casual,Thailand,2024-07-17,34.0,Blender,Philips,Home,invalid,100,1778597805
173,casual,Indonesia,2025-06-28,37.0,Microwave Oven,Samsung,Home,invalid,250,1778597805
260,browser,Malaysia,2024-10-28,64.0,Gym Bag,Nike,Sports,view,-90,1778597805
51,buyer,Malaysia,2024-11-21,32.0,Air Fryer,Xiaomi,Home,view,180,1778597805
288,buyer,Malaysia,2026-02-04,32.0,Air Fryer,Xiaomi,Home,click,180,1778597805
190,browser,Malaysia,2025-06-28,36.0,Electric Kettle,Tefal,,view,60,1778597805
278,casual,Thailand,2024-08-08,3308.0,Bed Frame,Ikea,Home,view,900,1778597805
,browser,Malaysia,2026-04-19,15.0,Bluetooth Speaker,JBL,Electronics,view,120,1778597805
134,browser,Thailand,2025-07-05,62.0,Cycling Helmet,Giro,Sports,invalid,80,1778597805
128,buyer,Vietnam,2026-01-15,24.0,Sunglasses,Ray-Ban,Fashion,purchase,180,1778597805
88,casual,Indonesia,2025-10-18,36.0,Electric Kettle,Tefal,Home,click,60,1778597805
68,casual,Thailand,2025-05-01,43.0,Desk Lamp,Philips,Home,view,50,1778597805
434,browser,Indonesia,2025-12-30,45.0,Wall Clock,Generic,Home,view,40,1778597805
unknown_user,casual,Singapore,2025-02-09,20.0,Jacket,Zara,,view,200,1778597805
357,browser,Singapore,2025-06-25,41.0,Bed Frame,Ikea,Home,click,900,1778597805
41,casual,Indonesia,2024-06-04,5.0,iPad Air,Apple,Electronics,view,900,1778597805
unknown_user,buyer,Singapore,2025-01-11,61.0,Treadmill,Technogym,Sports,purchase,1500,1778597805
60,browser,Malaysia,2024-09-08,4.0,Dell XPS 13,Dell,Electronics,invalid,1800,1778597805
19,casual,Malaysia,2025-10-02,22.0,Hoodie,Puma,Fashion,view,90,1778597805
269,browser,Malaysia,2025-06-11,61.0,Treadmill,Technogym,Sports,view,7500,1778597805
393,casual,Malaysia,2025-10-17,42.0,Sofa,Ikea,Home,purchase,1200,1778597805
308,casual,Malaysia,2024-10-11,65.0,Water Bottle,Stanley,Sports,purchase,100,1778597805
unknown_user,browser,Malaysia,2025-01-22,,Toaster,Philips,,view,70,1778597805
20,buyer,Indonesia,2025-10-25,40.0,Office Chair,Ikea,Home,view,200,1778597805
unknown_user,buyer,Thailand,2025-01-23,68.0,Machine Learning Guide,O'Reilly,Books,purchase,80,1778597805
261,browser,Malaysia,2025-11-24,23.0,Cap,Nike,Fashion,view,-30,1778597805
96,casual,Malaysia,2025-02-22,23.0,Cap,Nike,Fashion,click,30,1778597805
,browser,Indonesia,2024-08-08,1.0,iPhone 15,Apple,Electronics,view,1200,1778597805
375,casual,Philippines,2025-02-28,67.0,Data Science Handbook,Packt,,click,70,1778597805
unknown_user,browser,Indonesia,2024-09-10,46.0,Face Cleanser,Nivea,,view,30,1778597805
419,casual,Malaysia,2026-01-26,1.0,iPhone 15,Apple,Electronics,view,1200,1778597805
unknown_user,casual,Vietnam,2024-07-20,,Wall Clock,Generic,,view,40,1778597805
unknown_user,casual,Malaysia,2026-04-25,56.0,Football,Adidas,Sports,purchase,40,1778597805
414,browser,Malaysia,2025-09-17,62.0,Cycling Helmet,Giro,Sports,view,-80,1778597805
200,browser,Malaysia,2025-02-08,58.0,Tennis Racket,Wilson,Sports,click,1200,1778597805
254,buyer,Singapore,2024-05-27,2.0,Samsung Galaxy S23,Samsung,Electronics,view,1000,1778597805
142,browser,Malaysia,2024-08-09,66.0,Python Programming Book,O'Reilly,Books,view,50,1778597805
189,buyer,Malaysia,2025-05-27,68.0,Machine Learning Guide,O'Reilly,Books,click,80,1778597805
56,buyer,Thailand,2024-07-30,17.0,Sneakers,Adidas,,view,150,1778597805
336,browser,Thailand,2025-01-08,24.0,Sunglasses,Ray-Ban,Fashion,purchase,180,1778597805
385,casual,Malaysia,2026-04-30,68.0,Machine Learning Guide,O'Reilly,Books,click,80,1778597805
95,browser,Indonesia,2025-07-24,,Sneakers,Adidas,Fashion,view,150,1778597805
9,casual,Malaysia,2026-04-22,52.0,Makeup Kit,Maybelline,Beauty,view,840,1778597805
154,browser,Indonesia,2025-05-03,64.0,Gym Bag,Nike,Sports,view,90,1778597805
490,casual,Malaysia,2026-03-19,2272.0,Sneakers,Adidas,Fashion,click,150,1778597805
131,casual,Indonesia,2025-04-21,63.0,Skipping Rope,Decathlon,Sports,purchase,20,1778597805
230,browser,Thailand,2024-07-04,65.0,Water Bottle,Stanley,Sports,view,-25,1778597805
unknown_user,casual,Singapore,2026-04-20,45.0,Wall Clock,Generic,Home,click,40,1778597805
unknown_user,casual,Thailand,2024-07-17,28.0,Formal Shirt,Zara,Fashion,invalid,90,1778597805
343,browser,Indonesia,2026-03-24,2541.0,Business Strategy Book,Harvard Press,Books,view,60,1778597805
179,casual,Indonesia,2025-09-03,7.0,Sony Headphones,Sony,Electronics,view,300,1778597805
228,browser,Singapore,2025-08-19,46.0,Face Cleanser,Nivea,Beauty,view,30,1778597805
53,buyer,Thailand,2024-07-13,34.0,Blender,Philips,Home,view,100,1778597805
396,buyer,Malaysia,2025-12-31,57.0,Basketball,Nike,Sports,click,50,1778597805
238,browser,Thailand,2026-01-29,34.0,Blender,Philips,Home,view,100,1778597805
259,browser,Singapore,2025-10-28,46.0,Face Cleanser,Nivea,Beauty,purchase,270,1778597805
90,buyer,Philippines,2025-03-17,19.0,T-Shirt,Uniqlo,Fashion,purchase,40,1778597805
unknown_user,browser,Indonesia,2026-04-08,32.0,Air Fryer,Xiaomi,Home,view,180,1778597805
492,browser,Indonesia,2025-07-02,3411.0,Dumbbells,Decathlon,Sports,view,150,1778597805
unknown_user,browser,Singapore,2026-03-12,4347.0,Gaming Laptop,Asus,Electronics,view,2200,1778597805
150,casual,Singapore,2025-08-29,54.0,Body Lotion,Dove,Beauty,purchase,25,1778597805
255,browser,Thailand,2026-04-21,16.0,Running Shoes,Nike,Fashion,invalid,120,1778597805
297,browser,Philippines,2025-06-25,31.0,Coffee Maker,Philips,Home,view,150,1778597805
31,browser,Malaysia,2024-05-28,,Lipstick,Maybelline,Beauty,view,50,1778597805
447,browser,Indonesia,2025-03-06,16.0,Running Shoes,Nike,Fashion,purchase,120,1778597805
102,casual,Malaysia,2026-04-11,26.0,Backpack,Adidas,Fashion,view,800,1778597805
370,buyer,Singapore,2026-05-05,62.0,Cycling Helmet,Giro,Sports,view,80,1778597805
unknown_user,buyer,Singapore,2025-08-03,4466.0,Leather Belt,Levi's,Fashion,view,60,1778597805
unknown_user,browser,Thailand,2025-10-18,39.0,Dining Table,Ikea,Home,view,800,1778597805
unknown_user,buyer,Singapore,2025-08-12,24.0,Sunglasses,Ray-Ban,Fashion,purchase,180,1778597805
50,buyer,Malaysia,2024-05-14,15.0,Bluetooth Speaker,JBL,Electronics,click,120,1778597805
222,buyer,Indonesia,2025-04-19,44.0,Curtains,Ikea,Home,view,120,1778597805
244,browser,Malaysia,2025-01-31,58.0,Tennis Racket,Wilson,Sports,view,200,1778597805
203,casual,Malaysia,2025-11-25,50.0,Shampoo,Dove,Beauty,click,-20,1778597805
,browser,Malaysia,2024-12-19,53.0,Sunscreen,Nivea,Beauty,view,35,1778597805
477,casual,Singapore,2024-11-04,1605.0,Wireless Mouse,Logitech,Electronics,view,80,1778597805
397,browser,Philippines,2024-09-24,57.0,Basketball,Nike,,invalid,50,1778597805
87,browser,Singapore,2026-04-20,54.0,Body Lotion,Dove,Beauty,view,25,1778597805
340,browser,Philippines,2026-02-06,,Samsung Galaxy S23,Samsung,Electronics,view,-1000,1778597805
313,buyer,Malaysia,2024-10-07,54.0,Body Lotion,Dove,Beauty,click,25,1778597805
453,browser,Indonesia,2025-03-24,4315.0,Shampoo,Dove,Beauty,view,20,1778597805
93,casual,Singapore,2026-04-26,24.0,Sunglasses,Ray-Ban,Fashion,click,180,1778597805
270,buyer,Thailand,2025-05-18,25.0,Leather Belt,Levi's,Fashion,click,60,1778597805
141,buyer,Vietnam,2024-06-19,22.0,Hoodie,Puma,Fashion,click,90,1778597805
386,buyer,Malaysia,2025-08-24,5.0,iPad Air,Apple,Electronics,purchase,900,1778597805
unknown_user,casual,Thailand,2024-11-09,2287.0,Water Bottle,Stanley,Sports,view,200,1778597805
215,casual,Malaysia,2025-04-04,39.0,Dining Table,Ikea,Home,click,-800,1778597805
294,casual,Malaysia,2025-03-24,10.0,Gaming Laptop,Asus,Electronics,click,2200,1778597805
201,browser,Malaysia,2024-05-16,49.0,Perfume,Dior,Beauty,purchase,150,1778597805
unknown_user,browser,Indonesia,2025-07-28,,Dining Table,Ikea,Home,click,800,1778597805
71,browser,Thailand,2025-10-23,32.0,Air Fryer,Xiaomi,Home,view,-180,1778597805
344,casual,Thailand,2025-10-30,24.0,Sunglasses,Ray-Ban,Fashion,view,180,1778597805
317,buyer,Malaysia,2026-03-10,24.0,Sunglasses,Ray-Ban,Fashion,view,180,1778597805
,browser,Singapore,2025-05-22,64.0,Gym Bag,Nike,Sports,view,90,1778597805
,casual,Singapore,2024-06-13,4.0,Dell XPS 13,Dell,Electronics,view,-1800,1778597805
222,browser,Malaysia,2025-06-14,57.0,Basketball,Nike,Sports,click,50,1778597805
93,casual,Malaysia,2025-03-14,53.0,Sunscreen,Nivea,Beauty,view,175,1778597805
142,browser,Thailand,2025-03-28,69.0,Business Strategy Book,Harvard Press,Books,view,180,1778597805
101,buyer,Malaysia,2024-05-23,3185.0,Gaming Laptop,Asus,Electronics,purchase,2200,1778597805
316,casual,Singapore,2025-04-02,68.0,Machine Learning Guide,O'Reilly,Books,purchase,-80,1778597805
292,browser,Indonesia,2024-07-19,38.0,Toaster,Philips,Home,view,70,1778597805
,casual,Malaysia,2025-06-08,30.0,Watch,Casio,Fashion,click,-250,1778597805
144,casual,Singapore,2025-07-25,19.0,T-Shirt,Uniqlo,Fashion,purchase,40,1778597805
480,casual,Philippines,2025-05-19,3.0,MacBook Pro,Apple,Electronics,purchase,2500,1778597805
254,browser,Indonesia,2024-12-17,,Business Strategy Book,Harvard Press,,invalid,60,1778597805
,browser,Singapore,2024-07-11,3898.0,Gaming Laptop,Asus,Electronics,invalid,11000,1778597805
,browser,Malaysia,2024-08-23,70.0,Self Development Book,Penguin,Books,view,40,1778597805
66,buyer,Singapore,2024-11-02,,Wireless Mouse,Logitech,Electronics,click,80,1778597805
170,casual,Thailand,2024-07-07,17.0,Sneakers,Adidas,Fashion,invalid,150,1778597805
273,browser,Indonesia,2026-01-22,39.0,Dining Table,Ikea,Home,click,-800,1778597805
449,casual,Singapore,2026-01-02,35.0,Rice Cooker,Panasonic,Home,invalid,120,1778597805
15,casual,Indonesia,2025-06-07,24.0,Sunglasses,Ray-Ban,Fashion,purchase,180,1778597805
,casual,Philippines,2025-04-16,48.0,Lipstick,Maybelline,Beauty,view,25,1778597805
46,browser,Malaysia,2026-03-08,24.0,Sunglasses,Ray-Ban,Fashion,view,180,1778597805
304,buyer,Thailand,2025-05-20,16.0,Running Shoes,Nike,Fashion,invalid,120,1778597805
76,buyer,Malaysia,2025-12-21,,Moisturizer,Nivea,Beauty,invalid,40,1778597805
316,browser,Singapore,2024-08-25,23.0,Cap,Nike,Fashion,view,30,1778597805
315,casual,Malaysia,2026-03-01,26.0,Backpack,Adidas,Fashion,purchase,100,1778597805
478,browser,Malaysia,2024-12-11,3001.0,iPad Air,Apple,Electronics,view,900,1778597805
105,buyer,Thailand,2025-01-24,12.0,Wireless Mouse,Logitech,Electronics,click,560,1778597805
,buyer,Vietnam,2026-03-11,18.0,Jeans,Levi's,Fashion,click,80,1778597805
413,casual,Indonesia,2025-12-11,,Watch,Casio,,view,250,1778597805
143,browser,Malaysia,2025-06-25,1399.0,Cap,Nike,Fashion,view,30,1778597805
,buyer,Thailand,2025-10-22,34.0,Blender,Philips,,purchase,100,1778597805
,browser,Malaysia,2025-07-22,29.0,Sandals,Havaianas,Fashion,view,70,1778597805
unknown_user,casual,Indonesia,2026-03-13,7.0,Sony Headphones,Sony,Electronics,click,300,1778597805
122,browser,Indonesia,2025-12-14,48.0,Lipstick,Maybelline,Beauty,view,25,1778597805
unknown_user,buyer,Malaysia,2025-02-15,41.0,Bed Frame,Ikea,Home,purchase,900,1778597805
196,browser,Singapore,2026-01-10,10.0,Gaming Laptop,Asus,Electronics,invalid,2200,1778597805
413,casual,Singapore,2026-03-14,1681.0,Rice Cooker,Panasonic,Home,view,120,1778597805
322,browser,Indonesia,2025-04-15,27.0,Sports Shorts,Nike,Fashion,view,50,1778597805
308,browser,Malaysia,2024-11-14,,Treadmill,Technogym,Sports,view,1500,1778597805
unknown_user,casual,Malaysia,2025-10-09,31.0,Coffee Maker,Philips,Home,view,-150,1778597805
unknown_user,buyer,Indonesia,2024-10-10,32.0,Air Fryer,Xiaomi,Home,purchase,-180,1778597805
313,browser,Singapore,2025-06-03,2652.0,Hoodie,Puma,Fashion,view,90,1778597805
unknown_user,casual,Malaysia,2024-07-16,53.0,Sunscreen,Nivea,Beauty,click,245,1778597805
,casual,Vietnam,2024-09-30,70.0,Self Development Book,Penguin,Books,purchase,40,1778597805
205,browser,Malaysia,2025-07-10,28.0,Formal Shirt,Zara,Fashion,view,90,1778597805
350,casual,Malaysia,2025-04-11,1183.0,Wireless Mouse,Logitech,Electronics,purchase,80,1778597805
163,casual,Malaysia,2024-07-05,49.0,Perfume,Dior,Beauty,purchase,150,1778597805
unknown_user,casual,Singapore,2025-06-14,51.0,Hair Dryer,Philips,Beauty,view,80,1778597805
213,casual,Indonesia,2024-12-12,4106.0,Skipping Rope,Decathlon,Sports,purchase,20,1778597805
unknown_user,buyer,Singapore,2025-03-07,61.0,Treadmill,Technogym,Sports,purchase,1500,1778597805
unknown_user,casual,Malaysia,2024-12-04,41.0,Bed Frame,Ikea,,invalid,900,1778597805
73,browser,Malaysia,2025-10-17,43.0,Desk Lamp,Philips,,view,50,1778597805
231,browser,Indonesia,2024-07-27,1.0,iPhone 15,Apple,Electronics,view,4800,1778597805
262,buyer,Malaysia,2024-08-12,1.0,iPhone 15,Apple,Electronics,purchase,8400,1778597805
89,browser,Thailand,2025-12-22,33.0,Vacuum Cleaner,Dyson,Home,view,300,1778597805
unknown_user,browser,Indonesia,2024-07-13,12.0,Wireless Mouse,Logitech,Electronics,view,80,1778597805
129,casual,Singapore,2025-12-07,53.0,Sunscreen,Nivea,Beauty,invalid,35,1778597805
254,buyer,Malaysia,2024-08-22,67.0,Data Science Handbook,Packt,Books,purchase,70,1778597805
92,casual,Malaysia,2025-10-06,26.0,Backpack,Adidas,Fashion,click,-100,1778597805
19,casual,Malaysia,2024-05-19,60.0,Dumbbells,Decathlon,Sports,view,-150,1778597805
232,browser,Malaysia,2025-07-25,8.0,AirPods Pro,Apple,Electronics,click,250,1778597805
unknown_user,buyer,Philippines,2025-06-08,39.0,Dining Table,Ikea,Home,click,800,1778597805
unknown_user,casual,Singapore,2025-09-30,30.0,Watch,Casio,Fashion,invalid,250,1778597805
211,browser,Malaysia,2025-08-05,52.0,Makeup Kit,Maybelline,Beauty,click,120,1778597805
114,casual,Thailand,2026-01-01,68.0,Machine Learning Guide,O'Reilly,Books,invalid,80,1778597805
454,browser,Indonesia,2026-04-01,25.0,Leather Belt,Levi's,Fashion,view,60,1778597805
439,casual,Singapore,2025-05-12,53.0,Sunscreen,Nivea,Beauty,view,35,1778597805
unknown_user,browser,Philippines,2024-07-04,,T-Shirt,Uniqlo,Fashion,view,40,1778597805
326,browser,Malaysia,2025-11-03,4.0,Dell XPS 13,Dell,Electronics,invalid,-1800,1778597805
153,casual,Indonesia,2024-09-29,52.0,Makeup Kit,Maybelline,Beauty,invalid,600,1778597805
292,browser,Malaysia,2024-10-16,1701.0,Cap,Nike,Fashion,view,30,1778597805
195,casual,Philippines,2025-10-29,3612.0,Moisturizer,Nivea,Beauty,click,40,1778597805
497,browser,Malaysia,2024-12-03,52.0,Makeup Kit,Maybelline,Beauty,view,120,1778597805
270,buyer,Thailand,2025-12-11,37.0,Microwave Oven,Samsung,Home,click,250,1778597805
84,browser,Thailand,2025-11-11,47.0,Moisturizer,Nivea,Beauty,purchase,40,1778597805
3,buyer,Malaysia,2026-01-29,,Hair Dryer,Philips,Beauty,purchase,80,1778597805
211,buyer,Singapore,2024-12-31,13.0,4K Monitor,LG,,purchase,4200,1778597805
11,casual,Singapore,2025-07-17,3131.0,Desk Lamp,Philips,Home,invalid,50,1778597805
262,casual,Malaysia,2025-12-19,54.0,Body Lotion,Dove,Beauty,click,25,1778597805
,casual,Malaysia,2024-07-06,27.0,Sports Shorts,Nike,Fashion,view,50,1778597805
,casual,Malaysia,2025-04-23,12.0,Wireless Mouse,Logitech,Electronics,purchase,80,1778597805
86,browser,Malaysia,2025-06-15,67.0,Data Science Handbook,Packt,Books,view,70,1778597805
325,casual,Thailand,2025-10-21,29.0,Sandals,Havaianas,Fashion,view,70,1778597805
113,buyer,Singapore,2024-06-06,5.0,iPad Air,Apple,,view,9000,1778597805
229,browser,Indonesia,2026-04-03,19.0,T-Shirt,Uniqlo,Fashion,view,40,1778597805
397,browser,Malaysia,2025-12-25,25.0,Leather Belt,Levi's,Fashion,invalid,-60,1778597805
67,browser,Malaysia,2025-06-21,60.0,Dumbbells,Decathlon,Sports,view,150,1778597805
270,browser,Singapore,2024-07-06,21.0,Dress,H&M,,view,120,1778597805
224,browser,Malaysia,2024-12-05,52.0,Makeup Kit,Maybelline,,view,-120,1778597805
496,buyer,Singapore,2025-01-03,27.0,Sports Shorts,Nike,Fashion,purchase,50,1778597805
190,casual,Malaysia,2024-05-17,11.0,Mechanical Keyboard,Logitech,Electronics,click,150,1778597805
216,buyer,Singapore,2025-01-15,4249.0,Blender,Philips,Home,view,100,1778597805
374,casual,Malaysia,2026-04-16,,MacBook Pro,Apple,Electronics,view,2500,1778597805
190,casual,Malaysia,2025-03-12,4215.0,Skipping Rope,Decathlon,Sports,click,20,1778597805
353,browser,Malaysia,2025-07-29,51.0,Hair Dryer,Philips,Beauty,view,560,1778597805
,browser,Thailand,2025-04-01,37.0,Microwave Oven,Samsung,Home,view,250,1778597805
1,casual,Malaysia,2024-11-28,29.0,Sandals,Havaianas,Fashion,purchase,280,1778597805
75,browser,Malaysia,2025-11-14,1066.0,External SSD,Samsung,Electronics,view,200,1778597805
unknown_user,browser,Singapore,2024-05-24,23.0,Cap,Nike,Fashion,view,90,1778597805
unknown_user,buyer,Malaysia,2025-05-24,10.0,Gaming Laptop,Asus,,view,2200,1778597805
411,buyer,Singapore,2026-04-10,11.0,Mechanical Keyboard,Logitech,Electronics,purchase,-750,1778597805
495,browser,Malaysia,2026-03-30,55.0,Nail Polish,O.P.I,Beauty,view,30,1778597805
,browser,Indonesia,2025-06-07,3798.0,Wireless Mouse,Logitech,Electronics,view,80,1778597805
487,browser,Thailand,2025-10-01,3106.0,Perfume,Dior,Beauty,view,150,1778597805
88,browser,Indonesia,2025-11-26,19.0,T-Shirt,Uniqlo,Fashion,view,40,1778597805
94,buyer,Malaysia,2025-05-16,6.0,Samsung Tablet,Samsung,,purchase,700,1778597805
342,casual,Malaysia,2025-09-15,65.0,Water Bottle,Stanley,Sports,click,100,1778597805
188,browser,Philippines,2024-05-31,4.0,Dell XPS 13,Dell,Electronics,view,-1800,1778597805
358,casual,Malaysia,2025-07-13,63.0,Skipping Rope,Decathlon,Sports,click,20,1778597805
3,browser,Indonesia,2025-01-31,28.0,Formal Shirt,Zara,Fashion,view,90,1778597805
84,buyer,Thailand,2024-07-13,4336.0,Running Shoes,Nike,Fashion,purchase,120,1778597805
127,browser,Thailand,2025-07-18,67.0,Data Science Handbook,Packt,Books,click,280,1778597805
,buyer,Singapore,2025-03-23,1.0,iPhone 15,Apple,Electronics,view,1200,1778597805
486,browser,Thailand,2024-05-24,41.0,Bed Frame,Ikea,,view,900,1778597805
unknown_user,browser,Malaysia,2025-12-21,3735.0,Business Strategy Book,Harvard Press,Books,view,60,1778597805
475,browser,Indonesia,2024-11-23,30.0,Watch,Casio,Fashion,view,250,1778597805
285,casual,Singapore,2025-10-27,9.0,Smart Watch,Fitbit,Electronics,view,400,1778597805
131,browser,Malaysia,2025-05-07,56.0,Football,Adidas,Sports,view,40,1778597805
156,browser,Malaysia,2025-08-27,67.0,Data Science Handbook,Packt,Books,view,70,1778597805
70,browser,Malaysia,2025-04-15,30.0,Watch,Casio,Fashion,view,1750,1778597805
,browser,Malaysia,2025-10-12,4313.0,Bluetooth Speaker,JBL,Electronics,view,120,1778597805
306,browser,Malaysia,2024-12-14,5.0,iPad Air,Apple,Electronics,view,900,1778597805
473,browser,Malaysia,2025-09-13,36.0,Electric Kettle,Tefal,Home,view,60,1778597805
,casual,Malaysia,2025-07-13,6.0,Samsung Tablet,Samsung,Electronics,view,700,1778597805
359,casual,Indonesia,2025-07-28,25.0,Leather Belt,Levi's,Fashion,click,60,1778597805
51,browser,Malaysia,2024-12-18,12.0,Wireless Mouse,Logitech,Electronics,invalid,80,1778597805
unknown_user,buyer,Singapore,2026-04-23,1901.0,Blender,Philips,Home,purchase,100,1778597805
483,browser,Indonesia,2024-09-07,70.0,Self Development Book,Penguin,Books,view,40,1778597805
451,browser,Singapore,2025-06-14,65.0,Water Bottle,Stanley,,view,25,1778597805
unknown_user,casual,Singapore,2025-09-17,53.0,Sunscreen,Nivea,Beauty,click,35,1778597805
214,buyer,Malaysia,2025-10-07,65.0,Water Bottle,Stanley,Sports,click,25,1778597805
234,browser,Singapore,2025-11-03,4334.0,Mechanical Keyboard,Logitech,Electronics,view,150,1778597805
163,browser,Singapore,2025-01-29,2.0,Samsung Galaxy S23,Samsung,Electronics,view,4000,1778597805
36,buyer,Thailand,2025-08-01,16.0,Running Shoes,Nike,Fashion,view,-120,1778597805
342,casual,Malaysia,2025-11-07,59.0,Yoga Mat,Decathlon,Sports,view,60,1778597805
,buyer,Thailand,2024-11-17,3743.0,Cycling Helmet,Giro,Sports,purchase,80,1778597805
475,browser,Singapore,2025-10-11,37.0,Microwave Oven,Samsung,,view,750,1778597805
309,browser,Indonesia,2026-04-01,20.0,Jacket,Zara,Fashion,view,200,1778597805
,browser,Thailand,2024-08-23,1678.0,Blender,Philips,Home,view,100,1778597805
228,buyer,Singapore,2024-08-18,47.0,Moisturizer,Nivea,Beauty,purchase,360,1778597805
163,casual,Thailand,2025-05-13,65.0,Water Bottle,Stanley,Sports,view,25,1778597805
19,buyer,Malaysia,2024-12-24,66.0,Python Programming Book,O'Reilly,Books,view,450,1778597805
unknown_user,browser,Thailand,2024-09-02,59.0,Yoga Mat,Decathlon,Sports,view,60,1778597805
399,casual,Singapore,2026-02-26,66.0,Python Programming Book,O'Reilly,Books,click,50,1778597805
129,casual,Malaysia,2026-05-10,57.0,Basketball,Nike,Sports,purchase,50,1778597805
176,browser,Singapore,2025-07-10,34.0,Blender,Philips,Home,view,100,1778597805
485,buyer,Singapore,2024-08-21,25.0,Leather Belt,Levi's,Fashion,purchase,60,1778597805
unknown_user,browser,Malaysia,2026-01-18,1935.0,Dress,H&M,Fashion,view,120,1778597805
166,browser,Thailand,2025-05-30,53.0,Sunscreen,Nivea,Beauty,view,35,1778597805
355,casual,Philippines,2025-02-16,65.0,Water Bottle,Stanley,Sports,purchase,25,1778597805
226,casual,Malaysia,2025-04-04,69.0,Business Strategy Book,Harvard Press,Books,click,60,1778597805
121,casual,Singapore,2025-07-08,13.0,4K Monitor,LG,Electronics,click,600,1778597805
,browser,Malaysia,2026-01-19,3015.0,Nail Polish,O.P.I,Beauty,view,15,1778597805
,browser,Indonesia,2024-06-27,13.0,4K Monitor,LG,Electronics,view,-600,1778597805
463,casual,Singapore,2024-12-05,32.0,Air Fryer,Xiaomi,Home,view,180,1778597805
60,casual,Indonesia,2024-08-22,55.0,Nail Polish,O.P.I,Beauty,view,15,1778597805
258,casual,Indonesia,2026-02-15,52.0,Makeup Kit,Maybelline,Beauty,purchase,-240,1778597805
,browser,Thailand,2024-10-29,48.0,Lipstick,Maybelline,Beauty,click,25,1778597805
299,casual,Malaysia,2025-11-24,44.0,Curtains,Ikea,Home,view,120,1778597805
289,browser,Indonesia,2026-03-27,10.0,Gaming Laptop,Asus,Electronics,view,2200,1778597805
238,browser,Thailand,2026-01-09,17.0,Sneakers,Adidas,Fashion,view,150,1778597805
440,buyer,Singapore,2026-04-11,61.0,Treadmill,Technogym,Sports,purchase,1500,1778597805
,browser,Thailand,2024-09-29,34.0,Blender,Philips,Home,purchase,100,1778597805
338,browser,Philippines,2026-04-20,35.0,Rice Cooker,Panasonic,Home,click,120,1778597805
unknown_user,browser,Malaysia,2025-02-14,,Leather Belt,Levi's,Fashion,view,60,1778597805
90,browser,Indonesia,2026-02-09,17.0,Sneakers,Adidas,Fashion,view,150,1778597805
,buyer,Malaysia,2026-04-14,56.0,Football,Adidas,,view,40,1778597805
unknown_user,browser,Singapore,2025-02-18,69.0,Business Strategy Book,Harvard Press,Books,view,60,1778597805
310,buyer,Singapore,2026-04-11,3.0,MacBook Pro,Apple,Electronics,purchase,-2500,1778597805
21,casual,Indonesia,2025-05-06,37.0,Microwave Oven,Samsung,,view,250,1778597805
85,browser,Malaysia,2025-01-20,66.0,Python Programming Book,O'Reilly,Books,click,50,1778597805
164,browser,Malaysia,2025-06-30,62.0,Cycling Helmet,Giro,Sports,purchase,80,1778597805
444,casual,Singapore,2025-01-01,41.0,Bed Frame,Ikea,Home,view,900,1778597805
93,browser,Malaysia,2025-11-24,53.0,Sunscreen,Nivea,Beauty,view,280,1778597805
,browser,Singapore,2025-06-30,41.0,Bed Frame,Ikea,Home,view,900,1778597805
unknown_user,browser,Thailand,2025-11-29,1630.0,Skipping Rope,Decathlon,Sports,click,20,1778597805
unknown_user,casual,Malaysia,2024-11-16,4884.0,Face Cleanser,Nivea,,view,-30,1778597805
140,casual,Singapore,2024-11-25,54.0,Body Lotion,Dove,Beauty,invalid,25,1778597805
386,browser,Malaysia,2025-04-30,19.0,T-Shirt,Uniqlo,Fashion,view,40,1778597805
unknown_user,browser,Indonesia,2025-11-07,35.0,Rice Cooker,Panasonic,Home,view,120,1778597805
329,browser,Indonesia,2025-07-26,43.0,Desk Lamp,Philips,,view,50,1778597805
263,browser,Malaysia,2025-10-11,24.0,Sunglasses,Ray-Ban,Fashion,view,180,1778597805
397,browser,Malaysia,2025-05-27,65.0,Water Bottle,Stanley,Sports,view,25,1778597805
380,browser,Singapore,2025-02-22,48.0,Lipstick,Maybelline,,view,25,1778597805
446,buyer,Malaysia,2025-08-12,11.0,Mechanical Keyboard,Logitech,Electronics,purchase,150,1778597805
66,buyer,Thailand,2026-01-07,4561.0,Tennis Racket,Wilson,Sports,purchase,200,1778597805
358,browser,Indonesia,2025-12-20,3828.0,Dumbbells,Decathlon,Sports,view,150,1778597805
324,browser,Malaysia,2026-01-25,31.0,Coffee Maker,Philips,Home,view,150,1778597805
330,buyer,Malaysia,2025-03-14,25.0,Leather Belt,Levi's,Fashion,view,60,1778597805
448,casual,Indonesia,2026-03-02,,Water Bottle,Stanley,Sports,invalid,25,1778597805
,browser,Malaysia,2025-09-14,50.0,Shampoo,Dove,Beauty,view,20,1778597805
362,casual,Malaysia,2026-03-26,35.0,Rice Cooker,Panasonic,,view,120,1778597805
274,buyer,Malaysia,2024-05-29,63.0,Skipping Rope,Decathlon,Sports,purchase,20,1778597805
384,casual,Malaysia,2024-07-28,13.0,4K Monitor,LG,Electronics,invalid,600,1778597805
265,casual,Singapore,2026-05-10,43.0,Desk Lamp,Philips,Home,invalid,50,1778597805
175,buyer,Thailand,2024-08-01,7.0,Sony Headphones,Sony,Electronics,view,300,1778597805
472,buyer,Malaysia,2026-05-08,62.0,Cycling Helmet,Giro,Sports,click,80,1778597805
338,browser,Malaysia,2025-02-20,1.0,iPhone 15,Apple,Electronics,view,7200,1778597805
322,casual,Indonesia,2024-05-16,13.0,4K Monitor,LG,Electronics,click,600,1778597805
161,browser,Vietnam,2025-02-12,5.0,iPad Air,Apple,Electronics,click,900,1778597805
unknown_user,casual,Malaysia,2024-05-20,2.0,Samsung Galaxy S23,Samsung,,invalid,1000,1778597805
481,casual,Vietnam,2024-09-20,47.0,Moisturizer,Nivea,Beauty,invalid,40,1778597805
,browser,Philippines,2024-10-20,63.0,Skipping Rope,Decathlon,Sports,view,20,1778597805
320,browser,Malaysia,2024-11-15,12.0,Wireless Mouse,Logitech,,view,80,1778597805
68,buyer,Thailand,2025-05-14,58.0,Tennis Racket,Wilson,Sports,purchase,200,1778597805
284,browser,Indonesia,2025-02-16,4336.0,Hoodie,Puma,Fashion,invalid,90,1778597805
169,browser,Malaysia,2024-10-18,23.0,Cap,Nike,Fashion,view,-30,1778597805
180,casual,Malaysia,2025-08-28,13.0,4K Monitor,LG,Electronics,invalid,-600,1778597805
481,browser,Vietnam,2025-08-21,25.0,Leather Belt,Levi's,Fashion,view,60,1778597805
208,browser,Singapore,2026-03-01,1.0,iPhone 15,Apple,Electronics,view,1200,1778597805
2,casual,Malaysia,2025-03-30,31.0,Coffee Maker,Philips,Home,click,150,1778597805
114,browser,Malaysia,2025-05-31,52.0,Makeup Kit,Maybelline,Beauty,view,120,1778597805
499,buyer,Thailand,2026-01-19,70.0,Self Development Book,Penguin,Books,purchase,40,1778597805
unknown_user,browser,Thailand,2025-11-24,4.0,Dell XPS 13,Dell,Electronics,invalid,1800,1778597805
52,casual,Malaysia,2025-06-13,3.0,MacBook Pro,Apple,,view,20000,1778597805
unknown_user,browser,Malaysia,2025-03-14,1285.0,T-Shirt,Uniqlo,Fashion,view,40,1778597805
381,casual,Thailand,2025-01-09,17.0,Sneakers,Adidas,Fashion,view,150,1778597805
61,browser,Malaysia,2024-12-11,59.0,Yoga Mat,Decathlon,Sports,view,60,1778597805
249,browser,Malaysia,2025-10-06,17.0,Sneakers,Adidas,Fashion,view,150,1778597805
,casual,Malaysia,2025-02-21,50.0,Shampoo,Dove,Beauty,view,20,1778597805
227,casual,Malaysia,2025-06-16,39.0,Dining Table,Ikea,Home,purchase,800,1778597805
149,browser,Philippines,2025-02-04,34.0,Blender,Philips,Home,view,1000,1778597805
unknown_user,casual,Malaysia,2026-01-27,27.0,Sports Shorts,Nike,Fashion,click,50,1778597805
77,browser,Singapore,2025-09-23,2820.0,Gaming Laptop,Asus,Electronics,click,2200,1778597805
389,browser,Thailand,2025-08-16,56.0,Football,Adidas,Sports,click,40,1778597805
unknown_user,casual,Malaysia,2024-10-28,48.0,Lipstick,Maybelline,Beauty,click,25,1778597805
16,browser,Malaysia,2024-10-20,56.0,Football,Adidas,Sports,view,40,1778597805
,casual,Thailand,2025-01-27,16.0,Running Shoes,Nike,Fashion,click,120,1778597805
488,casual,Thailand,2024-12-20,55.0,Nail Polish,O.P.I,Beauty,click,-15,1778597805
499,casual,Indonesia,2024-07-07,,Bluetooth Speaker,JBL,Electronics,click,120,1778597805
132,casual,Malaysia,2024-07-01,1011.0,Coffee Maker,Philips,Home,view,150,1778597805
101,browser,Indonesia,2024-11-07,32.0,Air Fryer,Xiaomi,Home,view,180,1778597805
250,casual,Malaysia,2025-09-30,63.0,Skipping Rope,Decathlon,,purchase,20,1778597805
362,browser,Malaysia,2024-06-05,1.0,iPhone 15,Apple,Electronics,view,-4800,1778597805
481,browser,Thailand,2025-09-26,55.0,Nail Polish,O.P.I,Beauty,view,15,1778597805
347,casual,Malaysia,2025-05-04,35.0,Rice Cooker,Panasonic,Home,invalid,120,1778597805
173,buyer,Malaysia,2024-11-07,68.0,Machine Learning Guide,O'Reilly,Books,purchase,80,1778597805
,browser,Indonesia,2025-12-17,19.0,T-Shirt,Uniqlo,Fashion,view,40,1778597805
88,casual,Indonesia,2025-04-09,62.0,Cycling Helmet,Giro,Sports,click,80,1778597805
56,buyer,Malaysia,2024-12-31,30.0,Watch,Casio,Fashion,purchase,250,1778597805
361,buyer,Malaysia,2025-03-07,1024.0,Treadmill,Technogym,Sports,purchase,1500,1778597805
,casual,Malaysia,2024-11-09,4.0,Dell XPS 13,Dell,Electronics,view,1800,1778597805
478,browser,Malaysia,2025-08-21,47.0,Moisturizer,Nivea,Beauty,click,40,1778597805
,buyer,Malaysia,2024-08-30,7.0,Sony Headphones,Sony,Electronics,click,300,1778597805
434,casual,Singapore,2024-09-05,,Dumbbells,Decathlon,Sports,click,750,1778597805
unknown_user,casual,Indonesia,2025-07-25,,Makeup Kit,Maybelline,Beauty,view,120,1778597805
221,browser,Indonesia,2025-05-01,66.0,Python Programming Book,O'Reilly,Books,view,50,1778597805
167,casual,Philippines,2024-08-28,58.0,Tennis Racket,Wilson,Sports,view,1600,1778597805
396,casual,Singapore,2025-07-27,6.0,Samsung Tablet,Samsung,,purchase,700,1778597805
374,browser,Indonesia,2025-01-15,3.0,MacBook Pro,Apple,Electronics,view,25000,1778597805
312,casual,Indonesia,2024-12-11,36.0,Electric Kettle,Tefal,Home,invalid,60,1778597805
293,browser,Malaysia,2026-03-26,14.0,External SSD,Samsung,Electronics,view,200,1778597805
117,browser,Malaysia,2026-04-25,26.0,Backpack,Adidas,Fashion,view,100,1778597805
,casual,Malaysia,2026-03-11,20.0,Jacket,Zara,Fashion,view,200,1778597805
157,casual,Philippines,2026-04-10,58.0,Tennis Racket,Wilson,Sports,click,200,1778597805
31,browser,Malaysia,2024-08-17,67.0,Data Science Handbook,Packt,Books,view,560,1778597805
447,casual,Indonesia,2024-06-10,56.0,Football,Adidas,Sports,view,40,1778597805
309,casual,Malaysia,2025-08-05,46.0,Face Cleanser,Nivea,Beauty,click,30,1778597805
226,casual,Malaysia,2025-08-06,38.0,Toaster,Philips,,view,70,1778597805
32,browser,Malaysia,2025-04-21,58.0,Tennis Racket,Wilson,Sports,invalid,200,1778597805
1,casual,Malaysia,2025-07-04,6.0,Samsung Tablet,Samsung,Electronics,view,700,1778597805
247,casual,Singapore,2025-08-20,65.0,Water Bottle,Stanley,,purchase,25,1778597805
,browser,Malaysia,2024-11-12,32.0,Air Fryer,Xiaomi,,click,180,1778597805
1,browser,Vietnam,2025-10-11,38.0,Toaster,Philips,Home,view,70,1778597805
138,browser,Vietnam,2024-10-26,67.0,Data Science Handbook,Packt,Books,click,70,1778597805
15,browser,Malaysia,2025-11-29,40.0,Office Chair,Ikea,Home,view,-200,1778597805
420,casual,Indonesia,2026-03-06,23.0,Cap,Nike,Fashion,click,30,1778597805
232,browser,Indonesia,2025-10-25,4.0,Dell XPS 13,Dell,Electronics,view,3600,1778597805
415,browser,Malaysia,2024-11-14,50.0,Shampoo,Dove,Beauty,view,-20,1778597805
7,casual,Indonesia,2024-09-02,13.0,4K Monitor,LG,,view,6000,1778597805
200,buyer,Malaysia,2026-05-05,36.0,Electric Kettle,Tefal,Home,purchase,60,1778597805
106,browser,Indonesia,2025-06-30,4.0,Dell XPS 13,Dell,Electronics,click,1800,1778597805
120,browser,Philippines,2025-06-10,41.0,Bed Frame,Ikea,Home,view,-900,1778597805
472,buyer,Malaysia,2024-08-13,1589.0,Face Cleanser,Nivea,Beauty,purchase,60,1778597805
62,browser,Malaysia,2025-05-14,53.0,Sunscreen,Nivea,Beauty,view,35,1778597805
374,browser,Malaysia,2024-07-12,13.0,4K Monitor,LG,,purchase,600,1778597805
464,buyer,Singapore,2025-09-23,12.0,Wireless Mouse,Logitech,Electronics,view,80,1778597805
404,casual,Malaysia,2024-10-11,2232.0,Samsung Galaxy S23,Samsung,Electronics,view,1000,1778597805
158,browser,Thailand,2026-04-10,1609.0,Tennis Racket,Wilson,Sports,click,200,1778597805
352,casual,Malaysia,2024-06-14,56.0,Football,Adidas,Sports,invalid,40,1778597805
372,browser,Malaysia,2024-06-27,46.0,Face Cleanser,Nivea,Beauty,view,240,1778597805
32,browser,Indonesia,2025-05-19,5.0,iPad Air,Apple,Electronics,view,-900,1778597805
,casual,Malaysia,2025-03-25,27.0,Sports Shorts,Nike,Fashion,click,50,1778597805
,browser,Malaysia,2025-07-31,33.0,Vacuum Cleaner,Dyson,Home,view,300,1778597805
unknown_user,casual,Malaysia,2026-05-07,19.0,T-Shirt,Uniqlo,,purchase,40,1778597805
75,casual,Indonesia,2026-02-12,70.0,Self Development Book,Penguin,Books,invalid,40,1778597805
145,browser,Malaysia,2025-10-20,4100.0,Formal Shirt,Zara,Fashion,view,90,1778597805
114,buyer,Malaysia,2026-04-19,62.0,Cycling Helmet,Giro,Sports,click,80,1778597805
274,browser,Malaysia,2025-06-23,22.0,Hoodie,Puma,Fashion,view,90,1778597805
350,buyer,Thailand,2025-02-24,63.0,Skipping Rope,Decathlon,Sports,purchase,60,1778597805
272,browser,Malaysia,2025-04-07,10.0,Gaming Laptop,Asus,Electronics,view,2200,1778597805
347,browser,Malaysia,2026-01-23,31.0,Coffee Maker,Philips,Home,view,150,1778597805
,browser,Indonesia,2025-07-16,,Jeans,Levi's,Fashion,invalid,80,1778597805
340,browser,Malaysia,2026-03-19,37.0,Microwave Oven,Samsung,,view,250,1778597805
265,browser,Malaysia,2024-09-24,4.0,Dell XPS 13,Dell,Electronics,view,1800,1778597805
unknown_user,browser,Malaysia,2024-10-23,58.0,Tennis Racket,Wilson,Sports,click,200,1778597805
414,casual,Philippines,2025-02-01,1.0,iPhone 15,Apple,Electronics,purchase,1200,1778597805
,casual,Malaysia,2024-09-02,,Self Development Book,Penguin,,click,40,1778597805
21,browser,Malaysia,2025-04-01,2087.0,Hair Dryer,Philips,Beauty,view,80,1778597805
348,casual,Philippines,2025-01-16,32.0,Air Fryer,Xiaomi,Home,purchase,180,1778597805
336,buyer,Malaysia,2025-11-27,41.0,Bed Frame,Ikea,Home,click,900,1778597805
74,browser,Thailand,2024-12-11,40.0,Office Chair,Ikea,Home,view,200,1778597805
379,casual,Indonesia,2025-07-16,27.0,Sports Shorts,Nike,Fashion,purchase,50,1778597805
,casual,Malaysia,2024-05-29,40.0,Office Chair,Ikea,Home,view,200,1778597805
74,casual,Thailand,2024-12-06,26.0,Backpack,Adidas,Fashion,click,100,1778597805
436,browser,Thailand,2025-04-10,39.0,Dining Table,Ikea,Home,purchase,800,1778597805
294,buyer,Malaysia,2025-10-11,3.0,MacBook Pro,Apple,Electronics,purchase,2500,1778597805
,casual,Singapore,2026-03-19,36.0,Electric Kettle,Tefal,Home,purchase,420,1778597805
348,casual,Malaysia,2025-08-08,2608.0,MacBook Pro,Apple,Electronics,view,2500,1778597805
132,casual,Indonesia,2024-06-13,24.0,Sunglasses,Ray-Ban,,purchase,180,1778597805
87,buyer,Vietnam,2024-10-14,2098.0,Watch,Casio,Fashion,purchase,1000,1778597805
22,browser,Malaysia,2025-02-05,34.0,Blender,Philips,Home,view,100,1778597805
,browser,Malaysia,2024-06-02,24.0,Sunglasses,Ray-Ban,Fashion,view,180,1778597805
131,casual,Malaysia,2025-06-21,51.0,Hair Dryer,Philips,Beauty,view,80,1778597805
283,browser,Philippines,2025-03-13,48.0,Lipstick,Maybelline,Beauty,view,25,1778597805
,browser,Malaysia,2024-06-22,7.0,Sony Headphones,Sony,Electronics,view,300,1778597805
unknown_user,browser,Indonesia,2024-05-24,70.0,Self Development Book,Penguin,Books,view,40,1778597805
396,buyer,Malaysia,2025-07-02,26.0,Backpack,Adidas,Fashion,purchase,400,1778597805
381,buyer,Indonesia,2024-11-30,10.0,Gaming Laptop,Asus,Electronics,view,2200,1778597805
403,buyer,Malaysia,2024-08-27,,Dining Table,Ikea,Home,click,800,1778597805
378,browser,Malaysia,2024-12-10,37.0,Microwave Oven,Samsung,Home,view,250,1778597805
83,browser,Indonesia,2025-01-04,,MacBook Pro,Apple,Electronics,view,2500,1778597805
50,browser,Philippines,2024-06-19,35.0,Rice Cooker,Panasonic,Home,click,-120,1778597805
444,browser,Malaysia,2024-05-29,63.0,Skipping Rope,Decathlon,Sports,view,20,1778597805
,browser,Malaysia,2025-12-03,1635.0,Hoodie,Puma,Fashion,click,90,1778597805
66,buyer,Malaysia,2025-06-02,37.0,Microwave Oven,Samsung,Home,click,250,1778597805
239,browser,Singapore,2025-02-11,2071.0,Face Cleanser,Nivea,Beauty,view,30,1778597805
,buyer,Malaysia,2024-06-11,7.0,Sony Headphones,Sony,Electronics,purchase,300,1778597805
213,browser,Malaysia,2025-03-27,4826.0,iPhone 15,Apple,Electronics,view,1200,1778597805
,browser,Thailand,2025-07-20,20.0,Jacket,Zara,Fashion,click,200,1778597805
52,browser,Singapore,2025-06-21,3058.0,Wall Clock,Generic,Home,view,40,1778597805
unknown_user,casual,Philippines,2025-01-10,,Sofa,Ikea,Home,purchase,1200,1778597805
361,casual,Vietnam,2024-08-19,49.0,Perfume,Dior,Beauty,click,150,1778597805
368,browser,Vietnam,2026-04-15,13.0,4K Monitor,LG,Electronics,view,600,1778597805
421,browser,Thailand,2025-04-05,42.0,Sofa,Ikea,Home,view,1200,1778597805
238,browser,Thailand,2024-11-27,15.0,Bluetooth Speaker,JBL,Electronics,view,1200,1778597805
,casual,Malaysia,2024-11-15,3884.0,Sunglasses,Ray-Ban,Fashion,click,180,1778597805
97,casual,Vietnam,2025-01-17,34.0,Blender,Philips,Home,purchase,100,1778597805
349,browser,Malaysia,2026-02-28,67.0,Data Science Handbook,Packt,Books,view,70,1778597805
477,casual,Vietnam,2025-10-18,59.0,Yoga Mat,Decathlon,Sports,purchase,60,1778597805
343,buyer,Singapore,2024-11-25,,Lipstick,Maybelline,Beauty,purchase,125,1778597805
unknown_user,browser,Indonesia,2025-08-31,20.0,Jacket,Zara,Fashion,view,200,1778597805
unknown_user,buyer,Malaysia,2024-12-05,50.0,Shampoo,Dove,Beauty,purchase,100,1778597805
,browser,Thailand,2024-06-19,51.0,Hair Dryer,Philips,Beauty,view,-80,1778597805
159,browser,Thailand,2024-05-25,2.0,Samsung Galaxy S23,Samsung,,view,1000,1778597805
unknown_user,browser,Singapore,2025-07-22,30.0,Watch,Casio,Fashion,view,250,1778597805
288,browser,Malaysia,2026-04-16,9.0,Smart Watch,Fitbit,Electronics,invalid,400,1778597805
98,buyer,Thailand,2025-11-13,8.0,AirPods Pro,Apple,Electronics,purchase,250,1778597805
103,buyer,Malaysia,2024-08-15,66.0,Python Programming Book,O'Reilly,Books,view,50,1778597805
444,browser,Malaysia,2025-08-31,48.0,Lipstick,Maybelline,Beauty,view,25,1778597805
,casual,Indonesia,2025-05-11,40.0,Office Chair,Ikea,Home,view,200,1778597805
,buyer,Vietnam,2026-01-21,15.0,Bluetooth Speaker,JBL,Electronics,click,120,1778597805
55,browser,Singapore,2025-09-28,61.0,Treadmill,Technogym,Sports,view,1500,1778597805
334,casual,Malaysia,2024-11-04,1.0,iPhone 15,Apple,Electronics,view,-1200,1778597805
44,buyer,Malaysia,2024-09-20,17.0,Sneakers,Adidas,Fashion,purchase,150,1778597805
unknown_user,browser,Malaysia,2024-07-14,59.0,Yoga Mat,Decathlon,Sports,view,60,1778597805
337,casual,Singapore,2024-07-22,52.0,Makeup Kit,Maybelline,Beauty,view,480,1778597805
353,buyer,Indonesia,2026-01-02,2.0,Samsung Galaxy S23,Samsung,Electronics,purchase,1000,1778597805
unknown_user,casual,Thailand,2024-08-13,50.0,Shampoo,Dove,Beauty,view,20,1778597805
393,browser,Philippines,2025-09-04,10.0,Gaming Laptop,Asus,Electronics,click,2200,1778597805
14,browser,Malaysia,2025-09-09,1962.0,Gaming Laptop,Asus,Electronics,view,2200,1778597805
unknown_user,casual,Malaysia,2024-06-27,,Dress,H&M,Fashion,view,-720,1778597805
434,buyer,Indonesia,2025-02-01,60.0,Dumbbells,Decathlon,Sports,click,150,1778597805
143,browser,Indonesia,2025-08-01,7.0,Sony Headphones,Sony,Electronics,view,300,1778597805
260,browser,Singapore,2025-12-17,3539.0,Football,Adidas,Sports,click,40,1778597805
211,casual,Malaysia,2024-11-04,24.0,Sunglasses,Ray-Ban,Fashion,purchase,180,1778597805
76,browser,Singapore,2024-08-11,55.0,Nail Polish,O.P.I,Beauty,view,75,1778597805
98,browser,Malaysia,2025-10-09,55.0,Nail Polish,O.P.I,Beauty,click,15,1778597805
,buyer,Indonesia,2025-03-25,46.0,Face Cleanser,Nivea,Beauty,invalid,30,1778597805
435,browser,Thailand,2025-10-01,61.0,Treadmill,Technogym,Sports,view,6000,1778597805
unknown_user,buyer,Malaysia,2026-02-05,3153.0,Hair Dryer,Philips,Beauty,purchase,560,1778597805
347,browser,Malaysia,2025-01-26,66.0,Python Programming Book,O'Reilly,Books,view,50,1778597805
451,browser,Malaysia,2024-12-13,50.0,Shampoo,Dove,Beauty,view,20,1778597805
455,browser,Singapore,2025-04-22,,Toaster,Philips,Home,view,-70,1778597805
72,browser,Singapore,2025-04-17,50.0,Shampoo,Dove,Beauty,view,20,1778597805
356,casual,Indonesia,2026-03-09,19.0,T-Shirt,Uniqlo,Fashion,view,40,1778597805
404,browser,Malaysia,2024-09-27,,Bed Frame,Ikea,Home,view,-9000,1778597805
274,browser,Thailand,2026-03-03,2.0,Samsung Galaxy S23,Samsung,Electronics,view,1000,1778597805
,casual,Singapore,2026-04-14,52.0,Makeup Kit,Maybelline,Beauty,click,120,1778597805
169,browser,Malaysia,2024-08-03,45.0,Wall Clock,Generic,Home,view,40,1778597805
unknown_user,casual,Singapore,2024-12-08,41.0,Bed Frame,Ikea,Home,click,900,1778597805
81,buyer,Indonesia,2026-04-12,18.0,Jeans,Levi's,Fashion,invalid,80,1778597805
140,casual,Thailand,2025-10-10,21.0,Dress,H&M,Fashion,purchase,120,1778597805
270,browser,Singapore,2025-11-15,20.0,Jacket,Zara,Fashion,view,200,1778597805
149,casual,Malaysia,2026-04-07,23.0,Cap,Nike,Fashion,purchase,240,1778597805
40,browser,Singapore,2025-05-17,26.0,Backpack,Adidas,Fashion,click,500,1778597805
300,casual,Singapore,2025-02-27,,Sunglasses,Ray-Ban,Fashion,purchase,180,1778597805
11,browser,Malaysia,2024-11-08,3901.0,Air Fryer,Xiaomi,Home,view,180,1778597805
391,casual,Thailand,2024-10-20,,Hoodie,Puma,Fashion,view,90,1778597805
417,casual,Indonesia,2025-11-26,70.0,Self Development Book,Penguin,Books,click,40,1778597805
,casual,Thailand,2024-08-25,44.0,Curtains,Ikea,Home,click,120,1778597805
398,casual,Thailand,2024-10-25,14.0,External SSD,Samsung,Electronics,view,-200,1778597805
237,buyer,Singapore,2025-05-04,,External SSD,Samsung,Electronics,purchase,-200,1778597805
431,browser,Thailand,2025-04-27,33.0,Vacuum Cleaner,Dyson,Home,invalid,300,1778597805
unknown_user,casual,Indonesia,2024-08-22,9.0,Smart Watch,Fitbit,,click,-400,1778597805
,casual,Thailand,2024-10-22,8.0,AirPods Pro,Apple,Electronics,view,250,1778597805
353,casual,Singapore,2025-07-11,50.0,Shampoo,Dove,Beauty,view,20,1778597805
,casual,Malaysia,2025-02-03,,Lipstick,Maybelline,Beauty,view,25,1778597805
,casual,Thailand,2024-05-22,,Python Programming Book,O'Reilly,Books,view,150,1778597805
472,buyer,Thailand,2025-03-31,66.0,Python Programming Book,O'Reilly,Books,purchase,50,1778597805
292,browser,Malaysia,2024-06-25,2108.0,Leather Belt,Levi's,Fashion,view,540,1778597805
435,casual,Malaysia,2025-02-25,36.0,Electric Kettle,Tefal,Home,view,120,1778597805
359,casual,Vietnam,2026-01-31,26.0,Backpack,Adidas,Fashion,view,100,1778597805
,buyer,Singapore,2025-08-11,1417.0,Running Shoes,Nike,Fashion,purchase,-120,1778597805
,browser,Singapore,2025-07-11,,Microwave Oven,Samsung,,view,250,1778597805
,casual,Malaysia,2025-09-25,69.0,Business Strategy Book,Harvard Press,Books,click,60,1778597805
197,buyer,Malaysia,2024-07-29,20.0,Jacket,Zara,Fashion,purchase,1600,1778597805
,browser,Malaysia,2026-03-19,4581.0,Curtains,Ikea,Home,click,840,1778597805
98,casual,Thailand,2024-09-14,16.0,Running Shoes,Nike,Fashion,view,120,1778597805
21,casual,Singapore,2024-10-16,55.0,Nail Polish,O.P.I,,view,15,1778597805
106,browser,Thailand,2025-12-14,45.0,Wall Clock,Generic,Home,purchase,40,1778597805
447,browser,Singapore,2025-10-30,11.0,Mechanical Keyboard,Logitech,Electronics,view,150,1778597805
unknown_user,buyer,Singapore,2026-03-18,42.0,Sofa,Ikea,Home,click,1200,1778597805
145,casual,Malaysia,2025-07-25,56.0,Football,Adidas,Sports,view,40,1778597805
unknown_user,buyer,Malaysia,2024-10-05,24.0,Sunglasses,Ray-Ban,,purchase,180,1778597805
255,casual,Malaysia,2025-01-15,21.0,Dress,H&M,Fashion,invalid,120,1778597805
,buyer,Malaysia,2026-02-18,41.0,Bed Frame,Ikea,Home,click,900,1778597805
367,casual,Malaysia,2025-05-24,43.0,Desk Lamp,Philips,Home,purchase,50,1778597805
266,browser,Malaysia,2025-10-16,2863.0,Shampoo,Dove,Beauty,view,20,1778597805
21,buyer,Indonesia,2026-02-06,68.0,Machine Learning Guide,O'Reilly,Books,purchase,80,1778597805
unknown_user,browser,Singapore,2025-11-18,5.0,iPad Air,Apple,,view,2700,1778597805
115,casual,Malaysia,2024-06-18,60.0,Dumbbells,Decathlon,Sports,purchase,450,1778597805
283,casual,Thailand,2025-08-17,35.0,Rice Cooker,Panasonic,Home,view,120,1778597805
103,casual,Malaysia,2024-12-30,27.0,Sports Shorts,Nike,Fashion,view,50,1778597805
41,casual,Singapore,2025-01-29,4.0,Dell XPS 13,Dell,Electronics,view,1800,1778597805
unknown_user,browser,Thailand,2024-08-29,12.0,Wireless Mouse,Logitech,Electronics,view,80,1778597805
478,browser,Philippines,2025-02-23,1363.0,Python Programming Book,O'Reilly,Books,view,500,1778597805
443,browser,Thailand,2025-11-28,56.0,Football,Adidas,Sports,view,40,1778597805
,browser,Thailand,2024-09-28,15.0,Bluetooth Speaker,JBL,Electronics,view,120,1778597805
196,browser,Malaysia,2024-12-21,43.0,Desk Lamp,Philips,Home,invalid,-50,1778597805
107,browser,Indonesia,2024-06-06,41.0,Bed Frame,Ikea,Home,view,900,1778597805
unknown_user,casual,Thailand,2024-09-26,33.0,Vacuum Cleaner,Dyson,Home,purchase,300,1778597805
440,browser,Indonesia,2025-05-21,1093.0,Blender,Philips,Home,view,100,1778597805
181,casual,Philippines,2026-02-20,18.0,Jeans,Levi's,Fashion,purchase,80,1778597805
79,casual,Singapore,2025-01-14,10.0,Gaming Laptop,Asus,,view,2200,1778597805
,buyer,Malaysia,2025-11-01,35.0,Rice Cooker,Panasonic,,click,-120,1778597805
78,casual,Indonesia,2025-04-10,9.0,Smart Watch,Fitbit,Electronics,click,400,1778597805
471,buyer,Indonesia,2026-01-18,24.0,Sunglasses,Ray-Ban,Fashion,view,180,1778597805
,casual,Malaysia,2024-07-05,9.0,Smart Watch,Fitbit,Electronics,view,400,1778597805
333,buyer,Thailand,2025-08-05,63.0,Skipping Rope,Decathlon,Sports,purchase,160,1778597805
408,browser,Malaysia,2025-10-24,36.0,Electric Kettle,Tefal,Home,view,60,1778597805
352,browser,Philippines,2024-10-11,68.0,Machine Learning Guide,O'Reilly,Books,view,-80,1778597805
345,browser,Malaysia,2025-08-04,65.0,Water Bottle,Stanley,Sports,click,25,1778597805
326,browser,Malaysia,2026-01-21,63.0,Skipping Rope,Decathlon,Sports,click,20,1778597805
146,browser,Malaysia,2025-10-23,64.0,Gym Bag,Nike,Sports,click,90,1778597805
162,casual,Vietnam,2025-06-08,54.0,Body Lotion,Dove,Beauty,click,25,1778597805
,browser,Singapore,2025-08-25,,Sandals,Havaianas,Fashion,view,70,1778597805
unknown_user,browser,Malaysia,2025-07-23,3.0,MacBook Pro,Apple,Electronics,view,2500,1778597805
118,buyer,Malaysia,2024-12-25,,Air Fryer,Xiaomi,,click,180,1778597805
133,buyer,Malaysia,2026-03-26,3842.0,iPhone 15,Apple,Electronics,purchase,1200,1778597805
468,buyer,Singapore,2025-01-04,56.0,Football,Adidas,Sports,purchase,40,1778597805
unknown_user,casual,Thailand,2025-04-09,39.0,Dining Table,Ikea,Home,view,4800,1778597805
unknown_user,browser,Philippines,2026-03-22,52.0,Makeup Kit,Maybelline,Beauty,click,120,1778597805
unknown_user,browser,Thailand,2025-02-01,54.0,Body Lotion,Dove,Beauty,view,-25,1778597805
35,browser,Thailand,2024-12-04,67.0,Data Science Handbook,Packt,Books,view,70,1778597805
489,browser,Singapore,2026-01-08,28.0,Formal Shirt,Zara,Fashion,view,90,1778597805
245,browser,Thailand,2026-03-27,70.0,Self Development Book,Penguin,Books,view,40,1778597805
43,browser,Thailand,2025-02-02,49.0,Perfume,Dior,Beauty,view,150,1778597805
397,casual,Vietnam,2024-10-28,49.0,Perfume,Dior,,view,300,1778597805
127,casual,Indonesia,2025-11-10,68.0,Machine Learning Guide,O'Reilly,Books,click,80,1778597805
105,buyer,Malaysia,2024-09-19,54.0,Body Lotion,Dove,Beauty,view,25,1778597805
,casual,Thailand,2025-04-10,18.0,Jeans,Levi's,Fashion,view,80,1778597805
396,browser,Singapore,2025-08-11,,Body Lotion,Dove,Beauty,view,25,1778597805
101,casual,Malaysia,2025-02-26,28.0,Formal Shirt,Zara,Fashion,click,90,1778597805
,browser,Malaysia,2025-09-17,11.0,Mechanical Keyboard,Logitech,Electronics,view,150,1778597805
unknown_user,casual,Malaysia,2025-03-27,62.0,Cycling Helmet,Giro,Sports,purchase,80,1778597805
176,buyer,Singapore,2025-03-10,15.0,Bluetooth Speaker,JBL,Electronics,purchase,120,1778597805
384,buyer,Singapore,2025-11-15,56.0,Football,Adidas,Sports,purchase,40,1778597805
63,buyer,Singapore,2025-06-07,3.0,MacBook Pro,Apple,Electronics,view,2500,1778597805
472,casual,Thailand,2025-11-11,17.0,Sneakers,Adidas,,view,150,1778597805
,browser,Malaysia,2025-07-03,31.0,Coffee Maker,Philips,Home,view,150,1778597805
64,browser,Vietnam,2025-04-27,48.0,Lipstick,Maybelline,Beauty,click,25,1778597805
299,browser,Singapore,2024-05-24,4025.0,Formal Shirt,Zara,Fashion,view,-90,1778597805
151,browser,Philippines,2024-12-02,9.0,Smart Watch,Fitbit,Electronics,view,400,1778597805
62,browser,Thailand,2025-12-27,1277.0,Sports Shorts,Nike,Fashion,view,50,1778597805
unknown_user,browser,Malaysia,2025-09-10,47.0,Moisturizer,Nivea,Beauty,view,40,1778597805
,browser,Thailand,2025-02-12,39.0,Dining Table,Ikea,Home,view,800,1778597805
492,buyer,Malaysia,2024-10-17,3931.0,Microwave Oven,Samsung,Home,purchase,250,1778597805
220,browser,Malaysia,2026-01-20,32.0,Air Fryer,Xiaomi,Home,view,180,1778597805
464,browser,Malaysia,2026-02-22,40.0,Office Chair,Ikea,,click,200,1778597805
,casual,Thailand,2025-07-16,27.0,Sports Shorts,Nike,Fashion,view,50,1778597805
382,browser,Malaysia,2025-08-11,68.0,Machine Learning Guide,O'Reilly,Books,view,80,1778597805
,browser,Vietnam,2025-05-17,47.0,Moisturizer,Nivea,Beauty,click,-40,1778597805
374,browser,Singapore,2026-01-07,37.0,Microwave Oven,Samsung,,view,250,1778597805
,buyer,Vietnam,2025-02-07,35.0,Rice Cooker,Panasonic,Home,purchase,600,1778597805
46,browser,Malaysia,2025-06-17,3.0,MacBook Pro,Apple,Electronics,view,2500,1778597805
329,casual,Philippines,2025-05-31,55.0,Nail Polish,O.P.I,Beauty,click,15,1778597805
,buyer,Vietnam,2024-11-15,23.0,Cap,Nike,Fashion,invalid,30,1778597805
,casual,Philippines,2026-02-28,62.0,Cycling Helmet,Giro,Sports,click,720,1778597805
unknown_user,casual,Singapore,2026-01-23,,Gaming Laptop,Asus,Electronics,click,2200,1778597805
367,casual,Singapore,2025-10-12,58.0,Tennis Racket,Wilson,,click,-200,1778597805
167,browser,Thailand,2024-11-15,48.0,Lipstick,Maybelline,Beauty,view,25,1778597805
unknown_user,browser,Malaysia,2024-07-22,2033.0,Smart Watch,Fitbit,,view,-400,1778597805
410,browser,Singapore,2024-05-21,10.0,Gaming Laptop,Asus,Electronics,view,-2200,1778597805
134,browser,Malaysia,2025-05-30,56.0,Football,Adidas,Sports,invalid,40,1778597805
348,buyer,Singapore,2026-03-01,40.0,Office Chair,Ikea,,click,200,1778597805
260,browser,Singapore,2024-12-04,7.0,Sony Headphones,Sony,Electronics,view,300,1778597805
140,browser,Malaysia,2025-06-23,12.0,Wireless Mouse,Logitech,Electronics,view,80,1778597805
35,casual,Singapore,2025-10-30,25.0,Leather Belt,Levi's,Fashion,view,300,1778597805
436,casual,Vietnam,2026-02-09,46.0,Face Cleanser,Nivea,Beauty,click,30,1778597805
119,browser,Indonesia,2024-10-09,22.0,Hoodie,Puma,Fashion,view,540,1778597805
308,casual,Philippines,2026-03-17,1796.0,Water Bottle,Stanley,Sports,click,200,1778597805
394,casual,Malaysia,2026-04-20,21.0,Dress,H&M,Fashion,view,120,1778597805
154,casual,Malaysia,2025-03-20,,Lipstick,Maybelline,Beauty,click,125,1778597805
335,browser,Singapore,2025-05-18,30.0,Watch,Casio,Fashion,view,250,1778597805
466,browser,Malaysia,2024-10-14,41.0,Bed Frame,Ikea,Home,view,900,1778597805
428,browser,Singapore,2025-07-13,60.0,Dumbbells,Decathlon,Sports,view,150,1778597805
77,buyer,Thailand,2026-02-23,2.0,Samsung Galaxy S23,Samsung,Electronics,click,1000,1778597805
219,casual,Philippines,2026-02-18,2482.0,Machine Learning Guide,O'Reilly,Books,view,80,1778597805
,browser,Singapore,2026-04-22,20.0,Jacket,Zara,Fashion,view,200,1778597805
35,buyer,Singapore,2024-07-12,1413.0,Coffee Maker,Philips,Home,view,150,1778597805
16,browser,Thailand,2024-07-26,13.0,4K Monitor,LG,Electronics,view,600,1778597805
222,buyer,Indonesia,2025-10-05,,External SSD,Samsung,Electronics,click,200,1778597805
29,browser,Indonesia,2026-01-28,13.0,4K Monitor,LG,Electronics,view,600,1778597805
263,buyer,Singapore,2026-03-28,66.0,Python Programming Book,O'Reilly,Books,click,50,1778597805
154,buyer,Indonesia,2024-09-24,31.0,Coffee Maker,Philips,Home,invalid,150,1778597805
,browser,Malaysia,2025-12-03,48.0,Lipstick,Maybelline,Beauty,purchase,25,1778597805
19,browser,Indonesia,2024-12-04,,Mechanical Keyboard,Logitech,Electronics,click,150,1778597805
,browser,Malaysia,2024-09-29,54.0,Body Lotion,Dove,Beauty,view,25,1778597805
,casual,Malaysia,2025-11-22,,Watch,Casio,Fashion,invalid,250,1778597805
416,casual,Malaysia,2024-05-26,41.0,Bed Frame,Ikea,Home,click,900,1778597805
393,buyer,Thailand,2024-07-15,22.0,Hoodie,Puma,,view,90,1778597805
,buyer,Singapore,2025-06-11,20.0,Jacket,Zara,Fashion,purchase,600,1778597805
379,browser,Malaysia,2026-01-23,11.0,Mechanical Keyboard,Logitech,Electronics,view,150,1778597805
234,casual,Singapore,2026-02-04,8.0,AirPods Pro,Apple,,view,250,1778597805
143,browser,Indonesia,2024-07-24,13.0,4K Monitor,LG,Electronics,click,600,1778597805
,buyer,Indonesia,2025-06-01,,Python Programming Book,O'Reilly,,click,50,1778597805
26,casual,Malaysia,2025-07-22,59.0,Yoga Mat,Decathlon,Sports,invalid,-60,1778597805
103,browser,Singapore,2024-06-14,,Python Programming Book,O'Reilly,,view,50,1778597805
67,casual,Malaysia,2025-12-02,12.0,Wireless Mouse,Logitech,Electronics,click,80,1778597805
471,browser,Vietnam,2026-02-27,1.0,iPhone 15,Apple,Electronics,view,1200,1778597805
357,browser,Thailand,2025-04-02,2.0,Samsung Galaxy S23,Samsung,Electronics,purchase,1000,1778597805
,browser,Singapore,2025-03-17,31.0,Coffee Maker,Philips,Home,view,1200,1778597805
364,browser,Thailand,2025-05-05,46.0,Face Cleanser,Nivea,Beauty,view,30,1778597805
392,browser,Malaysia,2024-07-13,2688.0,Makeup Kit,Maybelline,Beauty,view,120,1778597805
365,buyer,Philippines,2025-10-14,16.0,Running Shoes,Nike,Fashion,view,120,1778597805
457,casual,Singapore,2024-08-20,16.0,Running Shoes,Nike,Fashion,click,-120,1778597805
13,casual,Malaysia,2024-12-26,44.0,Curtains,Ikea,,view,120,1778597805
376,casual,Vietnam,2025-10-08,8.0,AirPods Pro,Apple,Electronics,click,250,1778597805
413,browser,Singapore,2024-10-01,36.0,Electric Kettle,Tefal,Home,click,60,1778597805
469,browser,Thailand,2024-08-22,36.0,Electric Kettle,Tefal,Home,view,420,1778597805
61,browser,Thailand,2026-03-30,9.0,Smart Watch,Fitbit,Electronics,view,400,1778597805
429,casual,Indonesia,2024-10-05,,Machine Learning Guide,O'Reilly,Books,invalid,-80,1778597805
165,browser,Malaysia,2025-08-26,41.0,Bed Frame,Ikea,Home,view,900,1778597805
370,buyer,Malaysia,2026-05-11,29.0,Sandals,Havaianas,Fashion,click,70,1778597805
310,buyer,Philippines,2024-09-01,50.0,Shampoo,Dove,Beauty,invalid,20,1778597805
unknown_user,buyer,Indonesia,2025-05-14,,Running Shoes,Nike,Fashion,purchase,120,1778597805
471,casual,Thailand,2024-07-31,,Curtains,Ikea,Home,view,120,1778597805
255,casual,Malaysia,2026-02-23,53.0,Sunscreen,Nivea,Beauty,view,35,1778597805
473,browser,Malaysia,2026-01-15,1645.0,Running Shoes,Nike,Fashion,purchase,120,1778597805
412,casual,Indonesia,2025-04-03,,Hoodie,Puma,Fashion,click,90,1778597805
364,browser,Vietnam,2024-10-28,,Cycling Helmet,Giro,Sports,view,80,1778597805
327,buyer,Malaysia,2025-02-13,67.0,Data Science Handbook,Packt,Books,purchase,70,1778597805
33,browser,Malaysia,2026-03-14,46.0,Face Cleanser,Nivea,Beauty,click,30,1778597805
377,browser,Indonesia,2025-09-04,70.0,Self Development Book,Penguin,Books,view,40,1778597805
213,casual,Thailand,2026-05-01,31.0,Coffee Maker,Philips,Home,view,750,1778597805
120,casual,Malaysia,2025-08-31,10.0,Gaming Laptop,Asus,Electronics,view,2200,1778597805
132,buyer,Indonesia,2025-01-15,59.0,Yoga Mat,Decathlon,Sports,click,-60,1778597805
448,casual,Indonesia,2026-04-15,22.0,Hoodie,Puma,Fashion,view,90,1778597805
412,buyer,Malaysia,2026-04-20,54.0,Body Lotion,Dove,Beauty,view,25,1778597805
365,browser,Malaysia,2025-03-27,50.0,Shampoo,Dove,Beauty,view,20,1778597805
375,casual,Malaysia,2024-10-13,70.0,Self Development Book,Penguin,Books,view,40,1778597805
unknown_user,browser,Thailand,2025-12-31,49.0,Perfume,Dior,Beauty,view,150,1778597805
398,buyer,Singapore,2024-05-29,67.0,Data Science Handbook,Packt,Books,invalid,70,1778597805
unknown_user,browser,Malaysia,2026-01-17,57.0,Basketball,Nike,Sports,purchase,-50,1778597805
411,browser,Philippines,2025-08-19,2638.0,Sports Shorts,Nike,Fashion,view,50,1778597805
,buyer,Malaysia,2024-11-09,3433.0,Wireless Mouse,Logitech,Electronics,click,80,1778597805
334,browser,Malaysia,2024-09-19,6.0,Samsung Tablet,Samsung,Electronics,view,700,1778597805
77,casual,Singapore,2025-06-25,70.0,Self Development Book,Penguin,Books,purchase,40,1778597805
87,browser,Thailand,2026-04-13,14.0,External SSD,Samsung,,view,200,1778597805
483,casual,Singapore,2026-02-26,36.0,Electric Kettle,Tefal,Home,click,540,1778597805
141,casual,Indonesia,2024-11-15,,MacBook Pro,Apple,Electronics,click,2500,1778597805
304,casual,Malaysia,2024-11-10,37.0,Microwave Oven,Samsung,Home,view,250,1778597805
,casual,Indonesia,2025-11-04,43.0,Desk Lamp,Philips,Home,view,-50,1778597805
405,casual,Malaysia,2025-07-25,25.0,Leather Belt,Levi's,Fashion,click,60,1778597805
unknown_user,browser,Malaysia,2025-05-06,18.0,Jeans,Levi's,Fashion,view,640,1778597805
349,browser,Malaysia,2025-09-05,55.0,Nail Polish,O.P.I,Beauty,invalid,120,1778597805
215,browser,Indonesia,2024-12-17,20.0,Jacket,Zara,Fashion,view,200,1778597805
234,casual,Malaysia,2026-03-16,3027.0,Cycling Helmet,Giro,Sports,click,-80,1778597805
472,browser,Malaysia,2025-12-31,,Rice Cooker,Panasonic,Home,view,720,1778597805
211,browser,Thailand,2026-02-18,18.0,Jeans,Levi's,Fashion,view,-80,1778597805
219,browser,Thailand,2026-02-05,45.0,Wall Clock,Generic,Home,view,40,1778597805
75,browser,Malaysia,2025-06-06,,Cycling Helmet,Giro,,view,80,1778597805
unknown_user,browser,Indonesia,2025-02-16,48.0,Lipstick,Maybelline,Beauty,view,225,1778597805
322,browser,Thailand,2026-04-01,44.0,Curtains,Ikea,Home,view,-120,1778597805
27,casual,Malaysia,2024-10-01,14.0,External SSD,Samsung,Electronics,click,200,1778597805
unknown_user,browser,Malaysia,2025-07-13,12.0,Wireless Mouse,Logitech,Electronics,view,80,1778597805
115,browser,Vietnam,2024-08-02,31.0,Coffee Maker,Philips,Home,view,150,1778597805
413,buyer,Indonesia,2026-04-24,64.0,Gym Bag,Nike,Sports,purchase,90,1778597805
334,buyer,Indonesia,2025-11-28,4.0,Dell XPS 13,Dell,Electronics,purchase,1800,1778597805
,casual,Malaysia,2025-12-02,2861.0,Sunglasses,Ray-Ban,Fashion,purchase,720,1778597805
,casual,Malaysia,2025-03-02,4978.0,Dress,H&M,,click,120,1778597805
129,browser,Malaysia,2025-06-23,63.0,Skipping Rope,Decathlon,Sports,view,20,1778597805
264,casual,Singapore,2024-09-18,49.0,Perfume,Dior,Beauty,view,150,1778597805
unknown_user,browser,Malaysia,2026-04-22,59.0,Yoga Mat,Decathlon,,view,60,1778597805
296,browser,Vietnam,2025-02-26,2.0,Samsung Galaxy S23,Samsung,Electronics,view,1000,1778597805
unknown_user,browser,Malaysia,2024-10-01,16.0,Running Shoes,Nike,Fashion,view,120,1778597805
314,browser,Indonesia,2024-07-30,15.0,Bluetooth Speaker,JBL,Electronics,view,120,1778597805
unknown_user,browser,Indonesia,2024-10-05,2.0,Samsung Galaxy S23,Samsung,Electronics,view,3000,1778597805
unknown_user,casual,Singapore,2025-03-16,,Dining Table,Ikea,Home,click,800,1778597805
,browser,Vietnam,2026-03-06,2421.0,Shampoo,Dove,Beauty,view,20,1778597805
406,browser,Malaysia,2024-12-08,29.0,Sandals,Havaianas,Fashion,click,70,1778597805
397,buyer,Malaysia,2026-03-23,28.0,Formal Shirt,Zara,,purchase,90,1778597805
462,browser,Malaysia,2024-12-27,68.0,Machine Learning Guide,O'Reilly,Books,view,80,1778597805
201,casual,Malaysia,2026-02-19,9.0,Smart Watch,Fitbit,Electronics,view,400,1778597805
165,browser,Malaysia,2024-08-18,31.0,Coffee Maker,Philips,Home,view,150,1778597805
341,browser,Singapore,2024-10-10,37.0,Microwave Oven,Samsung,,purchase,-250,1778597805
496,casual,Singapore,2024-09-01,13.0,4K Monitor,LG,Electronics,view,600,1778597805
282,buyer,Malaysia,2026-02-10,1825.0,MacBook Pro,Apple,Electronics,purchase,-2500,1778597805
27,casual,Singapore,2025-02-13,48.0,Lipstick,Maybelline,Beauty,view,125,1778597805
449,browser,Singapore,2026-05-07,32.0,Air Fryer,Xiaomi,Home,view,900,1778597805
289,casual,Indonesia,2026-02-01,7.0,Sony Headphones,Sony,Electronics,invalid,300,1778597805
,casual,Indonesia,2024-08-27,41.0,Bed Frame,Ikea,Home,view,900,1778597805
unknown_user,browser,Singapore,2024-07-10,,Perfume,Dior,Beauty,view,-150,1778597805
184,browser,Vietnam,2024-12-07,3079.0,Office Chair,Ikea,Home,view,200,1778597805
65,casual,Malaysia,2025-01-23,21.0,Dress,H&M,Fashion,purchase,-120,1778597805
170,casual,Malaysia,2025-08-27,31.0,Coffee Maker,Philips,Home,view,150,1778597805
160,casual,Vietnam,2024-06-28,20.0,Jacket,Zara,Fashion,click,1200,1778597805
180,browser,Thailand,2026-03-08,68.0,Machine Learning Guide,O'Reilly,Books,click,80,1778597805
82,casual,Malaysia,2026-04-20,,Makeup Kit,Maybelline,Beauty,purchase,120,1778597805
226,browser,Malaysia,2025-08-10,4.0,Dell XPS 13,Dell,Electronics,click,1800,1778597805
54,browser,Malaysia,2025-11-13,64.0,Gym Bag,Nike,,view,90,1778597805
168,browser,Malaysia,2024-10-28,34.0,Blender,Philips,Home,view,-100,1778597805
454,browser,Malaysia,2025-10-21,,Lipstick,Maybelline,Beauty,view,25,1778597805
315,browser,Malaysia,2026-04-02,66.0,Python Programming Book,O'Reilly,,invalid,50,1778597805
485,browser,Indonesia,2025-10-27,1994.0,Machine Learning Guide,O'Reilly,Books,view,80,1778597805
,browser,Malaysia,2025-10-03,33.0,Vacuum Cleaner,Dyson,,view,300,1778597805
259,browser,Thailand,2024-10-17,1678.0,Sunglasses,Ray-Ban,Fashion,view,180,1778597805
82,buyer,Malaysia,2025-06-15,23.0,Cap,Nike,Fashion,purchase,30,1778597805
,casual,Malaysia,2026-01-04,39.0,Dining Table,Ikea,Home,click,4800,1778597805
165,casual,Indonesia,2026-05-03,,AirPods Pro,Apple,Electronics,view,250,1778597805
311,casual,Malaysia,2026-04-05,70.0,Self Development Book,Penguin,Books,click,40,1778597805
420,browser,Malaysia,2025-03-13,52.0,Makeup Kit,Maybelline,Beauty,click,120,1778597805
500,browser,Malaysia,2025-08-26,3.0,MacBook Pro,Apple,Electronics,view,2500,1778597805
292,casual,Malaysia,2026-04-06,4586.0,Water Bottle,Stanley,Sports,purchase,100,1778597805
488,browser,Indonesia,2025-09-26,54.0,Body Lotion,Dove,,view,25,1778597805
428,browser,Malaysia,2026-04-11,36.0,Electric Kettle,Tefal,Home,click,-60,1778597805
154,browser,Malaysia,2026-03-02,,Samsung Tablet,Samsung,Electronics,view,6300,1778597805
497,buyer,Vietnam,2025-12-13,23.0,Cap,Nike,Fashion,purchase,30,1778597805
303,browser,Malaysia,2024-05-23,25.0,Leather Belt,Levi's,Fashion,view,360,1778597805
92,buyer,Malaysia,2024-07-05,66.0,Python Programming Book,O'Reilly,Books,click,-50,1778597805
443,casual,Indonesia,2024-07-23,57.0,Basketball,Nike,Sports,view,50,1778597805
332,casual,Indonesia,2026-02-10,15.0,Bluetooth Speaker,JBL,Electronics,click,120,1778597805
331,browser,Thailand,2025-05-12,17.0,Sneakers,Adidas,Fashion,click,150,1778597805
,buyer,Indonesia,2024-11-12,28.0,Formal Shirt,Zara,Fashion,purchase,90,1778597805
unknown_user,buyer,Thailand,2024-06-27,25.0,Leather Belt,Levi's,Fashion,invalid,60,1778597805
239,buyer,Philippines,2025-12-23,21.0,Dress,H&M,,view,120,1778597805
375,browser,Singapore,2024-07-02,,Basketball,Nike,Sports,view,50,1778597805
,browser,Malaysia,2024-07-02,34.0,Blender,Philips,Home,view,-200,1778597805
,buyer,Singapore,2024-11-24,30.0,Watch,Casio,Fashion,purchase,250,1778597805
151,casual,Thailand,2025-10-06,3.0,MacBook Pro,Apple,Electronics,purchase,2500,1778597805
480,casual,Singapore,2024-10-15,1433.0,Smart Watch,Fitbit,Electronics,view,400,1778597805
313,browser,Malaysia,2025-06-03,44.0,Curtains,Ikea,,view,120,1778597805
465,browser,Indonesia,2025-05-27,3721.0,Sony Headphones,Sony,Electronics,purchase,2100,1778597805
464,browser,Thailand,2026-03-20,2375.0,Python Programming Book,O'Reilly,Books,view,50,1778597805
,casual,Singapore,2025-11-11,38.0,Toaster,Philips,Home,view,70,1778597805
,casual,Philippines,2025-06-24,17.0,Sneakers,Adidas,Fashion,click,150,1778597805
5,casual,Philippines,2025-12-20,,Samsung Galaxy S23,Samsung,Electronics,view,1000,1778597805
unknown_user,casual,Malaysia,2024-06-23,12.0,Wireless Mouse,Logitech,Electronics,view,80,1778597805
unknown_user,casual,Singapore,2024-12-30,25.0,Leather Belt,Levi's,Fashion,view,60,1778597805
380,browser,Malaysia,2025-11-08,31.0,Coffee Maker,Philips,Home,view,150,1778597805
411,browser,Indonesia,2024-06-10,2326.0,Self Development Book,Penguin,Books,invalid,80,1778597805
33,browser,Indonesia,2024-11-08,22.0,Hoodie,Puma,Fashion,purchase,90,1778597805
300,browser,Malaysia,2025-02-02,13.0,4K Monitor,LG,Electronics,invalid,600,1778597805
83,browser,Malaysia,2025-10-17,1135.0,Sony Headphones,Sony,Electronics,click,300,1778597805
243,casual,Singapore,2025-09-05,42.0,Sofa,Ikea,Home,view,1200,1778597805
42,casual,Philippines,2026-02-02,61.0,Treadmill,Technogym,Sports,invalid,1500,1778597805
144,browser,Indonesia,2026-03-31,6.0,Samsung Tablet,Samsung,,view,700,1778597805
,buyer,Malaysia,2024-07-02,4.0,Dell XPS 13,Dell,Electronics,view,-1800,1778597805
316,buyer,Singapore,2026-03-02,37.0,Microwave Oven,Samsung,Home,click,250,1778597805
,casual,Malaysia,2025-01-18,37.0,Microwave Oven,Samsung,Home,click,250,1778597805
80,casual,Malaysia,2026-03-02,68.0,Machine Learning Guide,O'Reilly,Books,view,800,1778597805
,browser,Indonesia,2025-08-16,32.0,Air Fryer,Xiaomi,Home,click,180,1778597805
176,browser,Singapore,2025-04-22,25.0,Leather Belt,Levi's,Fashion,click,-60,1778597805
,casual,Indonesia,2024-07-15,15.0,Bluetooth Speaker,JBL,Electronics,invalid,120,1778597805
unknown_user,browser,Malaysia,2026-03-31,4471.0,Shampoo,Dove,Beauty,click,100,1778597805
486,casual,Indonesia,2025-12-31,15.0,Bluetooth Speaker,JBL,Electronics,click,120,1778597805
487,casual,Singapore,2025-12-03,42.0,Sofa,Ikea,Home,view,1200,1778597805
476,browser,Vietnam,2025-03-22,41.0,Bed Frame,Ikea,Home,click,900,1778597805
83,casual,Vietnam,2024-10-02,15.0,Bluetooth Speaker,JBL,,view,-120,1778597805
unknown_user,browser,Singapore,2024-08-04,26.0,Backpack,Adidas,Fashion,invalid,100,1778597805
453,buyer,Malaysia,2024-11-09,28.0,Formal Shirt,Zara,Fashion,view,90,1778597805
16,browser,Malaysia,2025-02-17,61.0,Treadmill,Technogym,Sports,click,-1500,1778597805
79,buyer,Indonesia,2026-04-06,15.0,Bluetooth Speaker,JBL,Electronics,purchase,120,1778597805
unknown_user,browser,Malaysia,2025-03-17,47.0,Moisturizer,Nivea,Beauty,view,40,1778597805
133,casual,Malaysia,2025-01-08,19.0,T-Shirt,Uniqlo,Fashion,purchase,40,1778597805
30,browser,Singapore,2025-07-27,28.0,Formal Shirt,Zara,Fashion,view,90,1778597805
,casual,Singapore,2025-09-15,1578.0,Nail Polish,O.P.I,Beauty,click,15,1778597805
105,casual,Malaysia,2025-10-08,53.0,Sunscreen,Nivea,Beauty,click,35,1778597805
147,buyer,Malaysia,2025-01-24,17.0,Sneakers,Adidas,Fashion,view,150,1778597805
384,casual,Vietnam,2025-09-01,17.0,Sneakers,Adidas,Fashion,purchase,150,1778597805
,browser,Malaysia,2025-04-03,40.0,Office Chair,Ikea,Home,view,200,1778597805
207,buyer,Vietnam,2025-08-02,26.0,Backpack,Adidas,Fashion,click,100,1778597805
272,casual,Thailand,2025-07-21,40.0,Office Chair,Ikea,Home,click,200,1778597805
305,browser,Thailand,2024-12-22,33.0,Vacuum Cleaner,Dyson,Home,view,300,1778597805
36,casual,Thailand,2024-09-23,1945.0,AirPods Pro,Apple,Electronics,view,250,1778597805
211,buyer,Indonesia,2025-01-11,46.0,Face Cleanser,Nivea,Beauty,click,30,1778597805
322,browser,Indonesia,2024-07-02,10.0,Gaming Laptop,Asus,Electronics,view,2200,1778597805
446,casual,Indonesia,2026-02-07,57.0,Basketball,Nike,Sports,invalid,50,1778597805
224,buyer,Malaysia,2025-06-01,60.0,Dumbbells,Decathlon,Sports,purchase,150,1778597805
,browser,Singapore,2024-11-04,24.0,Sunglasses,Ray-Ban,Fashion,view,180,1778597805
451,buyer,Malaysia,2025-01-09,26.0,Backpack,Adidas,Fashion,invalid,100,1778597805
291,buyer,Malaysia,2024-08-03,41.0,Bed Frame,Ikea,Home,click,900,1778597805
,buyer,Singapore,2025-06-28,14.0,External SSD,Samsung,Electronics,purchase,200,1778597805
464,browser,Malaysia,2025-03-09,,External SSD,Samsung,Electronics,click,200,1778597805
346,browser,Malaysia,2025-02-15,45.0,Wall Clock,Generic,Home,view,40,1778597805
12,casual,Thailand,2026-04-19,55.0,Nail Polish,O.P.I,Beauty,click,-15,1778597805
386,casual,Malaysia,2025-02-24,54.0,Body Lotion,Dove,Beauty,view,200,1778597805
166,browser,Philippines,2025-08-22,39.0,Dining Table,Ikea,Home,invalid,800,1778597805
37,buyer,Thailand,2024-05-15,65.0,Water Bottle,Stanley,Sports,invalid,200,1778597805
423,browser,Thailand,2024-10-13,37.0,Microwave Oven,Samsung,Home,view,250,1778597805
68,browser,Indonesia,2025-11-15,35.0,Rice Cooker,Panasonic,Home,view,120,1778597805
225,casual,Malaysia,2025-04-10,33.0,Vacuum Cleaner,Dyson,Home,view,300,1778597805
489,casual,Thailand,2025-06-04,4.0,Dell XPS 13,Dell,,view,1800,1778597805
64,buyer,Singapore,2025-06-27,61.0,Treadmill,Technogym,Sports,invalid,1500,1778597805
,browser,Singapore,2026-02-13,45.0,Wall Clock,Generic,,purchase,400,1778597805
484,buyer,Indonesia,2026-02-28,35.0,Rice Cooker,Panasonic,Home,invalid,120,1778597805
287,browser,Malaysia,2024-05-31,,T-Shirt,Uniqlo,Fashion,view,40,1778597805
200,buyer,Indonesia,2025-06-09,26.0,Backpack,Adidas,Fashion,click,100,1778597805
254,casual,Malaysia,2024-10-22,54.0,Body Lotion,Dove,Beauty,purchase,25,1778597805
258,browser,Malaysia,2024-12-23,67.0,Data Science Handbook,Packt,Books,view,140,1778597805
,browser,Indonesia,2026-04-12,45.0,Wall Clock,Generic,Home,invalid,40,1778597805
307,browser,Singapore,2024-06-07,61.0,Treadmill,Technogym,Sports,view,1500,1778597805
,casual,Indonesia,2025-09-30,,Samsung Galaxy S23,Samsung,Electronics,click,1000,1778597805
52,casual,Malaysia,2025-12-29,64.0,Gym Bag,Nike,Sports,click,90,1778597805
unknown_user,casual,Malaysia,2024-07-20,3.0,MacBook Pro,Apple,,view,2500,1778597805
388,browser,Singapore,2025-07-13,54.0,Body Lotion,Dove,Beauty,view,25,1778597805
334,browser,Vietnam,2026-03-10,3392.0,Bed Frame,Ikea,Home,invalid,900,1778597805
311,browser,Malaysia,2026-02-27,46.0,Face Cleanser,Nivea,Beauty,view,30,1778597805
114,casual,Thailand,2024-06-17,36.0,Electric Kettle,Tefal,Home,view,60,1778597805
383,browser,Malaysia,2024-05-27,69.0,Business Strategy Book,Harvard Press,Books,view,60,1778597805
307,buyer,Vietnam,2024-07-18,37.0,Microwave Oven,Samsung,Home,view,250,1778597805
255,browser,Malaysia,2024-11-02,59.0,Yoga Mat,Decathlon,Sports,view,60,1778597805
56,casual,Malaysia,2024-10-12,15.0,Bluetooth Speaker,JBL,Electronics,purchase,120,1778597805
74,browser,Vietnam,2025-06-11,19.0,T-Shirt,Uniqlo,Fashion,view,40,1778597805
434,browser,Singapore,2026-03-22,56.0,Football,Adidas,Sports,view,400,1778597805
465,casual,Singapore,2025-10-15,26.0,Backpack,Adidas,Fashion,view,100,1778597805
236,buyer,Indonesia,2024-08-29,60.0,Dumbbells,Decathlon,Sports,purchase,150,1778597805
unknown_user,browser,Singapore,2025-06-25,53.0,Sunscreen,Nivea,Beauty,click,35,1778597805
128,browser,Singapore,2026-04-12,51.0,Hair Dryer,Philips,Beauty,click,80,1778597805
16,browser,Singapore,2025-09-09,27.0,Sports Shorts,Nike,Fashion,purchase,50,1778597805
426,buyer,Malaysia,2025-10-27,4158.0,Body Lotion,Dove,Beauty,view,25,1778597805
59,browser,Singapore,2025-06-27,67.0,Data Science Handbook,Packt,Books,click,70,1778597805
339,casual,Singapore,2025-09-05,43.0,Desk Lamp,Philips,Home,view,50,1778597805
unknown_user,buyer,Singapore,2025-12-19,1757.0,Cycling Helmet,Giro,Sports,click,80,1778597805
115,browser,Vietnam,2025-02-12,1.0,iPhone 15,Apple,Electronics,view,-2400,1778597805
unknown_user,browser,Thailand,2024-09-26,9.0,Smart Watch,Fitbit,Electronics,click,-400,1778597805
442,browser,Malaysia,2025-11-14,9.0,Smart Watch,Fitbit,Electronics,invalid,400,1778597805
227,casual,Malaysia,2024-08-18,8.0,AirPods Pro,Apple,Electronics,click,-250,1778597805
196,browser,Indonesia,2025-09-17,55.0,Nail Polish,O.P.I,Beauty,view,15,1778597805
7,buyer,Malaysia,2024-08-06,,Football,Adidas,Sports,purchase,-40,1778597805
343,buyer,Thailand,2024-09-10,45.0,Wall Clock,Generic,Home,invalid,200,1778597805
106,casual,Philippines,2024-06-16,16.0,Running Shoes,Nike,Fashion,view,120,1778597805
216,buyer,Singapore,2026-04-19,14.0,External SSD,Samsung,Electronics,click,200,1778597805
382,browser,Malaysia,2025-08-04,,Jacket,Zara,,view,2000,1778597805
497,browser,Singapore,2024-07-03,25.0,Leather Belt,Levi's,Fashion,purchase,480,1778597805
257,buyer,Indonesia,2025-04-04,54.0,Body Lotion,Dove,Beauty,purchase,25,1778597805
330,browser,Malaysia,2025-05-02,55.0,Nail Polish,O.P.I,Beauty,view,15,1778597805
62,browser,Vietnam,2025-09-16,10.0,Gaming Laptop,Asus,Electronics,view,2200,1778597805
211,casual,Philippines,2025-01-29,13.0,4K Monitor,LG,Electronics,view,600,1778597805
56,browser,Malaysia,2026-04-03,42.0,Sofa,Ikea,Home,view,1200,1778597805
unknown_user,buyer,Thailand,2024-08-02,,T-Shirt,Uniqlo,Fashion,purchase,-40,1778597805
439,browser,Vietnam,2024-12-20,58.0,Tennis Racket,Wilson,Sports,view,200,1778597805
unknown_user,browser,Singapore,2024-05-30,23.0,Cap,Nike,Fashion,view,120,1778597805
unknown_user,casual,Malaysia,2024-06-18,,Shampoo,Dove,Beauty,click,20,1778597805
128,browser,Singapore,2025-02-04,7.0,Sony Headphones,Sony,Electronics,view,300,1778597805
307,browser,Thailand,2024-11-25,62.0,Cycling Helmet,Giro,Sports,view,800,1778597805
443,casual,Singapore,2025-06-08,2704.0,Hoodie,Puma,Fashion,view,540,1778597805
unknown_user,browser,Singapore,2026-01-15,41.0,Bed Frame,Ikea,Home,view,900,1778597805
119,browser,Indonesia,2025-08-15,41.0,Bed Frame,Ikea,Home,view,900,1778597805
83,browser,Malaysia,2026-02-06,12.0,Wireless Mouse,Logitech,Electronics,invalid,80,1778597805
,buyer,Indonesia,2025-08-23,70.0,Self Development Book,Penguin,,purchase,40,1778597805
,browser,Malaysia,2025-05-04,16.0,Running Shoes,Nike,Fashion,view,120,1778597805
102,casual,Malaysia,2025-04-01,18.0,Jeans,Levi's,Fashion,view,80,1778597805
298,casual,Malaysia,2024-11-24,56.0,Football,Adidas,Sports,invalid,40,1778597805
29,browser,Singapore,2025-04-23,8.0,AirPods Pro,Apple,Electronics,invalid,250,1778597805
422,browser,Singapore,2025-03-15,26.0,Backpack,Adidas,Fashion,click,-100,1778597805
221,casual,Indonesia,2025-03-13,12.0,Wireless Mouse,Logitech,,view,-80,1778597805
231,casual,Malaysia,2025-10-13,66.0,Python Programming Book,O'Reilly,Books,invalid,50,1778597805
341,browser,Malaysia,2026-02-16,65.0,Water Bottle,Stanley,Sports,click,25,1778597805
349,browser,Singapore,2025-01-25,65.0,Water Bottle,Stanley,Sports,view,25,1778597805
247,buyer,Thailand,2025-11-19,48.0,Lipstick,Maybelline,Beauty,purchase,125,1778597805
243,browser,Singapore,2026-01-05,29.0,Sandals,Havaianas,Fashion,view,70,1778597805
418,browser,Singapore,2025-10-20,33.0,Vacuum Cleaner,Dyson,Home,click,300,1778597805
191,browser,Indonesia,2025-12-20,9.0,Smart Watch,Fitbit,,purchase,400,1778597805
249,browser,Singapore,2025-12-26,11.0,Mechanical Keyboard,Logitech,Electronics,view,150,1778597805
,browser,Malaysia,2025-11-03,28.0,Formal Shirt,Zara,,view,90,1778597805
73,browser,Malaysia,2025-10-04,52.0,Makeup Kit,Maybelline,Beauty,view,240,1778597805
,casual,Thailand,2025-06-21,5.0,iPad Air,Apple,Electronics,click,-900,1778597805
unknown_user,casual,Malaysia,2026-02-08,14.0,External SSD,Samsung,Electronics,click,-1000,1778597805
448,buyer,Thailand,2025-11-30,17.0,Sneakers,Adidas,Fashion,click,150,1778597805
239,buyer,Philippines,2025-11-01,1620.0,Makeup Kit,Maybelline,Beauty,click,120,1778597805
,browser,Malaysia,2025-12-12,57.0,Basketball,Nike,Sports,view,50,1778597805
4,browser,Thailand,2025-10-30,57.0,Basketball,Nike,Sports,view,50,1778597805
419,buyer,Thailand,2026-04-22,68.0,Machine Learning Guide,O'Reilly,Books,view,80,1778597805
346,browser,Indonesia,2025-03-22,2610.0,Perfume,Dior,Beauty,view,-600,1778597805
465,casual,Vietnam,2025-07-25,3.0,MacBook Pro,Apple,Electronics,click,2500,1778597805
,buyer,Malaysia,2025-08-04,24.0,Sunglasses,Ray-Ban,Fashion,click,180,1778597805
,browser,Indonesia,2025-08-16,1378.0,Makeup Kit,Maybelline,Beauty,click,120,1778597805
,browser,Singapore,2024-09-07,66.0,Python Programming Book,O'Reilly,Books,invalid,-50,1778597805
,browser,Thailand,2025-11-10,17.0,Sneakers,Adidas,Fashion,view,150,1778597805
382,buyer,Malaysia,2024-09-02,32.0,Air Fryer,Xiaomi,,view,180,1778597805
,browser,Malaysia,2024-06-15,31.0,Coffee Maker,Philips,Home,view,150,1778597805
434,casual,Malaysia,2024-11-08,63.0,Skipping Rope,Decathlon,Sports,invalid,-20,1778597805
352,casual,Indonesia,2026-03-15,4136.0,Electric Kettle,Tefal,Home,view,300,1778597805
309,casual,Malaysia,2025-03-19,45.0,Wall Clock,Generic,Home,view,120,1778597805
495,casual,Indonesia,2026-02-06,15.0,Bluetooth Speaker,JBL,Electronics,invalid,120,1778597805
388,casual,Malaysia,2025-04-08,,Coffee Maker,Philips,Home,click,900,1778597805
224,browser,Malaysia,2025-03-05,38.0,Toaster,Philips,Home,view,70,1778597805
451,browser,Singapore,2024-06-24,,Treadmill,Technogym,,view,1500,1778597805
258,casual,Philippines,2026-01-14,3700.0,Wall Clock,Generic,Home,purchase,-40,1778597805
,browser,Singapore,2025-02-10,45.0,Wall Clock,Generic,Home,view,40,1778597805
222,casual,Malaysia,2025-05-28,36.0,Electric Kettle,Tefal,Home,view,60,1778597805
4,buyer,Malaysia,2025-04-30,41.0,Bed Frame,Ikea,Home,view,1800,1778597805
unknown_user,browser,Malaysia,2026-01-04,10.0,Gaming Laptop,Asus,Electronics,invalid,2200,1778597805
64,casual,Indonesia,2024-09-02,61.0,Treadmill,Technogym,Sports,purchase,1500,1778597805
165,buyer,Singapore,2025-02-01,3047.0,Mechanical Keyboard,Logitech,Electronics,click,150,1778597805
unknown_user,browser,Malaysia,2024-11-25,7.0,Sony Headphones,Sony,Electronics,invalid,1500,1778597805
256,buyer,Thailand,2025-11-14,,Water Bottle,Stanley,Sports,click,25,1778597805
374,browser,Singapore,2024-07-13,39.0,Dining Table,Ikea,,invalid,800,1778597805
241,buyer,Malaysia,2024-09-09,52.0,Makeup Kit,Maybelline,Beauty,click,120,1778597805
406,buyer,Malaysia,2026-02-25,4.0,Dell XPS 13,Dell,Electronics,view,-1800,1778597805
29,buyer,Indonesia,2026-01-27,67.0,Data Science Handbook,Packt,Books,view,70,1778597805
208,browser,Vietnam,2024-12-11,14.0,External SSD,Samsung,Electronics,purchase,200,1778597805
269,browser,Indonesia,2024-11-29,12.0,Wireless Mouse,Logitech,Electronics,view,160,1778597805
,browser,Singapore,2025-01-27,8.0,AirPods Pro,Apple,Electronics,view,250,1778597805
469,browser,Indonesia,2025-06-13,9.0,Smart Watch,Fitbit,Electronics,invalid,400,1778597805
226,browser,Singapore,2026-01-25,27.0,Sports Shorts,Nike,Fashion,view,50,1778597805
106,browser,Malaysia,2025-11-25,6.0,Samsung Tablet,Samsung,,invalid,-700,1778597805
41,buyer,Singapore,2024-12-07,40.0,Office Chair,Ikea,Home,view,200,1778597805
432,casual,Malaysia,2024-05-31,55.0,Nail Polish,O.P.I,Beauty,click,15,1778597805
237,browser,Malaysia,2024-11-05,18.0,Jeans,Levi's,Fashion,view,80,1778597805
,buyer,Malaysia,2025-01-10,34.0,Blender,Philips,Home,click,-100,1778597805
unknown_user,casual,Thailand,2025-02-20,55.0,Nail Polish,O.P.I,Beauty,click,15,1778597805
332,browser,Malaysia,2026-02-18,33.0,Vacuum Cleaner,Dyson,Home,view,300,1778597805
430,casual,Thailand,2024-11-16,63.0,Skipping Rope,Decathlon,Sports,view,80,1778597805
293,casual,Vietnam,2025-10-26,70.0,Self Development Book,Penguin,Books,view,40,1778597805
262,browser,Malaysia,2025-12-06,2.0,Samsung Galaxy S23,Samsung,Electronics,view,1000,1778597805
66,buyer,Vietnam,2025-10-28,60.0,Dumbbells,Decathlon,Sports,click,150,1778597805
,buyer,Malaysia,2024-07-23,12.0,Wireless Mouse,Logitech,Electronics,purchase,80,1778597805
482,browser,Thailand,2026-04-22,67.0,Data Science Handbook,Packt,Books,view,70,1778597805
149,browser,Indonesia,2025-04-27,28.0,Formal Shirt,Zara,Fashion,click,90,1778597805
,browser,Malaysia,2025-01-15,3298.0,Cap,Nike,,click,30,1778597805
288,browser,Thailand,2024-12-28,34.0,Blender,Philips,Home,view,100,1778597805
unknown_user,browser,Malaysia,2026-02-02,19.0,T-Shirt,Uniqlo,Fashion,view,40,1778597805
unknown_user,casual,Malaysia,2024-11-26,,Blender,Philips,Home,click,1000,1778597805
unknown_user,browser,Thailand,2024-12-20,,Jacket,Zara,Fashion,view,200,1778597805
66,browser,Malaysia,2025-05-19,66.0,Python Programming Book,O'Reilly,Books,view,50,1778597805
286,browser,Singapore,2025-09-06,38.0,Toaster,Philips,Home,view,70,1778597805
21,buyer,Indonesia,2025-01-17,58.0,Tennis Racket,Wilson,,purchase,600,1778597805
,buyer,Thailand,2025-04-21,44.0,Curtains,Ikea,Home,invalid,120,1778597805
252,browser,Malaysia,2026-02-18,,iPad Air,Apple,Electronics,invalid,900,1778597805
unknown_user,buyer,Malaysia,2025-04-04,63.0,Skipping Rope,Decathlon,,purchase,-180,1778597805
8,browser,Malaysia,2025-07-28,1.0,iPhone 15,Apple,Electronics,invalid,1200,1778597805
110,buyer,Malaysia,2025-11-12,1815.0,Nail Polish,O.P.I,Beauty,purchase,15,1778597805
,browser,Singapore,2025-06-24,35.0,Rice Cooker,Panasonic,Home,invalid,720,1778597805
310,casual,Thailand,2024-12-06,,Toaster,Philips,Home,click,70,1778597805
,browser,Malaysia,2026-01-28,,Shampoo,Dove,Beauty,view,20,1778597805
17,casual,Thailand,2025-06-18,,Dumbbells,Decathlon,Sports,click,150,1778597805
308,browser,Vietnam,2025-03-13,44.0,Curtains,Ikea,Home,click,120,1778597805
,browser,Singapore,2025-09-07,7.0,Sony Headphones,Sony,Electronics,view,300,1778597805
164,buyer,Malaysia,2026-03-21,,Dining Table,Ikea,Home,purchase,800,1778597805
135,casual,Singapore,2024-12-25,55.0,Nail Polish,O.P.I,Beauty,purchase,15,1778597805
51,buyer,Indonesia,2025-05-31,27.0,Sports Shorts,Nike,Fashion,purchase,50,1778597805
176,browser,Singapore,2025-07-06,62.0,Cycling Helmet,Giro,Sports,invalid,480,1778597805
,casual,Singapore,2024-09-28,1167.0,Electric Kettle,Tefal,Home,click,60,1778597805
77,browser,Malaysia,2025-03-28,69.0,Business Strategy Book,Harvard Press,Books,view,60,1778597805
174,browser,Indonesia,2025-05-27,4642.0,Electric Kettle,Tefal,Home,view,60,1778597805
,casual,Indonesia,2025-09-10,13.0,4K Monitor,LG,,purchase,-600,1778597805
268,buyer,Thailand,2025-11-21,,Coffee Maker,Philips,Home,view,150,1778597805
296,casual,Indonesia,2025-03-09,59.0,Yoga Mat,Decathlon,Sports,click,60,1778597805
,casual,Malaysia,2025-04-24,65.0,Water Bottle,Stanley,Sports,purchase,50,1778597805
138,casual,Singapore,2025-05-07,24.0,Sunglasses,Ray-Ban,,view,360,1778597805
unknown_user,browser,Vietnam,2025-07-11,1657.0,Mechanical Keyboard,Logitech,Electronics,view,150,1778597805
,browser,Malaysia,2025-06-17,55.0,Nail Polish,O.P.I,Beauty,view,15,1778597805
,casual,Malaysia,2025-06-07,9.0,Smart Watch,Fitbit,Electronics,view,400,1778597805
379,browser,Indonesia,2025-04-16,,Football,Adidas,Sports,view,40,1778597805
unknown_user,casual,Philippines,2026-05-07,40.0,Office Chair,Ikea,Home,view,200,1778597805
328,casual,Malaysia,2026-01-13,32.0,Air Fryer,Xiaomi,Home,click,180,1778597805
unknown_user,casual,Philippines,2024-10-31,62.0,Cycling Helmet,Giro,Sports,purchase,80,1778597805
319,casual,Malaysia,2024-05-23,61.0,Treadmill,Technogym,,view,1500,1778597805
388,browser,Philippines,2025-12-03,60.0,Dumbbells,Decathlon,Sports,view,150,1778597805
318,browser,Malaysia,2025-05-21,15.0,Bluetooth Speaker,JBL,Electronics,view,120,1778597805
321,browser,Malaysia,2024-09-02,44.0,Curtains,Ikea,Home,view,120,1778597805
,casual,Singapore,2026-01-19,22.0,Hoodie,Puma,Fashion,view,90,1778597805
138,casual,Thailand,2026-02-13,,Hair Dryer,Philips,Beauty,click,80,1778597805
18,browser,Malaysia,2025-06-05,55.0,Nail Polish,O.P.I,Beauty,view,-60,1778597805
49,casual,Malaysia,2024-08-27,,Smart Watch,Fitbit,Electronics,click,400,1778597805
45,casual,Singapore,2025-10-25,,Skipping Rope,Decathlon,Sports,purchase,20,1778597805
278,browser,Indonesia,2024-05-17,17.0,Sneakers,Adidas,Fashion,view,150,1778597805
121,casual,Philippines,2024-07-12,55.0,Nail Polish,O.P.I,Beauty,invalid,15,1778597805
2,browser,Thailand,2026-05-06,23.0,Cap,Nike,Fashion,purchase,30,1778597805
125,casual,Thailand,2025-01-12,32.0,Air Fryer,Xiaomi,Home,view,180,1778597805
258,browser,Thailand,2026-01-17,12.0,Wireless Mouse,Logitech,Electronics,view,240,1778597805
,buyer,Malaysia,2025-09-24,44.0,Curtains,Ikea,Home,click,120,1778597805
325,browser,Indonesia,2025-12-13,67.0,Data Science Handbook,Packt,Books,view,70,1778597805
,casual,Singapore,2024-07-25,67.0,Data Science Handbook,Packt,Books,purchase,-70,1778597805
193,buyer,Thailand,2025-01-07,28.0,Formal Shirt,Zara,Fashion,purchase,630,1778597805
212,casual,Thailand,2025-08-28,67.0,Data Science Handbook,Packt,Books,view,70,1778597805
101,buyer,Malaysia,2025-09-01,3.0,MacBook Pro,Apple,Electronics,view,2500,1778597805
79,buyer,Indonesia,2025-10-20,41.0,Bed Frame,Ikea,Home,purchase,900,1778597805
33,browser,Vietnam,2025-03-14,,External SSD,Samsung,Electronics,click,200,1778597805
339,casual,Indonesia,2025-04-10,,Yoga Mat,Decathlon,,purchase,-120,1778597805
364,casual,Singapore,2025-05-18,39.0,Dining Table,Ikea,Home,view,800,1778597805
395,browser,Philippines,2025-03-24,24.0,Sunglasses,Ray-Ban,Fashion,view,180,1778597805
144,browser,Malaysia,2025-04-30,11.0,Mechanical Keyboard,Logitech,Electronics,view,1500,1778597805
393,buyer,Singapore,2024-05-16,43.0,Desk Lamp,Philips,Home,click,50,1778597805
318,browser,Malaysia,2025-08-21,3949.0,Mechanical Keyboard,Logitech,Electronics,click,150,1778597805
,browser,Malaysia,2025-06-11,19.0,T-Shirt,Uniqlo,Fashion,view,40,1778597805
355,casual,Malaysia,2025-08-08,43.0,Desk Lamp,Philips,Home,purchase,50,1778597805
133,casual,Malaysia,2024-11-16,58.0,Tennis Racket,Wilson,Sports,purchase,200,1778597805
101,buyer,Vietnam,2025-02-21,3.0,MacBook Pro,Apple,Electronics,click,2500,1778597805
210,browser,Malaysia,2025-05-28,46.0,Face Cleanser,Nivea,Beauty,view,210,1778597805
83,browser,Indonesia,2025-08-09,,Wall Clock,Generic,Home,view,40,1778597805
365,browser,Singapore,2024-10-02,11.0,Mechanical Keyboard,Logitech,Electronics,view,1200,1778597805
206,casual,Indonesia,2025-05-09,53.0,Sunscreen,Nivea,Beauty,view,35,1778597805
unknown_user,buyer,Malaysia,2025-08-10,53.0,Sunscreen,Nivea,Beauty,click,175,1778597805
22,casual,Malaysia,2024-09-24,67.0,Data Science Handbook,Packt,Books,click,70,1778597805
416,casual,Singapore,2024-08-27,,Backpack,Adidas,Fashion,purchase,100,1778597805
214,browser,Thailand,2024-12-12,17.0,Sneakers,Adidas,Fashion,view,150,1778597805
132,browser,Thailand,2025-05-07,,Office Chair,Ikea,Home,view,1800,1778597805
unknown_user,browser,Singapore,2025-02-25,3430.0,Jeans,Levi's,Fashion,invalid,80,1778597805
unknown_user,buyer,Malaysia,2025-06-16,,Electric Kettle,Tefal,Home,click,60,1778597805
132,browser,Thailand,2024-10-06,61.0,Treadmill,Technogym,Sports,view,12000,1778597805
224,browser,Malaysia,2024-12-11,68.0,Machine Learning Guide,O'Reilly,,view,80,1778597805
457,casual,Malaysia,2026-03-02,,Blender,Philips,Home,view,100,1778597805
431,buyer,Vietnam,2025-02-10,60.0,Dumbbells,Decathlon,Sports,purchase,150,1778597805
359,browser,Singapore,2025-11-01,19.0,T-Shirt,Uniqlo,Fashion,click,40,1778597805
189,browser,Thailand,2026-03-07,19.0,T-Shirt,Uniqlo,Fashion,view,40,1778597805
269,browser,Malaysia,2025-09-06,20.0,Jacket,Zara,,view,200,1778597805
102,browser,Malaysia,2024-12-05,64.0,Gym Bag,Nike,Sports,view,90,1778597805
477,casual,Indonesia,2025-06-21,4841.0,External SSD,Samsung,Electronics,view,200,1778597805
167,browser,Malaysia,2025-04-09,13.0,4K Monitor,LG,Electronics,view,600,1778597805
,casual,Indonesia,2025-11-16,28.0,Formal Shirt,Zara,Fashion,click,-90,1778597805
124,browser,Thailand,2024-07-29,29.0,Sandals,Havaianas,Fashion,view,70,1778597805
326,browser,Malaysia,2025-01-01,41.0,Bed Frame,Ikea,Home,view,6300,1778597805
268,browser,Singapore,2024-11-13,2971.0,iPhone 15,Apple,Electronics,view,-1200,1778597805
144,browser,Malaysia,2025-06-04,43.0,Desk Lamp,Philips,Home,click,50,1778597805
unknown_user,browser,Vietnam,2026-01-28,8.0,AirPods Pro,Apple,Electronics,view,250,1778597805
,casual,Malaysia,2025-08-17,,AirPods Pro,Apple,Electronics,invalid,1750,1778597805
353,buyer,Singapore,2025-05-24,,External SSD,Samsung,Electronics,view,-200,1778597805
,casual,Malaysia,2025-05-23,2815.0,4K Monitor,LG,Electronics,purchase,600,1778597805
107,browser,Philippines,2025-08-22,,Sports Shorts,Nike,Fashion,view,50,1778597805
88,browser,Vietnam,2024-09-11,35.0,Rice Cooker,Panasonic,,click,120,1778597805
unknown_user,browser,Malaysia,2025-08-22,4714.0,Sneakers,Adidas,,view,150,1778597805
442,browser,Singapore,2026-05-12,,Sports Shorts,Nike,Fashion,view,250,1778597805
407,buyer,Malaysia,2024-10-17,1640.0,Football,Adidas,Sports,purchase,40,1778597805
220,casual,Malaysia,2026-03-30,44.0,Curtains,Ikea,Home,click,120,1778597805
211,buyer,Singapore,2025-07-04,11.0,Mechanical Keyboard,Logitech,Electronics,view,-150,1778597805
174,browser,Malaysia,2025-11-14,63.0,Skipping Rope,Decathlon,Sports,view,20,1778597805
500,buyer,Malaysia,2026-04-18,65.0,Water Bottle,Stanley,Sports,purchase,-25,1778597805
,browser,Philippines,2025-06-18,68.0,Machine Learning Guide,O'Reilly,Books,purchase,80,1778597805
195,browser,Indonesia,2024-06-09,15.0,Bluetooth Speaker,JBL,Electronics,invalid,120,1778597805
233,browser,Philippines,2024-12-20,,Sports Shorts,Nike,Fashion,view,50,1778597805
357,browser,Thailand,2026-04-23,58.0,Tennis Racket,Wilson,Sports,view,1800,1778597805
117,browser,Singapore,2024-10-28,4.0,Dell XPS 13,Dell,Electronics,invalid,1800,1778597805
263,buyer,Indonesia,2025-08-17,62.0,Cycling Helmet,Giro,Sports,purchase,-560,1778597805
321,casual,Vietnam,2025-07-20,25.0,Leather Belt,Levi's,Fashion,purchase,60,1778597805
unknown_user,buyer,Malaysia,2025-09-05,67.0,Data Science Handbook,Packt,Books,click,70,1778597805
unknown_user,casual,Thailand,2024-09-18,45.0,Wall Clock,Generic,Home,view,40,1778597805
335,browser,Thailand,2024-08-03,52.0,Makeup Kit,Maybelline,Beauty,view,120,1778597805
63,browser,Singapore,2024-05-16,55.0,Nail Polish,O.P.I,Beauty,view,15,1778597805
325,casual,Indonesia,2026-04-07,58.0,Tennis Racket,Wilson,Sports,view,200,1778597805
411,browser,Singapore,2025-03-11,51.0,Hair Dryer,Philips,Beauty,click,-80,1778597805
370,browser,Malaysia,2026-01-29,22.0,Hoodie,Puma,Fashion,invalid,90,1778597805
269,browser,Singapore,2026-03-26,57.0,Basketball,Nike,Sports,invalid,250,1778597805
260,casual,Indonesia,2025-01-21,14.0,External SSD,Samsung,Electronics,view,200,1778597805
500,casual,Malaysia,2024-10-22,25.0,Leather Belt,Levi's,Fashion,view,60,1778597805
128,buyer,Malaysia,2025-04-13,47.0,Moisturizer,Nivea,Beauty,click,160,1778597805
397,casual,Indonesia,2024-11-13,,Blender,Philips,Home,purchase,100,1778597805
205,buyer,Thailand,2025-06-22,,Blender,Philips,Home,click,100,1778597805
338,browser,Indonesia,2025-07-28,2.0,Samsung Galaxy S23,Samsung,Electronics,view,1000,1778597805
219,buyer,Singapore,2024-06-29,3095.0,Body Lotion,Dove,Beauty,click,25,1778597805
,browser,Thailand,2024-09-06,43.0,Desk Lamp,Philips,Home,click,50,1778597805
497,casual,Singapore,2025-06-25,42.0,Sofa,Ikea,Home,view,1200,1778597805
436,browser,Malaysia,2026-01-05,42.0,Sofa,Ikea,Home,view,1200,1778597805
unknown_user,browser,Thailand,2024-12-09,45.0,Wall Clock,Generic,Home,view,200,1778597805
44,browser,Indonesia,2025-03-13,61.0,Treadmill,Technogym,Sports,view,1500,1778597805
304,browser,Malaysia,2026-03-10,53.0,Sunscreen,Nivea,Beauty,view,315,1778597805
169,browser,Indonesia,2026-03-04,,Basketball,Nike,Sports,view,50,1778597805
180,browser,Indonesia,2026-02-22,3.0,MacBook Pro,Apple,,click,-2500,1778597805
39,casual,Philippines,2025-07-16,61.0,Treadmill,Technogym,Sports,purchase,1500,1778597805
345,casual,Indonesia,2025-12-15,11.0,Mechanical Keyboard,Logitech,Electronics,view,150,1778597805
347,browser,Indonesia,2025-01-12,26.0,Backpack,Adidas,Fashion,invalid,800,1778597805
86,browser,Singapore,2026-01-11,61.0,Treadmill,Technogym,Sports,view,1500,1778597805
151,buyer,Malaysia,2025-02-15,48.0,Lipstick,Maybelline,Beauty,purchase,150,1778597805
unknown_user,casual,Vietnam,2024-07-28,2.0,Samsung Galaxy S23,Samsung,Electronics,click,7000,1778597805
311,browser,Philippines,2024-11-01,,4K Monitor,LG,Electronics,view,600,1778597805
137,browser,Malaysia,2024-12-02,38.0,Toaster,Philips,Home,click,490,1778597805
141,browser,Malaysia,2025-09-05,10.0,Gaming Laptop,Asus,,purchase,2200,1778597805
416,casual,Malaysia,2025-03-08,68.0,Machine Learning Guide,O'Reilly,Books,view,-80,1778597805
unknown_user,browser,Indonesia,2025-04-10,,Business Strategy Book,Harvard Press,,purchase,60,1778597805
93,browser,Malaysia,2026-01-25,53.0,Sunscreen,Nivea,Beauty,invalid,35,1778597805
unknown_user,browser,Malaysia,2026-01-20,42.0,Sofa,Ikea,Home,view,1200,1778597805
,casual,Malaysia,2025-12-11,25.0,Leather Belt,Levi's,Fashion,click,60,1778597805
unknown_user,browser,Singapore,2025-10-05,26.0,Backpack,Adidas,Fashion,invalid,100,1778597805
,browser,Indonesia,2025-02-23,1104.0,iPad Air,Apple,Electronics,view,900,1778597805
,casual,Vietnam,2025-02-15,34.0,Blender,Philips,Home,view,100,1778597805
369,browser,Indonesia,2024-12-11,36.0,Electric Kettle,Tefal,Home,click,-60,1778597805
411,casual,Malaysia,2024-09-05,51.0,Hair Dryer,Philips,,view,80,1778597805
237,casual,Indonesia,2024-12-11,,Dress,H&M,Fashion,view,120,1778597805
,casual,Philippines,2025-04-21,10.0,Gaming Laptop,Asus,Electronics,click,11000,1778597805
82,browser,Singapore,2025-01-08,22.0,Hoodie,Puma,Fashion,view,90,1778597805
365,casual,Philippines,2025-08-27,,Machine Learning Guide,O'Reilly,Books,view,-640,1778597805
219,buyer,Singapore,2024-11-23,16.0,Running Shoes,Nike,Fashion,purchase,120,1778597805
14,buyer,Singapore,2025-06-28,51.0,Hair Dryer,Philips,Beauty,click,80,1778597805
,buyer,Malaysia,2024-12-02,52.0,Makeup Kit,Maybelline,Beauty,click,-120,1778597805
354,browser,Malaysia,2026-03-14,64.0,Gym Bag,Nike,Sports,view,90,1778597805
472,browser,Thailand,2025-09-26,31.0,Coffee Maker,Philips,Home,invalid,150,1778597805
480,browser,Thailand,2024-05-22,18.0,Jeans,Levi's,Fashion,click,80,1778597805
111,buyer,Malaysia,2025-08-23,2067.0,Python Programming Book,O'Reilly,Books,purchase,50,1778597805
unknown_user,casual,Malaysia,2025-02-06,20.0,Jacket,Zara,Fashion,purchase,200,1778597805
unknown_user,browser,Malaysia,2024-10-04,58.0,Tennis Racket,Wilson,Sports,view,-200,1778597805
283,browser,Malaysia,2025-01-22,25.0,Leather Belt,Levi's,,view,60,1778597805
,buyer,Indonesia,2024-07-03,4554.0,Body Lotion,Dove,,click,25,1778597805
258,browser,Vietnam,2026-03-19,11.0,Mechanical Keyboard,Logitech,Electronics,view,300,1778597805
211,casual,Malaysia,2025-04-21,25.0,Leather Belt,Levi's,Fashion,invalid,420,1778597805
82,casual,Singapore,2024-11-22,68.0,Machine Learning Guide,O'Reilly,Books,view,80,1778597805
187,buyer,Singapore,2024-12-05,35.0,Rice Cooker,Panasonic,Home,click,120,1778597805
124,browser,Singapore,2025-11-12,,Curtains,Ikea,Home,view,120,1778597805
98,buyer,Indonesia,2024-07-15,65.0,Water Bottle,Stanley,Sports,purchase,25,1778597805
unknown_user,browser,Indonesia,2025-03-03,70.0,Self Development Book,Penguin,Books,view,-360,1778597805
unknown_user,browser,Malaysia,2025-12-16,27.0,Sports Shorts,Nike,Fashion,view,50,1778597805
331,buyer,Singapore,2026-05-12,25.0,Leather Belt,Levi's,Fashion,click,60,1778597805
267,browser,Singapore,2024-12-09,28.0,Formal Shirt,Zara,Fashion,view,90,1778597805
361,browser,Singapore,2024-08-19,9.0,Smart Watch,Fitbit,Electronics,click,400,1778597805
58,casual,Singapore,2025-02-08,,Air Fryer,Xiaomi,Home,view,180,1778597805
124,casual,Indonesia,2025-09-21,,Makeup Kit,Maybelline,Beauty,view,-120,1778597805
477,browser,Malaysia,2025-07-13,16.0,Running Shoes,Nike,Fashion,click,120,1778597805
,browser,Malaysia,2024-06-02,25.0,Leather Belt,Levi's,Fashion,view,60,1778597805
322,browser,Singapore,2026-01-23,63.0,Skipping Rope,Decathlon,Sports,click,-20,1778597805
60,casual,Singapore,2025-07-19,42.0,Sofa,Ikea,Home,purchase,1200,1778597805
,casual,Thailand,2026-04-30,34.0,Blender,Philips,Home,view,1000,1778597805
52,browser,Vietnam,2025-11-21,30.0,Watch,Casio,Fashion,invalid,250,1778597805
472,browser,Singapore,2024-07-19,,Makeup Kit,Maybelline,Beauty,view,120,1778597805
54,browser,Indonesia,2025-06-07,29.0,Sandals,Havaianas,Fashion,purchase,70,1778597805
250,browser,Indonesia,2024-06-10,1.0,iPhone 15,Apple,Electronics,view,10800,1778597805
81,browser,Malaysia,2024-08-08,,Makeup Kit,Maybelline,Beauty,view,120,1778597805
154,buyer,Vietnam,2025-10-26,,Desk Lamp,Philips,Home,click,100,1778597805
351,casual,Malaysia,2025-10-05,35.0,Rice Cooker,Panasonic,Home,invalid,120,1778597805
309,browser,Singapore,2026-03-18,,Rice Cooker,Panasonic,Home,invalid,120,1778597805
unknown_user,buyer,Singapore,2026-02-10,57.0,Basketball,Nike,Sports,view,-50,1778597805
374,browser,Indonesia,2025-09-28,70.0,Self Development Book,Penguin,Books,view,40,1778597805
270,browser,Vietnam,2025-04-18,7.0,Sony Headphones,Sony,Electronics,view,300,1778597805
116,casual,Thailand,2024-10-21,14.0,External SSD,Samsung,Electronics,view,200,1778597805
4,buyer,Malaysia,2025-03-04,68.0,Machine Learning Guide,O'Reilly,Books,purchase,80,1778597805
461,browser,Singapore,2024-08-01,12.0,Wireless Mouse,Logitech,Electronics,view,800,1778597805
85,browser,Malaysia,2025-09-13,11.0,Mechanical Keyboard,Logitech,Electronics,invalid,150,1778597805
319,browser,Malaysia,2025-05-17,26.0,Backpack,Adidas,Fashion,view,100,1778597805
8,browser,Indonesia,2025-07-21,,Yoga Mat,Decathlon,Sports,view,60,1778597805
32,browser,Singapore,2026-03-18,33.0,Vacuum Cleaner,Dyson,Home,view,300,1778597805
214,buyer,Thailand,2025-12-08,63.0,Skipping Rope,Decathlon,Sports,purchase,20,1778597805
195,buyer,Malaysia,2024-11-07,1.0,iPhone 15,Apple,Electronics,invalid,8400,1778597805
13,browser,Thailand,2025-05-04,21.0,Dress,H&M,Fashion,view,-120,1778597805
359,casual,Indonesia,2025-02-01,30.0,Watch,Casio,Fashion,view,250,1778597805
,buyer,Indonesia,2026-05-04,1265.0,Basketball,Nike,Sports,purchase,50,1778597805
361,browser,Indonesia,2025-12-29,57.0,Basketball,Nike,Sports,view,350,1778597805
,browser,Malaysia,2024-06-12,1598.0,Curtains,Ikea,Home,invalid,120,1778597805
9,browser,Singapore,2024-06-23,40.0,Office Chair,Ikea,Home,invalid,200,1778597805
324,browser,Philippines,2025-12-28,19.0,T-Shirt,Uniqlo,Fashion,view,40,1778597805
457,casual,Malaysia,2024-11-23,60.0,Dumbbells,Decathlon,,click,150,1778597805
181,casual,Malaysia,2024-11-12,5.0,iPad Air,Apple,Electronics,view,900,1778597805
306,browser,Indonesia,2026-01-24,5.0,iPad Air,Apple,Electronics,view,900,1778597805
14,buyer,Malaysia,2025-07-24,36.0,Electric Kettle,Tefal,Home,view,300,1778597805
165,buyer,Thailand,2025-08-11,1.0,iPhone 15,Apple,Electronics,purchase,1200,1778597805
418,casual,Malaysia,2025-04-04,53.0,Sunscreen,Nivea,Beauty,view,35,1778597805
unknown_user,browser,Singapore,2024-08-26,41.0,Bed Frame,Ikea,,view,-900,1778597805
478,browser,Singapore,2025-10-16,7.0,Sony Headphones,Sony,Electronics,view,300,1778597805
291,casual,Vietnam,2026-04-30,12.0,Wireless Mouse,Logitech,Electronics,click,800,1778597805
367,casual,Malaysia,2024-05-18,46.0,Face Cleanser,Nivea,Beauty,click,30,1778597805
345,buyer,Malaysia,2025-03-10,1.0,iPhone 15,Apple,Electronics,view,1200,1778597805
,browser,Malaysia,2025-10-28,2.0,Samsung Galaxy S23,Samsung,Electronics,view,1000,1778597805
6,browser,Malaysia,2025-03-07,4140.0,Bluetooth Speaker,JBL,Electronics,view,120,1778597805
436,buyer,Vietnam,2024-07-19,,Wall Clock,Generic,Home,purchase,40,1778597805
110,buyer,Indonesia,2024-05-26,70.0,Self Development Book,Penguin,Books,purchase,-40,1778597805
unknown_user,browser,Malaysia,2024-08-28,48.0,Lipstick,Maybelline,Beauty,click,175,1778597805
44,browser,Singapore,2025-12-27,4666.0,Gym Bag,Nike,Sports,view,90,1778597805
96,buyer,Philippines,2025-06-09,10.0,Gaming Laptop,Asus,Electronics,purchase,13200,1778597805
277,browser,Thailand,2025-07-04,7.0,Sony Headphones,Sony,Electronics,click,-300,1778597805
364,browser,Singapore,2026-03-14,2248.0,Tennis Racket,Wilson,Sports,view,200,1778597805
unknown_user,browser,Philippines,2024-06-01,30.0,Watch,Casio,Fashion,view,250,1778597805
213,buyer,Singapore,2026-01-20,63.0,Skipping Rope,Decathlon,Sports,purchase,140,1778597805
136,buyer,Malaysia,2025-07-26,40.0,Office Chair,Ikea,Home,click,200,1778597805
323,browser,Malaysia,2025-09-11,3355.0,Watch,Casio,,view,250,1778597805
183,browser,Indonesia,2026-03-31,47.0,Moisturizer,Nivea,Beauty,view,40,1778597805
119,casual,Malaysia,2025-09-13,,Samsung Galaxy S23,Samsung,Electronics,view,1000,1778597805
469,casual,Singapore,2026-01-25,44.0,Curtains,Ikea,Home,click,120,1778597805
430,buyer,Malaysia,2025-01-03,1.0,iPhone 15,Apple,Electronics,purchase,1200,1778597805
,buyer,Singapore,2025-02-10,64.0,Gym Bag,Nike,Sports,purchase,90,1778597805
,casual,Singapore,2025-12-25,5.0,iPad Air,Apple,Electronics,click,4500,1778597805
364,browser,Singapore,2024-12-26,28.0,Formal Shirt,Zara,Fashion,invalid,90,1778597805
48,browser,Indonesia,2026-01-05,2.0,Samsung Galaxy S23,Samsung,Electronics,invalid,1000,1778597805
132,casual,Thailand,2024-11-25,15.0,Bluetooth Speaker,JBL,,view,-120,1778597805
352,casual,Malaysia,2026-02-21,3197.0,Jeans,Levi's,Fashion,click,80,1778597805
,browser,Malaysia,2024-07-13,4032.0,Smart Watch,Fitbit,Electronics,view,800,1778597805
309,buyer,Singapore,2025-09-02,34.0,Blender,Philips,Home,view,-100,1778597805
22,browser,Malaysia,2025-07-07,20.0,Jacket,Zara,Fashion,click,200,1778597805
112,browser,Singapore,2024-10-28,66.0,Python Programming Book,O'Reilly,Books,view,50,1778597805
38,buyer,Malaysia,2025-11-03,2.0,Samsung Galaxy S23,Samsung,Electronics,view,1000,1778597805
313,browser,Thailand,2025-08-28,58.0,Tennis Racket,Wilson,Sports,view,200,1778597805
498,browser,Singapore,2025-07-19,27.0,Sports Shorts,Nike,Fashion,view,250,1778597805
175,browser,Malaysia,2025-12-31,59.0,Yoga Mat,Decathlon,Sports,view,-60,1778597805
180,browser,Malaysia,2024-06-30,3380.0,Leather Belt,Levi's,Fashion,view,180,1778597805
222,browser,Thailand,2024-12-15,47.0,Moisturizer,Nivea,Beauty,invalid,40,1778597805
47,browser,Philippines,2026-01-13,35.0,Rice Cooker,Panasonic,Home,view,120,1778597805
286,browser,Malaysia,2025-01-25,,Sunscreen,Nivea,Beauty,view,35,1778597805
410,casual,Malaysia,2025-06-16,63.0,Skipping Rope,Decathlon,Sports,purchase,100,1778597805
,browser,Singapore,2025-05-25,,Water Bottle,Stanley,Sports,view,50,1778597805
162,browser,Malaysia,2024-09-30,12.0,Wireless Mouse,Logitech,Electronics,purchase,-80,1778597805
108,buyer,Malaysia,2026-04-19,63.0,Skipping Rope,Decathlon,Sports,purchase,-20,1778597805
487,buyer,Thailand,2024-06-09,45.0,Wall Clock,Generic,Home,click,40,1778597805
unknown_user,browser,Malaysia,2025-05-25,33.0,Vacuum Cleaner,Dyson,Home,view,300,1778597805
178,buyer,Indonesia,2024-11-18,17.0,Sneakers,Adidas,Fashion,purchase,150,1778597805
350,casual,Thailand,2025-05-06,1845.0,Running Shoes,Nike,Fashion,view,120,1778597805
154,casual,Philippines,2024-11-19,41.0,Bed Frame,Ikea,Home,view,900,1778597805
,browser,Thailand,2025-08-21,21.0,Dress,H&M,Fashion,view,120,1778597805
261,browser,Malaysia,2025-09-24,7.0,Sony Headphones,Sony,Electronics,view,300,1778597805
205,browser,Thailand,2026-02-06,70.0,Self Development Book,Penguin,Books,view,40,1778597805
344,casual,Thailand,2025-06-28,,Vacuum Cleaner,Dyson,Home,invalid,2100,1778597805
unknown_user,browser,Malaysia,2025-12-01,44.0,Curtains,Ikea,Home,view,-120,1778597805
460,browser,Thailand,2025-04-03,4143.0,Electric Kettle,Tefal,Home,view,60,1778597805
,browser,Singapore,2025-04-02,16.0,Running Shoes,Nike,,view,960,1778597805
,browser,Thailand,2025-04-28,44.0,Curtains,Ikea,Home,view,120,1778597805
121,buyer,Malaysia,2025-05-07,52.0,Makeup Kit,Maybelline,Beauty,invalid,120,1778597805
unknown_user,browser,Malaysia,2024-11-10,15.0,Bluetooth Speaker,JBL,Electronics,view,120,1778597805
497,casual,Malaysia,2024-05-29,43.0,Desk Lamp,Philips,Home,invalid,50,1778597805
361,browser,Thailand,2025-04-24,,Watch,Casio,Fashion,view,-1250,1778597805
171,casual,Indonesia,2024-08-15,24.0,Sunglasses,Ray-Ban,Fashion,view,180,1778597805
367,browser,Malaysia,2026-04-18,1.0,iPhone 15,Apple,Electronics,view,1200,1778597805
449,browser,Singapore,2026-02-13,45.0,Wall Clock,Generic,Home,view,280,1778597805
426,browser,Indonesia,2025-05-26,9.0,Smart Watch,Fitbit,Electronics,view,400,1778597805
unknown_user,browser,Singapore,2024-09-04,51.0,Hair Dryer,Philips,Beauty,view,80,1778597805
316,casual,Malaysia,2026-05-04,68.0,Machine Learning Guide,O'Reilly,Books,view,80,1778597805
467,casual,Singapore,2025-07-08,,Makeup Kit,Maybelline,Beauty,invalid,120,1778597805
195,buyer,Thailand,2024-07-27,12.0,Wireless Mouse,Logitech,Electronics,invalid,80,1778597805
363,buyer,Malaysia,2025-06-02,66.0,Python Programming Book,O'Reilly,Books,purchase,50,1778597805
411,browser,Indonesia,2025-11-10,68.0,Machine Learning Guide,O'Reilly,Books,click,80,1778597805
62,casual,Singapore,2025-08-10,26.0,Backpack,Adidas,Fashion,invalid,100,1778597805
unknown_user,casual,Thailand,2026-04-23,,Hair Dryer,Philips,Beauty,view,-80,1778597805
42,casual,Malaysia,2024-12-02,53.0,Sunscreen,Nivea,Beauty,click,35,1778597805
unknown_user,casual,Indonesia,2025-03-01,53.0,Sunscreen,Nivea,Beauty,click,35,1778597805
,browser,Thailand,2024-08-15,13.0,4K Monitor,LG,Electronics,view,600,1778597805
unknown_user,casual,Vietnam,2024-11-20,2823.0,Dell XPS 13,Dell,Electronics,purchase,1800,1778597805
,browser,Singapore,2024-05-23,3192.0,Body Lotion,Dove,Beauty,view,25,1778597805
6,buyer,Thailand,2024-12-30,,Body Lotion,Dove,Beauty,invalid,-25,1778597805
483,browser,Singapore,2024-07-18,5.0,iPad Air,Apple,Electronics,invalid,900,1778597805
150,casual,Singapore,2024-10-26,2715.0,Backpack,Adidas,Fashion,click,100,1778597805
169,buyer,Indonesia,2025-05-09,3.0,MacBook Pro,Apple,Electronics,view,2500,1778597805
,casual,Malaysia,2025-03-25,66.0,Python Programming Book,O'Reilly,Books,view,50,1778597805
unknown_user,casual,Malaysia,2026-03-09,21.0,Dress,H&M,Fashion,view,120,1778597805
12,casual,Malaysia,2026-01-15,61.0,Treadmill,Technogym,Sports,view,1500,1778597805
133,browser,Malaysia,2024-09-12,6.0,Samsung Tablet,Samsung,Electronics,view,700,1778597805
342,browser,Thailand,2024-06-23,26.0,Backpack,Adidas,Fashion,view,100,1778597805
294,buyer,Malaysia,2024-10-26,48.0,Lipstick,Maybelline,Beauty,click,25,1778597805
,browser,Malaysia,2026-05-05,52.0,Makeup Kit,Maybelline,Beauty,view,120,1778597805
250,browser,Singapore,2026-01-18,53.0,Sunscreen,Nivea,Beauty,view,35,1778597805
99,browser,Malaysia,2025-12-15,68.0,Machine Learning Guide,O'Reilly,Books,click,80,1778597805
160,casual,Malaysia,2024-05-15,33.0,Vacuum Cleaner,Dyson,Home,view,900,1778597805
349,buyer,Malaysia,2025-06-28,20.0,Jacket,Zara,Fashion,click,200,1778597805
,casual,Thailand,2025-07-06,39.0,Dining Table,Ikea,Home,click,800,1778597805
30,buyer,Malaysia,2024-08-09,25.0,Leather Belt,Levi's,Fashion,purchase,180,1778597805
73,buyer,Malaysia,2024-10-13,4143.0,Office Chair,Ikea,Home,purchase,200,1778597805
unknown_user,browser,Thailand,2026-01-03,52.0,Makeup Kit,Maybelline,Beauty,click,120,1778597805
8,casual,Malaysia,2025-11-24,26.0,Backpack,Adidas,Fashion,view,-100,1778597805
473,buyer,Thailand,2024-10-18,59.0,Yoga Mat,Decathlon,Sports,view,60,1778597805
362,browser,Malaysia,2025-08-20,58.0,Tennis Racket,Wilson,,view,200,1778597805
unknown_user,casual,Singapore,2024-06-27,,Rice Cooker,Panasonic,Home,view,120,1778597805
202,browser,Malaysia,2025-09-12,46.0,Face Cleanser,Nivea,Beauty,click,30,1778597805
unknown_user,buyer,Malaysia,2024-07-03,12.0,Wireless Mouse,Logitech,,view,80,1778597805
63,browser,Indonesia,2025-07-30,6.0,Samsung Tablet,Samsung,Electronics,purchase,700,1778597805
85,casual,Singapore,2024-08-02,50.0,Shampoo,Dove,Beauty,view,80,1778597805
,buyer,Indonesia,2025-09-15,67.0,Data Science Handbook,Packt,Books,click,70,1778597805
16,browser,Thailand,2024-10-22,9.0,Smart Watch,Fitbit,Electronics,view,1200,1778597805
unknown_user,browser,Indonesia,2025-04-25,,Dress,H&M,,view,360,1778597805
407,browser,Singapore,2025-11-04,24.0,Sunglasses,Ray-Ban,Fashion,view,-180,1778597805
386,buyer,Singapore,2026-02-25,70.0,Self Development Book,Penguin,Books,purchase,40,1778597805
,browser,Thailand,2024-06-17,39.0,Dining Table,Ikea,Home,view,800,1778597805
141,browser,Malaysia,2025-07-28,2227.0,Samsung Galaxy S23,Samsung,Electronics,view,1000,1778597805
217,browser,Singapore,2025-11-09,,Sunglasses,Ray-Ban,Fashion,view,900,1778597805
8,casual,Indonesia,2025-02-05,59.0,Yoga Mat,Decathlon,,view,60,1778597805
314,browser,Malaysia,2024-12-02,37.0,Microwave Oven,Samsung,Home,view,250,1778597805
152,browser,Malaysia,2025-09-25,60.0,Dumbbells,Decathlon,Sports,view,150,1778597805
402,casual,Malaysia,2025-03-12,34.0,Blender,Philips,Home,view,100,1778597805
265,buyer,Thailand,2025-08-07,67.0,Data Science Handbook,Packt,Books,view,70,1778597805
254,casual,Malaysia,2026-04-10,35.0,Rice Cooker,Panasonic,Home,purchase,360,1778597805
263,casual,Indonesia,2025-06-19,67.0,Data Science Handbook,Packt,Books,invalid,210,1778597805
351,browser,Malaysia,2026-02-16,50.0,Shampoo,Dove,Beauty,view,20,1778597805
364,buyer,Malaysia,2024-12-09,35.0,Rice Cooker,Panasonic,Home,purchase,120,1778597805
375,browser,Thailand,2026-03-12,3320.0,Sunglasses,Ray-Ban,Fashion,view,180,1778597805
,buyer,Malaysia,2024-10-31,,Sofa,Ikea,,view,1200,1778597805
260,browser,Malaysia,2024-12-27,2082.0,Blender,Philips,Home,view,100,1778597805
20,casual,Malaysia,2026-03-21,17.0,Sneakers,Adidas,Fashion,view,150,1778597805
295,casual,Malaysia,2025-07-29,,Bed Frame,Ikea,Home,invalid,900,1778597805
unknown_user,buyer,Thailand,2025-03-07,2.0,Samsung Galaxy S23,Samsung,Electronics,purchase,1000,1778597805
183,browser,Malaysia,2024-05-26,4744.0,AirPods Pro,Apple,Electronics,purchase,250,1778597805
5,browser,Malaysia,2024-12-05,23.0,Cap,Nike,Fashion,view,30,1778597805
207,casual,Thailand,2025-10-22,51.0,Hair Dryer,Philips,Beauty,purchase,80,1778597805
59,casual,Malaysia,2026-03-14,,Water Bottle,Stanley,Sports,view,25,1778597805
42,buyer,Thailand,2026-04-01,1217.0,Leather Belt,Levi's,Fashion,view,60,1778597805
215,casual,Malaysia,2026-04-07,63.0,Skipping Rope,Decathlon,Sports,click,20,1778597805
203,browser,Indonesia,2024-11-02,13.0,4K Monitor,LG,Electronics,view,600,1778597805
474,browser,Malaysia,2025-12-11,55.0,Nail Polish,O.P.I,Beauty,view,30,1778597805
70,buyer,Malaysia,2025-03-20,38.0,Toaster,Philips,Home,click,70,1778597805
1,browser,Indonesia,2025-07-02,2040.0,Gaming Laptop,Asus,Electronics,view,2200,1778597805
unknown_user,casual,Indonesia,2024-05-24,51.0,Hair Dryer,Philips,Beauty,click,-640,1778597805
113,buyer,Vietnam,2025-08-01,25.0,Leather Belt,Levi's,Fashion,purchase,60,1778597805
372,casual,Indonesia,2024-11-08,4224.0,Gym Bag,Nike,Sports,purchase,90,1778597805
49,buyer,Singapore,2026-01-16,32.0,Air Fryer,Xiaomi,Home,click,180,1778597805
331,casual,Malaysia,2025-03-18,23.0,Cap,Nike,,view,30,1778597805
382,buyer,Indonesia,2026-04-12,1745.0,T-Shirt,Uniqlo,Fashion,purchase,-40,1778597805
453,casual,Malaysia,2024-09-14,47.0,Moisturizer,Nivea,Beauty,view,40,1778597805
161,browser,Singapore,2026-04-02,16.0,Running Shoes,Nike,Fashion,view,120,1778597805
,casual,Indonesia,2026-05-06,3267.0,Gym Bag,Nike,Sports,purchase,90,1778597805
29,casual,Malaysia,2025-03-17,53.0,Sunscreen,Nivea,,click,35,1778597805
52,browser,Thailand,2025-12-17,2003.0,Bed Frame,Ikea,Home,invalid,4500,1778597805
212,casual,Singapore,2025-10-23,,Self Development Book,Penguin,Books,purchase,280,1778597805
468,browser,Malaysia,2024-05-22,59.0,Yoga Mat,Decathlon,Sports,purchase,-60,1778597805
205,browser,Indonesia,2025-02-18,43.0,Desk Lamp,Philips,Home,invalid,50,1778597805
unknown_user,casual,Indonesia,2024-08-20,36.0,Electric Kettle,Tefal,Home,view,60,1778597805
91,buyer,Thailand,2025-06-18,70.0,Self Development Book,Penguin,Books,purchase,40,1778597805
unknown_user,buyer,Malaysia,2025-06-29,28.0,Formal Shirt,Zara,Fashion,invalid,-90,1778597805
93,browser,Malaysia,2025-08-07,5.0,iPad Air,Apple,,view,900,1778597805
161,browser,Malaysia,2025-05-22,6.0,Samsung Tablet,Samsung,,click,700,1778597805
315,buyer,Philippines,2025-01-01,13.0,4K Monitor,LG,Electronics,purchase,600,1778597805
432,casual,Malaysia,2025-01-04,64.0,Gym Bag,Nike,Sports,view,90,1778597805
113,browser,Malaysia,2025-07-05,15.0,Bluetooth Speaker,JBL,Electronics,invalid,120,1778597805
494,buyer,Singapore,2024-10-04,19.0,T-Shirt,Uniqlo,Fashion,purchase,40,1778597805
108,browser,Malaysia,2024-07-06,17.0,Sneakers,Adidas,Fashion,view,150,1778597805
282,browser,Indonesia,2025-07-02,34.0,Blender,Philips,Home,invalid,100,1778597805
61,browser,Malaysia,2026-01-03,15.0,Bluetooth Speaker,JBL,Electronics,view,120,1778597805
422,buyer,Malaysia,2025-02-12,11.0,Mechanical Keyboard,Logitech,Electronics,purchase,150,1778597805
unknown_user,buyer,Malaysia,2025-04-21,20.0,Jacket,Zara,,purchase,200,1778597805
45,buyer,Singapore,2024-09-25,,External SSD,Samsung,Electronics,view,200,1778597805
325,casual,Philippines,2024-11-22,26.0,Backpack,Adidas,Fashion,click,100,1778597805
168,buyer,Singapore,2026-01-09,64.0,Gym Bag,Nike,Sports,click,450,1778597805
494,browser,Thailand,2025-11-28,8.0,AirPods Pro,Apple,Electronics,view,750,1778597805
283,casual,Malaysia,2026-01-05,52.0,Makeup Kit,Maybelline,Beauty,click,120,1778597805
456,browser,Thailand,2025-01-26,10.0,Gaming Laptop,Asus,,view,-2200,1778597805
209,browser,Singapore,2024-08-19,26.0,Backpack,Adidas,Fashion,view,-800,1778597805
395,browser,Singapore,2025-05-09,8.0,AirPods Pro,Apple,Electronics,view,250,1778597805
465,casual,Singapore,2025-03-29,44.0,Curtains,Ikea,Home,invalid,1080,1778597805
267,casual,Indonesia,2025-02-20,41.0,Bed Frame,Ikea,Home,click,900,1778597805
unknown_user,browser,Thailand,2025-10-03,3.0,MacBook Pro,Apple,Electronics,view,22500,1778597805
282,browser,Singapore,2025-10-23,29.0,Sandals,Havaianas,,invalid,70,1778597805
375,browser,Malaysia,2024-05-13,2.0,Samsung Galaxy S23,Samsung,Electronics,view,1000,1778597805
203,buyer,Singapore,2024-12-15,2175.0,Sunscreen,Nivea,Beauty,purchase,35,1778597805
,browser,Philippines,2025-04-24,44.0,Curtains,Ikea,Home,view,120,1778597805
,casual,Singapore,2024-10-04,62.0,Cycling Helmet,Giro,Sports,view,80,1778597805
415,browser,Singapore,2025-11-01,30.0,Watch,Casio,Fashion,view,250,1778597805
439,casual,Malaysia,2025-11-26,20.0,Jacket,Zara,Fashion,view,200,1778597805
294,casual,Malaysia,2024-08-22,28.0,Formal Shirt,Zara,Fashion,purchase,90,1778597805
284,casual,Malaysia,2025-07-03,56.0,Football,Adidas,,invalid,-40,1778597805
209,browser,Malaysia,2025-12-30,15.0,Bluetooth Speaker,JBL,Electronics,invalid,120,1778597805
455,browser,Malaysia,2025-12-03,68.0,Machine Learning Guide,O'Reilly,Books,view,80,1778597805
,browser,Malaysia,2024-06-19,59.0,Yoga Mat,Decathlon,Sports,view,60,1778597805
492,casual,Singapore,2025-12-19,27.0,Sports Shorts,Nike,Fashion,view,50,1778597805
,browser,Malaysia,2025-09-28,55.0,Nail Polish,O.P.I,Beauty,view,15,1778597805
360,casual,Singapore,2025-01-30,24.0,Sunglasses,Ray-Ban,Fashion,purchase,180,1778597805
248,buyer,Indonesia,2024-06-29,27.0,Sports Shorts,Nike,Fashion,click,50,1778597805
82,buyer,Philippines,2026-02-28,54.0,Body Lotion,Dove,Beauty,view,25,1778597805
21,browser,Malaysia,2026-01-12,25.0,Leather Belt,Levi's,,invalid,60,1778597805
290,buyer,Singapore,2024-11-07,,Samsung Tablet,Samsung,Electronics,purchase,700,1778597805
48,browser,Indonesia,2024-05-13,33.0,Vacuum Cleaner,Dyson,,view,300,1778597805
280,browser,Malaysia,2026-01-23,33.0,Vacuum Cleaner,Dyson,,view,300,1778597805
149,browser,Malaysia,2026-02-01,66.0,Python Programming Book,O'Reilly,Books,view,350,1778597805
,browser,Singapore,2026-03-28,2162.0,Water Bottle,Stanley,Sports,view,-25,1778597805
19,browser,Philippines,2026-05-08,2508.0,Machine Learning Guide,O'Reilly,Books,view,80,1778597805
127,browser,Philippines,2024-12-21,,Hair Dryer,Philips,Beauty,view,80,1778597805
406,browser,Vietnam,2026-01-26,61.0,Treadmill,Technogym,Sports,view,1500,1778597805
324,casual,Singapore,2025-07-12,42.0,Sofa,Ikea,Home,view,1200,1778597805
172,browser,Malaysia,2024-07-05,,Coffee Maker,Philips,Home,view,-150,1778597805
180,browser,Malaysia,2025-06-23,33.0,Vacuum Cleaner,Dyson,Home,click,300,1778597805
454,casual,Malaysia,2024-07-23,3.0,MacBook Pro,Apple,Electronics,purchase,2500,1778597805
17,browser,Vietnam,2024-11-04,51.0,Hair Dryer,Philips,Beauty,view,80,1778597805
143,browser,Singapore,2026-02-02,70.0,Self Development Book,Penguin,Books,view,40,1778597805
467,casual,Philippines,2025-05-29,19.0,T-Shirt,Uniqlo,Fashion,click,280,1778597805
268,browser,Indonesia,2025-03-06,7.0,Sony Headphones,Sony,Electronics,click,300,1778597805
313,casual,Malaysia,2026-02-16,26.0,Backpack,Adidas,Fashion,view,100,1778597805
390,browser,Malaysia,2024-05-31,57.0,Basketball,Nike,Sports,view,50,1778597805
236,casual,Malaysia,2025-01-17,12.0,Wireless Mouse,Logitech,Electronics,view,80,1778597805
291,casual,Thailand,2026-04-17,13.0,4K Monitor,LG,Electronics,view,600,1778597805
149,casual,Indonesia,2024-07-28,31.0,Coffee Maker,Philips,Home,view,1500,1778597805
198,browser,Malaysia,2025-08-10,2.0,Samsung Galaxy S23,Samsung,Electronics,view,1000,1778597805
339,buyer,Malaysia,2026-01-05,1369.0,Sports Shorts,Nike,Fashion,view,50,1778597805
464,casual,Indonesia,2024-10-09,,Cycling Helmet,Giro,Sports,view,80,1778597805
83,browser,Malaysia,2025-07-26,64.0,Gym Bag,Nike,Sports,purchase,90,1778597805
114,casual,Indonesia,2026-01-02,34.0,Blender,Philips,Home,view,100,1778597805
345,casual,Malaysia,2025-06-08,39.0,Dining Table,Ikea,Home,purchase,1600,1778597805
244,buyer,Indonesia,2025-07-31,23.0,Cap,Nike,Fashion,click,270,1778597805
24,browser,Malaysia,2024-07-01,14.0,External SSD,Samsung,,purchase,-1600,1778597805
171,browser,Vietnam,2025-05-24,57.0,Basketball,Nike,,purchase,50,1778597805
268,buyer,Malaysia,2026-01-22,68.0,Machine Learning Guide,O'Reilly,Books,purchase,-80,1778597805
unknown_user,casual,Thailand,2024-08-15,17.0,Sneakers,Adidas,Fashion,click,150,1778597805
97,browser,Malaysia,2024-08-03,53.0,Sunscreen,Nivea,Beauty,view,35,1778597805
491,buyer,Philippines,2024-05-30,,Sunscreen,Nivea,Beauty,purchase,35,1778597805
70,browser,Philippines,2024-06-20,13.0,4K Monitor,LG,Electronics,click,600,1778597805
,browser,Malaysia,2024-10-13,44.0,Curtains,Ikea,Home,click,120,1778597805
325,casual,Malaysia,2024-12-23,20.0,Jacket,Zara,Fashion,purchase,200,1778597805
,casual,Indonesia,2024-11-23,23.0,Cap,Nike,Fashion,invalid,30,1778597805
428,browser,Thailand,2026-01-26,13.0,4K Monitor,LG,Electronics,view,3000,1778597805
192,buyer,Malaysia,2024-09-22,16.0,Running Shoes,Nike,,purchase,120,1778597805
288,browser,Malaysia,2024-06-11,3490.0,Perfume,Dior,Beauty,view,-150,1778597805
45,browser,Indonesia,2025-01-12,32.0,Air Fryer,Xiaomi,Home,view,-180,1778597805
409,buyer,Malaysia,2025-04-22,52.0,Makeup Kit,Maybelline,Beauty,view,120,1778597805
166,casual,Malaysia,2024-05-24,,Coffee Maker,Philips,Home,invalid,1500,1778597805
69,browser,Malaysia,2026-02-06,70.0,Self Development Book,Penguin,Books,view,160,1778597805
213,browser,Vietnam,2025-12-07,,Dumbbells,Decathlon,Sports,click,150,1778597805
284,casual,Thailand,2025-04-16,21.0,Dress,H&M,Fashion,view,120,1778597805
318,browser,Malaysia,2025-03-27,29.0,Sandals,Havaianas,Fashion,view,70,1778597805
66,browser,Indonesia,2024-09-12,,Moisturizer,Nivea,Beauty,invalid,40,1778597805
196,browser,Malaysia,2026-01-12,60.0,Dumbbells,Decathlon,Sports,view,150,1778597805
137,browser,Malaysia,2025-08-30,68.0,Machine Learning Guide,O'Reilly,,view,80,1778597805
172,browser,Singapore,2025-07-04,42.0,Sofa,Ikea,Home,view,1200,1778597805
420,casual,Vietnam,2025-05-31,16.0,Running Shoes,Nike,Fashion,view,120,1778597805
,browser,Singapore,2024-12-04,55.0,Nail Polish,O.P.I,Beauty,purchase,15,1778597805
402,buyer,Malaysia,2025-06-16,,Business Strategy Book,Harvard Press,Books,view,60,1778597805
110,browser,Malaysia,2024-10-23,33.0,Vacuum Cleaner,Dyson,Home,view,300,1778597805
,browser,Thailand,2025-07-18,10.0,Gaming Laptop,Asus,Electronics,click,2200,1778597805
unknown_user,browser,Thailand,2025-03-07,64.0,Gym Bag,Nike,Sports,invalid,90,1778597805
unknown_user,casual,Singapore,2026-01-28,,iPad Air,Apple,Electronics,view,900,1778597805
410,browser,Thailand,2026-03-26,59.0,Yoga Mat,Decathlon,Sports,purchase,60,1778597805
355,browser,Malaysia,2025-10-21,52.0,Makeup Kit,Maybelline,Beauty,view,120,1778597805
,casual,Malaysia,2026-03-12,32.0,Air Fryer,Xiaomi,Home,view,180,1778597805
374,casual,Thailand,2025-11-03,50.0,Shampoo,Dove,Beauty,purchase,60,1778597805
,buyer,Malaysia,2024-08-29,,Cycling Helmet,Giro,Sports,click,80,1778597805
322,browser,Thailand,2024-09-08,23.0,Cap,Nike,Fashion,view,120,1778597805
388,casual,Vietnam,2026-04-05,13.0,4K Monitor,LG,Electronics,click,600,1778597805
,buyer,Malaysia,2024-12-11,3.0,MacBook Pro,Apple,Electronics,click,2500,1778597805
230,buyer,Malaysia,2025-05-29,41.0,Bed Frame,Ikea,,purchase,900,1778597805
446,browser,Malaysia,2025-07-13,,Machine Learning Guide,O'Reilly,Books,click,-320,1778597805
443,casual,Singapore,2024-11-24,,Face Cleanser,Nivea,Beauty,invalid,30,1778597805
499,casual,Malaysia,2025-11-27,59.0,Yoga Mat,Decathlon,Sports,view,60,1778597805
8,buyer,Malaysia,2025-02-18,9.0,Smart Watch,Fitbit,Electronics,click,400,1778597805
472,casual,Malaysia,2024-08-10,41.0,Bed Frame,Ikea,Home,view,900,1778597805
86,casual,Philippines,2024-11-24,41.0,Bed Frame,Ikea,Home,click,900,1778597805
346,browser,Indonesia,2024-10-22,3845.0,Hair Dryer,Philips,Beauty,view,160,1778597805
202,casual,Malaysia,2024-06-29,70.0,Self Development Book,Penguin,Books,invalid,40,1778597805
220,buyer,Malaysia,2025-08-10,17.0,Sneakers,Adidas,Fashion,click,-150,1778597805
45,casual,Malaysia,2024-08-11,38.0,Toaster,Philips,,purchase,70,1778597805
307,buyer,Singapore,2025-11-12,25.0,Leather Belt,Levi's,,view,60,1778597805
201,casual,Vietnam,2025-02-16,43.0,Desk Lamp,Philips,Home,click,50,1778597805
16,buyer,Indonesia,2024-08-14,43.0,Desk Lamp,Philips,Home,click,150,1778597805
228,casual,Vietnam,2025-01-02,45.0,Wall Clock,Generic,Home,view,40,1778597805
186,casual,Singapore,2025-02-06,8.0,AirPods Pro,Apple,Electronics,click,250,1778597805
484,browser,Thailand,2026-02-09,49.0,Perfume,Dior,Beauty,view,150,1778597805
98,casual,Malaysia,2024-11-12,6.0,Samsung Tablet,Samsung,Electronics,view,1400,1778597805
278,browser,Malaysia,2024-07-15,,AirPods Pro,Apple,Electronics,click,250,1778597805
unknown_user,browser,Singapore,2025-01-05,1.0,iPhone 15,Apple,,invalid,1200,1778597805
52,casual,Thailand,2025-03-05,40.0,Office Chair,Ikea,Home,click,200,1778597805
253,casual,Vietnam,2025-12-26,41.0,Bed Frame,Ikea,Home,click,900,1778597805
428,browser,Singapore,2025-08-23,61.0,Treadmill,Technogym,Sports,click,1500,1778597805
227,casual,Malaysia,2025-05-21,1307.0,Coffee Maker,Philips,Home,click,150,1778597805
88,casual,Thailand,2024-06-07,47.0,Moisturizer,Nivea,Beauty,click,40,1778597805
496,buyer,Malaysia,2026-03-08,11.0,Mechanical Keyboard,Logitech,Electronics,click,150,1778597805
204,browser,Indonesia,2025-05-24,35.0,Rice Cooker,Panasonic,Home,click,120,1778597805
412,buyer,Thailand,2024-05-30,,Cap,Nike,Fashion,invalid,30,1778597805
154,casual,Malaysia,2024-12-12,37.0,Microwave Oven,Samsung,Home,click,2000,1778597805
unknown_user,browser,Malaysia,2024-08-24,57.0,Basketball,Nike,Sports,view,-50,1778597805
248,casual,Malaysia,2025-11-17,,Business Strategy Book,Harvard Press,,view,60,1778597805
unknown_user,casual,Malaysia,2025-04-29,15.0,Bluetooth Speaker,JBL,Electronics,view,120,1778597805
453,browser,Indonesia,2025-03-03,1676.0,Shampoo,Dove,,view,100,1778597805
448,casual,Singapore,2026-01-02,57.0,Basketball,Nike,Sports,view,50,1778597805
,casual,Vietnam,2025-02-20,2136.0,Blender,Philips,Home,view,900,1778597805
273,browser,Malaysia,2025-06-10,11.0,Mechanical Keyboard,Logitech,,view,150,1778597805
233,browser,Philippines,2026-02-27,,Sunscreen,Nivea,Beauty,click,35,1778597805
393,browser,Malaysia,2025-01-14,47.0,Moisturizer,Nivea,Beauty,view,-40,1778597805
unknown_user,casual,Malaysia,2024-08-17,7.0,Sony Headphones,Sony,Electronics,click,3000,1778597805
212,buyer,Malaysia,2025-09-07,26.0,Backpack,Adidas,Fashion,invalid,100,1778597805
unknown_user,buyer,Malaysia,2025-02-11,65.0,Water Bottle,Stanley,Sports,click,25,1778597805
unknown_user,buyer,Thailand,2025-09-01,68.0,Machine Learning Guide,O'Reilly,Books,click,80,1778597805
259,casual,Philippines,2025-11-04,54.0,Body Lotion,Dove,Beauty,view,25,1778597805
unknown_user,casual,Singapore,2026-03-21,,Machine Learning Guide,O'Reilly,Books,purchase,160,1778597805
unknown_user,casual,Malaysia,2024-09-08,,Nail Polish,O.P.I,Beauty,view,-15,1778597805
377,browser,Malaysia,2024-05-16,63.0,Skipping Rope,Decathlon,Sports,click,20,1778597805
unknown_user,buyer,Malaysia,2026-03-18,2.0,Samsung Galaxy S23,Samsung,Electronics,click,1000,1778597805
87,browser,Malaysia,2024-05-16,15.0,Bluetooth Speaker,JBL,Electronics,view,120,1778597805
372,buyer,Indonesia,2026-03-24,6.0,Samsung Tablet,Samsung,Electronics,purchase,700,1778597805
482,browser,Philippines,2025-11-07,37.0,Microwave Oven,Samsung,Home,invalid,250,1778597805
411,browser,Malaysia,2025-08-23,2732.0,Dumbbells,Decathlon,,view,150,1778597805
154,browser,Malaysia,2025-03-31,53.0,Sunscreen,Nivea,Beauty,view,315,1778597805
153,casual,Singapore,2025-11-16,25.0,Leather Belt,Levi's,Fashion,view,360,1778597805
429,casual,Indonesia,2026-05-07,45.0,Wall Clock,Generic,Home,click,40,1778597805
269,casual,Malaysia,2026-02-26,50.0,Shampoo,Dove,Beauty,purchase,20,1778597805
,casual,Malaysia,2025-01-02,12.0,Wireless Mouse,Logitech,Electronics,view,-80,1778597805
195,buyer,Thailand,2025-04-24,70.0,Self Development Book,Penguin,Books,invalid,160,1778597805
70,buyer,Singapore,2026-04-03,22.0,Hoodie,Puma,Fashion,purchase,90,1778597805
27,browser,Singapore,2025-07-26,32.0,Air Fryer,Xiaomi,Home,view,180,1778597805
120,browser,Malaysia,2024-06-29,15.0,Bluetooth Speaker,JBL,Electronics,purchase,120,1778597805
,browser,Singapore,2024-06-03,4922.0,Sports Shorts,Nike,Fashion,purchase,350,1778597805
265,casual,Malaysia,2025-09-07,10.0,Gaming Laptop,Asus,Electronics,click,17600,1778597805
73,casual,Malaysia,2026-02-27,62.0,Cycling Helmet,Giro,Sports,view,640,1778597805
,browser,Indonesia,2025-05-08,18.0,Jeans,Levi's,Fashion,view,80,1778597805
unknown_user,casual,Thailand,2024-07-16,27.0,Sports Shorts,Nike,Fashion,view,50,1778597805
115,browser,Indonesia,2025-10-05,18.0,Jeans,Levi's,,view,80,1778597805
unknown_user,casual,Singapore,2024-07-31,2.0,Samsung Galaxy S23,Samsung,Electronics,view,1000,1778597805
304,casual,Vietnam,2025-11-10,3474.0,Mechanical Keyboard,Logitech,,purchase,150,1778597805
,casual,Thailand,2025-09-28,,Wall Clock,Generic,Home,invalid,40,1778597805
457,browser,Philippines,2026-04-05,61.0,Treadmill,Technogym,Sports,view,1500,1778597805
228,browser,Malaysia,2024-09-10,9.0,Smart Watch,Fitbit,Electronics,view,400,1778597805
17,browser,Malaysia,2026-04-10,2.0,Samsung Galaxy S23,Samsung,Electronics,invalid,1000,1778597805
495,casual,Malaysia,2025-10-16,35.0,Rice Cooker,Panasonic,Home,click,120,1778597805
unknown_user,buyer,Vietnam,2025-06-16,28.0,Formal Shirt,Zara,Fashion,click,90,1778597805
,casual,Singapore,2026-02-12,14.0,External SSD,Samsung,Electronics,click,400,1778597805
427,buyer,Indonesia,2026-05-02,,Backpack,Adidas,Fashion,view,100,1778597805
324,browser,Singapore,2025-01-14,42.0,Sofa,Ikea,Home,invalid,1200,1778597805
unknown_user,buyer,Malaysia,2024-10-29,22.0,Hoodie,Puma,Fashion,view,90,1778597805
206,browser,Malaysia,2025-01-19,38.0,Toaster,Philips,,view,70,1778597805
112,browser,Malaysia,2024-11-28,55.0,Nail Polish,O.P.I,Beauty,invalid,15,1778597805
307,casual,Vietnam,2025-04-16,,Football,Adidas,Sports,purchase,40,1778597805
397,browser,Thailand,2024-12-14,36.0,Electric Kettle,Tefal,Home,invalid,60,1778597805
192,buyer,Malaysia,2024-07-11,69.0,Business Strategy Book,Harvard Press,Books,purchase,60,1778597805
324,browser,Malaysia,2025-08-18,19.0,T-Shirt,Uniqlo,Fashion,invalid,40,1778597805
unknown_user,browser,Singapore,2025-04-03,67.0,Data Science Handbook,Packt,Books,purchase,350,1778597805
unknown_user,casual,Singapore,2025-05-04,,Self Development Book,Penguin,Books,purchase,40,1778597805
131,casual,Indonesia,2026-03-15,16.0,Running Shoes,Nike,,view,120,1778597805
127,browser,Malaysia,2024-11-14,41.0,Bed Frame,Ikea,Home,view,900,1778597805
404,browser,Malaysia,2026-01-27,28.0,Formal Shirt,Zara,Fashion,view,90,1778597805
193,browser,Indonesia,2025-10-08,33.0,Vacuum Cleaner,Dyson,Home,view,300,1778597805
278,casual,Thailand,2024-09-09,33.0,Vacuum Cleaner,Dyson,Home,purchase,300,1778597805
159,browser,Singapore,2025-07-31,39.0,Dining Table,Ikea,Home,view,800,1778597805
362,buyer,Indonesia,2025-01-20,31.0,Coffee Maker,Philips,,click,150,1778597805
284,casual,Malaysia,2024-05-28,,Toaster,Philips,,click,70,1778597805
,browser,Thailand,2024-11-29,2223.0,Mechanical Keyboard,Logitech,Electronics,click,150,1778597805
40,casual,Thailand,2025-02-12,2.0,Samsung Galaxy S23,Samsung,Electronics,view,1000,1778597805
217,buyer,Philippines,2025-07-13,13.0,4K Monitor,LG,Electronics,click,600,1778597805
409,casual,Singapore,2026-03-03,1790.0,Lipstick,Maybelline,Beauty,view,25,1778597805
59,casual,Philippines,2025-12-31,44.0,Curtains,Ikea,Home,click,120,1778597805
unknown_user,browser,Malaysia,2024-11-24,4739.0,Samsung Galaxy S23,Samsung,Electronics,invalid,1000,1778597805
,buyer,Thailand,2026-04-13,,Sunglasses,Ray-Ban,Fashion,purchase,180,1778597805
268,browser,Singapore,2025-03-17,57.0,Basketball,Nike,Sports,view,50,1778597805
unknown_user,buyer,Malaysia,2024-08-31,,Dining Table,Ikea,Home,click,800,1778597805
473,casual,Malaysia,2026-02-27,63.0,Skipping Rope,Decathlon,Sports,view,20,1778597805
18,browser,Malaysia,2025-12-22,21.0,Dress,H&M,Fashion,view,960,1778597805
,casual,Malaysia,2025-06-24,46.0,Face Cleanser,Nivea,Beauty,click,-30,1778597805
unknown_user,browser,Malaysia,2025-01-31,29.0,Sandals,Havaianas,Fashion,view,420,1778597805
54,casual,Malaysia,2024-07-08,68.0,Machine Learning Guide,O'Reilly,Books,view,80,1778597805
274,casual,Philippines,2024-10-02,41.0,Bed Frame,Ikea,Home,purchase,4500,1778597805
,browser,Malaysia,2026-04-08,42.0,Sofa,Ikea,Home,view,9600,1778597805
17,browser,Singapore,2025-12-14,66.0,Python Programming Book,O'Reilly,Books,view,350,1778597805
,casual,Thailand,2024-06-10,11.0,Mechanical Keyboard,Logitech,Electronics,view,150,1778597805
143,casual,Indonesia,2024-09-12,52.0,Makeup Kit,Maybelline,Beauty,view,120,1778597805
345,casual,Malaysia,2024-09-03,4521.0,Sofa,Ikea,Home,view,1200,1778597805
,casual,Thailand,2025-11-21,26.0,Backpack,Adidas,Fashion,view,100,1778597805
363,browser,Thailand,2024-07-05,3.0,MacBook Pro,Apple,Electronics,invalid,22500,1778597805
15,browser,Philippines,2025-04-01,49.0,Perfume,Dior,Beauty,view,150,1778597805
148,casual,Indonesia,2024-10-04,24.0,Sunglasses,Ray-Ban,Fashion,click,180,1778597805
33,casual,Singapore,2025-02-12,7.0,Sony Headphones,Sony,Electronics,view,-300,1778597805
279,browser,Indonesia,2024-12-26,62.0,Cycling Helmet,Giro,,click,80,1778597805
302,buyer,Singapore,2025-09-21,18.0,Jeans,Levi's,Fashion,view,80,1778597805
22,casual,Malaysia,2026-04-19,2681.0,Electric Kettle,Tefal,,view,60,1778597805
unknown_user,browser,Singapore,2024-10-18,4047.0,Microwave Oven,Samsung,Home,view,250,1778597805
109,buyer,Singapore,2025-11-18,3.0,MacBook Pro,Apple,Electronics,view,2500,1778597805
135,browser,Malaysia,2026-04-07,28.0,Formal Shirt,Zara,Fashion,view,450,1778597805
442,browser,Malaysia,2025-09-20,23.0,Cap,Nike,Fashion,view,-30,1778597805
273,browser,Malaysia,2024-07-12,67.0,Data Science Handbook,Packt,Books,view,70,1778597805
474,buyer,Singapore,2025-12-25,25.0,Leather Belt,Levi's,Fashion,view,60,1778597805
160,browser,Indonesia,2025-02-26,37.0,Microwave Oven,Samsung,,view,250,1778597805
,casual,Singapore,2025-08-27,4.0,Dell XPS 13,Dell,Electronics,purchase,1800,1778597805
286,browser,Thailand,2026-03-27,,Face Cleanser,Nivea,Beauty,view,30,1778597805
267,browser,Singapore,2025-12-15,42.0,Sofa,Ikea,Home,view,1200,1778597805
103,casual,Thailand,2024-07-03,45.0,Wall Clock,Generic,Home,view,40,1778597805
493,browser,Singapore,2024-08-30,61.0,Treadmill,Technogym,,invalid,13500,1778597805
152,browser,Thailand,2025-06-23,4820.0,Python Programming Book,O'Reilly,Books,view,50,1778597805
286,browser,Malaysia,2025-11-23,31.0,Coffee Maker,Philips,Home,click,150,1778597805
14,browser,Indonesia,2025-12-16,,Business Strategy Book,Harvard Press,Books,click,600,1778597805
14,casual,Malaysia,2024-09-27,56.0,Football,Adidas,Sports,view,40,1778597805
193,browser,Singapore,2024-10-07,3620.0,Bed Frame,Ikea,Home,view,2700,1778597805
unknown_user,casual,Singapore,2024-05-21,2828.0,Gym Bag,Nike,,click,90,1778597805
52,browser,Indonesia,2024-10-27,54.0,Body Lotion,Dove,,view,25,1778597805
unknown_user,browser,Vietnam,2024-10-07,39.0,Dining Table,Ikea,Home,view,6400,1778597805
339,buyer,Singapore,2026-04-17,8.0,AirPods Pro,Apple,Electronics,purchase,250,1778597805
362,browser,Malaysia,2025-03-17,2220.0,Cap,Nike,Fashion,invalid,30,1778597805
329,browser,Indonesia,2024-05-21,55.0,Nail Polish,O.P.I,Beauty,view,15,1778597805
195,casual,Thailand,2024-06-04,67.0,Data Science Handbook,Packt,Books,view,70,1778597805
312,casual,Singapore,2024-08-02,2230.0,Bluetooth Speaker,JBL,Electronics,view,480,1778597805
307,browser,Thailand,2024-07-26,1.0,iPhone 15,Apple,Electronics,view,-1200,1778597805
97,casual,Philippines,2025-05-05,38.0,Toaster,Philips,Home,purchase,70,1778597805
290,casual,Singapore,2025-07-14,7.0,Sony Headphones,Sony,Electronics,click,1200,1778597805
unknown_user,buyer,Indonesia,2026-04-12,35.0,Rice Cooker,Panasonic,Home,purchase,120,1778597805
445,browser,Thailand,2024-07-15,55.0,Nail Polish,O.P.I,Beauty,view,15,1778597805
unknown_user,casual,Indonesia,2025-11-20,51.0,Hair Dryer,Philips,Beauty,click,80,1778597805
unknown_user,browser,Thailand,2024-12-07,4437.0,Football,Adidas,Sports,view,40,1778597805
1,browser,Singapore,2025-09-06,61.0,Treadmill,Technogym,Sports,view,1500,1778597805
,browser,Singapore,2024-12-05,10.0,Gaming Laptop,Asus,Electronics,view,2200,1778597805
,browser,Singapore,2025-08-14,46.0,Face Cleanser,Nivea,Beauty,view,-30,1778597805
47,casual,Singapore,2026-03-03,29.0,Sandals,Havaianas,Fashion,view,70,1778597805
266,browser,Malaysia,2025-06-02,1.0,iPhone 15,Apple,Electronics,view,1200,1778597805
469,browser,Thailand,2026-02-07,36.0,Electric Kettle,Tefal,Home,view,60,1778597805
440,browser,Singapore,2025-07-29,12.0,Wireless Mouse,Logitech,Electronics,view,80,1778597805
453,buyer,Malaysia,2025-07-29,4151.0,Blender,Philips,,view,100,1778597805
293,browser,Malaysia,2024-09-15,66.0,Python Programming Book,O'Reilly,Books,view,100,1778597805
,buyer,Malaysia,2026-02-17,36.0,Electric Kettle,Tefal,Home,purchase,480,1778597805
unknown_user,browser,Malaysia,2024-06-09,7.0,Sony Headphones,Sony,Electronics,view,300,1778597805
,browser,Indonesia,2026-03-21,10.0,Gaming Laptop,Asus,Electronics,view,2200,1778597805
452,browser,Singapore,2026-02-08,37.0,Microwave Oven,Samsung,Home,click,-1750,1778597805
384,browser,Singapore,2024-10-18,42.0,Sofa,Ikea,Home,view,1200,1778597805
377,browser,Indonesia,2025-05-08,69.0,Business Strategy Book,Harvard Press,,purchase,60,1778597805
222,casual,Thailand,2025-07-21,70.0,Self Development Book,Penguin,Books,invalid,-200,1778597805
240,browser,Singapore,2025-05-30,9.0,Smart Watch,Fitbit,,view,-400,1778597805
46,browser,Thailand,2025-05-07,54.0,Body Lotion,Dove,Beauty,view,25,1778597805
49,buyer,Malaysia,2024-07-10,10.0,Gaming Laptop,Asus,Electronics,purchase,2200,1778597805
273,browser,Malaysia,2025-03-22,1007.0,Business Strategy Book,Harvard Press,Books,view,60,1778597805
185,buyer,Indonesia,2026-05-04,50.0,Shampoo,Dove,,click,40,1778597805
unknown_user,browser,Singapore,2024-05-16,22.0,Hoodie,Puma,Fashion,click,90,1778597805
176,browser,Malaysia,2025-05-21,,Perfume,Dior,Beauty,click,150,1778597805
243,browser,Thailand,2025-03-04,49.0,Perfume,Dior,Beauty,view,150,1778597805
unknown_user,browser,Thailand,2024-07-24,6.0,Samsung Tablet,Samsung,Electronics,click,700,1778597805
433,buyer,Malaysia,2026-01-12,25.0,Leather Belt,Levi's,Fashion,click,60,1778597805
217,casual,Malaysia,2024-06-25,51.0,Hair Dryer,Philips,Beauty,purchase,80,1778597805
45,browser,Malaysia,2025-07-14,49.0,Perfume,Dior,,view,150,1778597805
267,browser,Malaysia,2025-04-28,51.0,Hair Dryer,Philips,Beauty,purchase,80,1778597805
130,browser,Malaysia,2025-08-23,43.0,Desk Lamp,Philips,Home,view,50,1778597805
497,casual,Malaysia,2025-11-20,3.0,MacBook Pro,Apple,Electronics,view,2500,1778597805
306,browser,Philippines,2024-08-04,12.0,Wireless Mouse,Logitech,Electronics,view,80,1778597805
152,casual,Vietnam,2024-11-10,61.0,Treadmill,Technogym,Sports,click,1500,1778597805
162,browser,Singapore,2026-03-14,51.0,Hair Dryer,Philips,Beauty,view,80,1778597805
,casual,Malaysia,2024-08-07,,Dining Table,Ikea,,click,2400,1778597805
,buyer,Indonesia,2025-02-04,58.0,Tennis Racket,Wilson,,click,200,1778597805
,browser,Malaysia,2024-12-27,33.0,Vacuum Cleaner,Dyson,Home,view,300,1778597805
30,casual,Malaysia,2026-01-09,18.0,Jeans,Levi's,,view,80,1778597805
483,browser,Malaysia,2025-05-28,47.0,Moisturizer,Nivea,Beauty,view,40,1778597805
364,buyer,Indonesia,2024-12-29,26.0,Backpack,Adidas,,click,100,1778597805
,browser,Malaysia,2025-09-24,52.0,Makeup Kit,Maybelline,Beauty,view,120,1778597805
319,browser,Malaysia,2025-11-30,9.0,Smart Watch,Fitbit,Electronics,view,400,1778597805
314,buyer,Singapore,2025-04-24,40.0,Office Chair,Ikea,Home,purchase,200,1778597805
458,casual,Indonesia,2025-08-08,61.0,Treadmill,Technogym,Sports,purchase,1500,1778597805
285,browser,Malaysia,2025-03-18,4.0,Dell XPS 13,Dell,Electronics,view,3600,1778597805
410,buyer,Malaysia,2025-09-17,41.0,Bed Frame,Ikea,Home,click,900,1778597805
114,browser,Singapore,2025-05-29,11.0,Mechanical Keyboard,Logitech,Electronics,view,-150,1778597805
410,browser,Singapore,2025-11-09,29.0,Sandals,Havaianas,Fashion,view,70,1778597805
330,casual,Indonesia,2024-07-08,5.0,iPad Air,Apple,Electronics,purchase,900,1778597805
437,casual,Thailand,2024-06-25,24.0,Sunglasses,Ray-Ban,Fashion,view,180,1778597805
329,browser,Thailand,2026-03-24,67.0,Data Science Handbook,Packt,Books,view,560,1778597805
,casual,Thailand,2026-01-18,53.0,Sunscreen,Nivea,Beauty,click,35,1778597805
129,browser,Singapore,2024-09-15,19.0,T-Shirt,Uniqlo,Fashion,invalid,40,1778597805
204,browser,Singapore,2024-09-11,66.0,Python Programming Book,O'Reilly,Books,view,50,1778597805
200,buyer,Malaysia,2024-06-16,34.0,Blender,Philips,Home,purchase,100,1778597805
unknown_user,browser,Malaysia,2025-05-05,,Dining Table,Ikea,,view,800,1778597805
unknown_user,casual,Malaysia,2025-08-22,18.0,Jeans,Levi's,Fashion,view,80,1778597805
243,casual,Singapore,2025-08-19,21.0,Dress,H&M,Fashion,view,120,1778597805
,casual,Malaysia,2024-08-02,13.0,4K Monitor,LG,Electronics,invalid,600,1778597805
353,browser,Malaysia,2025-11-29,1.0,iPhone 15,Apple,Electronics,view,1200,1778597805
404,buyer,Singapore,2025-02-09,41.0,Bed Frame,Ikea,Home,purchase,900,1778597805
183,browser,Thailand,2025-08-04,1719.0,Samsung Tablet,Samsung,Electronics,view,700,1778597805
117,browser,Indonesia,2025-01-12,1.0,iPhone 15,Apple,,view,1200,1778597805
129,browser,Vietnam,2024-09-05,,Formal Shirt,Zara,Fashion,view,-360,1778597805
472,browser,Malaysia,2025-06-14,12.0,Wireless Mouse,Logitech,Electronics,view,80,1778597805
,casual,Malaysia,2026-04-19,32.0,Air Fryer,Xiaomi,Home,view,180,1778597805
376,browser,Malaysia,2025-01-13,11.0,Mechanical Keyboard,Logitech,Electronics,view,150,1778597805
268,browser,Indonesia,2025-06-14,,Running Shoes,Nike,Fashion,view,-480,1778597805
302,browser,Singapore,2024-08-29,,Hair Dryer,Philips,Beauty,view,800,1778597805
,browser,Thailand,2024-11-13,2.0,Samsung Galaxy S23,Samsung,Electronics,view,1000,1778597805
12,buyer,Malaysia,2025-05-01,44.0,Curtains,Ikea,Home,purchase,960,1778597805
337,casual,Thailand,2025-04-05,23.0,Cap,Nike,Fashion,view,30,1778597805
397,browser,Philippines,2024-08-10,3619.0,Business Strategy Book,Harvard Press,Books,view,480,1778597805
253,buyer,Thailand,2025-10-31,3396.0,Dress,H&M,,purchase,120,1778597805
135,buyer,Indonesia,2025-12-30,54.0,Body Lotion,Dove,Beauty,click,25,1778597805
,casual,Malaysia,2025-06-13,53.0,Sunscreen,Nivea,Beauty,click,-35,1778597805
22,buyer,Singapore,2025-12-17,25.0,Leather Belt,Levi's,Fashion,purchase,60,1778597805
78,buyer,Malaysia,2025-08-05,41.0,Bed Frame,Ikea,Home,purchase,900,1778597805
48,browser,Thailand,2025-10-06,4709.0,iPad Air,Apple,Electronics,view,900,1778597805
unknown_user,browser,Malaysia,2025-08-26,3758.0,Makeup Kit,Maybelline,,invalid,120,1778597805
329,casual,Vietnam,2026-01-23,33.0,Vacuum Cleaner,Dyson,Home,click,300,1778597805
359,browser,Malaysia,2025-05-04,26.0,Backpack,Adidas,Fashion,purchase,100,1778597805
,browser,Philippines,2026-02-22,48.0,Lipstick,Maybelline,Beauty,view,25,1778597805
,casual,Indonesia,2024-06-25,21.0,Dress,H&M,Fashion,click,120,1778597805
440,casual,Malaysia,2024-09-18,12.0,Wireless Mouse,Logitech,Electronics,click,80,1778597805
465,casual,Malaysia,2026-03-15,8.0,AirPods Pro,Apple,Electronics,invalid,1250,1778597805
346,browser,Malaysia,2025-10-13,45.0,Wall Clock,Generic,Home,invalid,40,1778597805
480,browser,Vietnam,2025-06-28,23.0,Cap,Nike,Fashion,view,30,1778597805
163,casual,Thailand,2025-12-10,29.0,Sandals,Havaianas,Fashion,purchase,70,1778597805
290,casual,Malaysia,2025-04-04,44.0,Curtains,Ikea,Home,view,120,1778597805
341,browser,Singapore,2025-11-07,29.0,Sandals,Havaianas,Fashion,view,-70,1778597805
39,browser,Singapore,2025-11-11,33.0,Vacuum Cleaner,Dyson,Home,click,1200,1778597805
434,browser,Vietnam,2025-08-16,23.0,Cap,Nike,Fashion,view,30,1778597805
218,casual,Philippines,2025-08-30,19.0,T-Shirt,Uniqlo,,view,240,1778597805
,browser,Indonesia,2024-06-09,10.0,Gaming Laptop,Asus,Electronics,view,2200,1778597805
492,browser,Malaysia,2025-08-16,59.0,Yoga Mat,Decathlon,Sports,view,-60,1778597805
243,buyer,Malaysia,2024-11-18,4231.0,Basketball,Nike,,click,50,1778597805
306,casual,Singapore,2025-07-07,33.0,Vacuum Cleaner,Dyson,Home,purchase,300,1778597805
26,browser,Malaysia,2025-05-28,28.0,Formal Shirt,Zara,Fashion,view,720,1778597805
7,browser,Singapore,2025-11-06,42.0,Sofa,Ikea,,invalid,1200,1778597805
247,buyer,Malaysia,2024-10-09,51.0,Hair Dryer,Philips,,purchase,80,1778597805
136,browser,Singapore,2025-05-22,69.0,Business Strategy Book,Harvard Press,Books,view,60,1778597805
231,casual,Malaysia,2025-05-09,,Hoodie,Puma,Fashion,view,90,1778597805
unknown_user,browser,Malaysia,2025-11-08,52.0,Makeup Kit,Maybelline,Beauty,view,360,1778597805
482,buyer,Malaysia,2025-11-26,1415.0,Hair Dryer,Philips,Beauty,purchase,80,1778597805
,buyer,Singapore,2026-03-18,10.0,Gaming Laptop,Asus,Electronics,click,2200,1778597805
454,browser,Singapore,2026-04-22,7.0,Sony Headphones,Sony,Electronics,view,300,1778597805
214,browser,Philippines,2025-09-30,48.0,Lipstick,Maybelline,Beauty,view,25,1778597805
140,casual,Malaysia,2025-03-26,68.0,Machine Learning Guide,O'Reilly,Books,view,320,1778597805
106,buyer,Singapore,2026-01-27,62.0,Cycling Helmet,Giro,Sports,purchase,80,1778597805
172,casual,Malaysia,2024-06-25,67.0,Data Science Handbook,Packt,Books,purchase,70,1778597805
266,browser,Vietnam,2026-02-12,23.0,Cap,Nike,Fashion,invalid,30,1778597805
211,browser,Singapore,2026-04-15,15.0,Bluetooth Speaker,JBL,,view,-120,1778597805
156,browser,Malaysia,2025-03-25,,Vacuum Cleaner,Dyson,Home,view,300,1778597805
unknown_user,buyer,Singapore,2025-11-02,7.0,Sony Headphones,Sony,Electronics,purchase,300,1778597805
unknown_user,browser,Vietnam,2025-08-15,53.0,Sunscreen,Nivea,Beauty,view,35,1778597805
470,browser,Singapore,2024-06-05,65.0,Water Bottle,Stanley,Sports,view,-25,1778597805
320,buyer,Indonesia,2025-08-15,7.0,Sony Headphones,Sony,Electronics,click,3000,1778597805
82,browser,Malaysia,2026-01-30,4.0,Dell XPS 13,Dell,Electronics,view,1800,1778597805
374,casual,Indonesia,2025-05-13,,Dumbbells,Decathlon,Sports,click,150,1778597805
66,casual,Philippines,2025-11-01,4476.0,Sunscreen,Nivea,Beauty,view,-35,1778597805
134,browser,Malaysia,2026-03-09,27.0,Sports Shorts,Nike,Fashion,view,200,1778597805
,browser,Philippines,2025-12-05,16.0,Running Shoes,Nike,Fashion,view,1200,1778597805
30,browser,Malaysia,2025-08-23,1.0,iPhone 15,Apple,Electronics,view,1200,1778597805
374,buyer,Malaysia,2024-07-14,40.0,Office Chair,Ikea,Home,view,200,1778597805
57,browser,Thailand,2025-01-16,64.0,Gym Bag,Nike,Sports,view,-90,1778597805
91,browser,Thailand,2024-06-22,,MacBook Pro,Apple,Electronics,view,2500,1778597805
unknown_user,browser,Malaysia,2024-11-04,,Smart Watch,Fitbit,Electronics,invalid,3600,1778597805
257,casual,Singapore,2026-05-10,16.0,Running Shoes,Nike,Fashion,click,120,1778597805
228,casual,Malaysia,2025-08-26,59.0,Yoga Mat,Decathlon,Sports,view,60,1778597805
288,buyer,Vietnam,2025-02-10,3921.0,Sofa,Ikea,Home,view,6000,1778597805
,browser,Malaysia,2024-07-26,34.0,Blender,Philips,Home,view,100,1778597805
27,buyer,Malaysia,2024-07-25,23.0,Cap,Nike,Fashion,click,30,1778597805
27,buyer,Malaysia,2024-07-15,46.0,Face Cleanser,Nivea,Beauty,click,-180,1778597805
,casual,Singapore,2025-03-25,32.0,Air Fryer,Xiaomi,Home,view,180,1778597805
109,browser,Singapore,2024-08-14,26.0,Backpack,Adidas,Fashion,view,100,1778597805
372,browser,Malaysia,2026-02-18,,Machine Learning Guide,O'Reilly,Books,view,-80,1778597805
489,browser,Thailand,2025-07-25,14.0,External SSD,Samsung,,view,200,1778597805
263,browser,Thailand,2024-11-27,,Basketball,Nike,Sports,click,50,1778597805
485,casual,Philippines,2025-07-04,6.0,Samsung Tablet,Samsung,,click,7000,1778597805
unknown_user,casual,Malaysia,2025-12-01,59.0,Yoga Mat,Decathlon,Sports,view,60,1778597805
,casual,Malaysia,2026-04-22,52.0,Makeup Kit,Maybelline,Beauty,view,-120,1778597805
81,casual,Malaysia,2026-05-09,21.0,Dress,H&M,Fashion,purchase,-120,1778597805
312,browser,Singapore,2024-10-09,12.0,Wireless Mouse,Logitech,Electronics,view,-400,1778597805
456,browser,Singapore,2025-10-21,57.0,Basketball,Nike,Sports,invalid,500,1778597805
321,browser,Malaysia,2024-12-16,38.0,Toaster,Philips,Home,view,70,1778597805
295,casual,Singapore,2024-12-20,68.0,Machine Learning Guide,O'Reilly,Books,purchase,80,1778597805
101,casual,Thailand,2026-01-10,,Hoodie,Puma,Fashion,view,90,1778597805
464,browser,Malaysia,2025-11-15,59.0,Yoga Mat,Decathlon,,view,60,1778597805
148,casual,Malaysia,2024-11-28,30.0,Watch,Casio,Fashion,click,250,1778597805
337,browser,Thailand,2025-07-22,11.0,Mechanical Keyboard,Logitech,Electronics,view,150,1778597805
441,casual,Singapore,2025-07-03,22.0,Hoodie,Puma,Fashion,view,90,1778597805
,browser,Malaysia,2026-04-10,3881.0,Smart Watch,Fitbit,Electronics,view,400,1778597805
301,browser,Malaysia,2026-01-04,11.0,Mechanical Keyboard,Logitech,,view,150,1778597805
unknown_user,browser,Singapore,2025-08-16,12.0,Wireless Mouse,Logitech,Electronics,view,-80,1778597805
134,browser,Malaysia,2025-08-06,17.0,Sneakers,Adidas,Fashion,invalid,150,1778597805
252,browser,Thailand,2024-07-10,60.0,Dumbbells,Decathlon,Sports,click,150,1778597805
379,browser,Indonesia,2025-04-05,3.0,MacBook Pro,Apple,Electronics,view,2500,1778597805
262,buyer,Indonesia,2026-05-02,34.0,Blender,Philips,Home,view,100,1778597805
,casual,Indonesia,2025-11-08,1.0,iPhone 15,Apple,Electronics,click,1200,1778597805
105,casual,Singapore,2024-05-31,31.0,Coffee Maker,Philips,Home,click,150,1778597805
484,buyer,Singapore,2026-03-15,,Face Cleanser,Nivea,Beauty,invalid,210,1778597805
10,browser,Vietnam,2025-12-05,20.0,Jacket,Zara,Fashion,purchase,-200,1778597805
,browser,Malaysia,2026-04-24,27.0,Sports Shorts,Nike,Fashion,view,50,1778597805
87,browser,Singapore,2024-08-16,37.0,Microwave Oven,Samsung,Home,invalid,250,1778597805
15,casual,Malaysia,2025-12-07,24.0,Sunglasses,Ray-Ban,Fashion,view,180,1778597805
,browser,Malaysia,2025-10-11,27.0,Sports Shorts,Nike,Fashion,invalid,50,1778597805
86,browser,Malaysia,2026-02-12,,Toaster,Philips,Home,view,-350,1778597805
39,browser,Thailand,2025-10-12,16.0,Running Shoes,Nike,Fashion,view,360,1778597805
191,browser,Malaysia,2024-06-07,5.0,iPad Air,Apple,Electronics,view,900,1778597805
47,casual,Malaysia,2025-09-10,12.0,Wireless Mouse,Logitech,Electronics,view,80,1778597805
unknown_user,browser,Malaysia,2025-08-02,7.0,Sony Headphones,Sony,,view,1500,1778597805
65,casual,Indonesia,2025-02-11,27.0,Sports Shorts,Nike,,click,500,1778597805
58,casual,Singapore,2025-04-02,,Office Chair,Ikea,Home,purchase,200,1778597805
,browser,Indonesia,2025-06-04,36.0,Electric Kettle,Tefal,Home,click,60,1778597805
88,buyer,Singapore,2024-12-01,35.0,Rice Cooker,Panasonic,,view,120,1778597805
,browser,Indonesia,2025-04-20,33.0,Vacuum Cleaner,Dyson,Home,view,900,1778597805
unknown_user,buyer,Thailand,2025-11-02,66.0,Python Programming Book,O'Reilly,Books,invalid,50,1778597805
426,browser,Malaysia,2025-02-23,,Machine Learning Guide,O'Reilly,Books,view,800,1778597805
208,casual,Malaysia,2024-10-02,65.0,Water Bottle,Stanley,Sports,purchase,25,1778597805
143,casual,Singapore,2025-10-22,54.0,Body Lotion,Dove,Beauty,click,25,1778597805
275,browser,Indonesia,2025-07-20,16.0,Running Shoes,Nike,Fashion,view,120,1778597805
70,buyer,Malaysia,2025-01-02,35.0,Rice Cooker,Panasonic,Home,click,120,1778597805
335,casual,Singapore,2026-03-07,45.0,Wall Clock,Generic,,view,40,1778597805
9,browser,Malaysia,2024-05-25,36.0,Electric Kettle,Tefal,Home,view,60,1778597805
,casual,Indonesia,2024-11-15,70.0,Self Development Book,Penguin,Books,view,120,1778597805
216,browser,Philippines,2026-05-01,37.0,Microwave Oven,Samsung,Home,view,250,1778597805
308,browser,Indonesia,2025-06-10,51.0,Hair Dryer,Philips,,view,80,1778597805
120,buyer,Singapore,2025-07-19,47.0,Moisturizer,Nivea,Beauty,purchase,40,1778597805
403,browser,Vietnam,2026-05-04,46.0,Face Cleanser,Nivea,Beauty,click,30,1778597805
63,browser,Singapore,2025-06-08,15.0,Bluetooth Speaker,JBL,Electronics,invalid,-120,1778597805
233,casual,Malaysia,2026-04-02,24.0,Sunglasses,Ray-Ban,Fashion,view,180,1778597805
313,browser,Malaysia,2025-03-16,4.0,Dell XPS 13,Dell,,view,1800,1778597805
307,casual,Thailand,2024-09-06,2035.0,Curtains,Ikea,Home,view,120,1778597805
231,browser,Indonesia,2024-11-26,56.0,Football,Adidas,Sports,click,-40,1778597805
,browser,Singapore,2025-03-02,11.0,Mechanical Keyboard,Logitech,Electronics,view,150,1778597805
unknown_user,browser,Singapore,2024-09-16,60.0,Dumbbells,Decathlon,,view,150,1778597805
unknown_user,casual,Malaysia,2025-01-30,17.0,Sneakers,Adidas,Fashion,purchase,150,1778597805
240,browser,Indonesia,2026-05-09,36.0,Electric Kettle,Tefal,Home,view,-60,1778597805
480,browser,Singapore,2025-02-24,19.0,T-Shirt,Uniqlo,Fashion,view,280,1778597805
389,casual,Malaysia,2024-10-16,64.0,Gym Bag,Nike,Sports,click,-90,1778597805
353,browser,Indonesia,2025-06-30,28.0,Formal Shirt,Zara,Fashion,view,90,1778597805
,casual,Philippines,2025-09-25,54.0,Body Lotion,Dove,,view,25,1778597805
420,browser,Thailand,2025-05-01,50.0,Shampoo,Dove,Beauty,invalid,20,1778597805
26,browser,Vietnam,2024-10-15,14.0,External SSD,Samsung,Electronics,click,200,1778597805
173,browser,Thailand,2024-06-28,10.0,Gaming Laptop,Asus,Electronics,view,2200,1778597805
448,browser,Singapore,2024-12-02,59.0,Yoga Mat,Decathlon,Sports,invalid,60,1778597805
415,browser,Indonesia,2024-07-16,1433.0,Coffee Maker,Philips,Home,view,-150,1778597805
340,casual,Singapore,2025-09-07,69.0,Business Strategy Book,Harvard Press,,click,60,1778597805
169,browser,Thailand,2025-02-09,6.0,Samsung Tablet,Samsung,Electronics,purchase,-5600,1778597805
63,browser,Singapore,2024-10-27,48.0,Lipstick,Maybelline,Beauty,view,125,1778597805
489,browser,Singapore,2026-02-01,5.0,iPad Air,Apple,,view,900,1778597805
unknown_user,casual,Malaysia,2025-09-13,12.0,Wireless Mouse,Logitech,Electronics,purchase,240,1778597805
73,browser,Indonesia,2025-04-18,39.0,Dining Table,Ikea,Home,click,800,1778597805
125,browser,Malaysia,2025-05-28,58.0,Tennis Racket,Wilson,Sports,view,200,1778597805
206,casual,Malaysia,2024-09-01,43.0,Desk Lamp,Philips,Home,view,50,1778597805
398,buyer,Philippines,2024-12-15,18.0,Jeans,Levi's,Fashion,purchase,80,1778597805
74,browser,Malaysia,2026-01-25,3.0,MacBook Pro,Apple,Electronics,click,2500,1778597805
101,casual,Malaysia,2025-01-13,12.0,Wireless Mouse,Logitech,Electronics,click,80,1778597805
298,casual,Indonesia,2025-11-19,4083.0,Dining Table,Ikea,Home,view,800,1778597805
291,browser,Singapore,2024-08-12,7.0,Sony Headphones,Sony,Electronics,view,300,1778597805
497,browser,Malaysia,2025-05-22,15.0,Bluetooth Speaker,JBL,Electronics,view,240,1778597805
487,casual,Malaysia,2025-09-16,29.0,Sandals,Havaianas,Fashion,click,70,1778597805
,browser,Philippines,2026-02-20,44.0,Curtains,Ikea,Home,view,120,1778597805
89,browser,Philippines,2025-01-04,57.0,Basketball,Nike,Sports,view,350,1778597805
339,casual,Malaysia,2024-10-08,52.0,Makeup Kit,Maybelline,Beauty,view,120,1778597805
52,browser,Singapore,2025-05-23,,Body Lotion,Dove,Beauty,view,25,1778597805
unknown_user,buyer,Malaysia,2024-12-29,30.0,Watch,Casio,,click,250,1778597805
442,browser,Philippines,2025-08-05,26.0,Backpack,Adidas,Fashion,view,100,1778597805
289,buyer,Indonesia,2025-05-10,11.0,Mechanical Keyboard,Logitech,Electronics,purchase,-150,1778597805
278,browser,Malaysia,2025-05-09,22.0,Hoodie,Puma,Fashion,view,720,1778597805
,browser,Vietnam,2026-01-19,58.0,Tennis Racket,Wilson,Sports,view,200,1778597805
103,buyer,Singapore,2025-05-19,62.0,Cycling Helmet,Giro,Sports,view,320,1778597805
181,casual,Malaysia,2025-07-14,2819.0,Basketball,Nike,Sports,view,300,1778597805
204,browser,Indonesia,2025-03-03,25.0,Leather Belt,Levi's,Fashion,click,60,1778597805
339,casual,Philippines,2024-10-05,1.0,iPhone 15,Apple,Electronics,click,1200,1778597805
unknown_user,casual,Indonesia,2025-04-07,47.0,Moisturizer,Nivea,Beauty,click,-40,1778597805
438,browser,Malaysia,2025-06-25,2.0,Samsung Galaxy S23,Samsung,,view,1000,1778597805
112,buyer,Malaysia,2026-05-12,35.0,Rice Cooker,Panasonic,Home,invalid,120,1778597805
69,casual,Malaysia,2025-01-24,47.0,Moisturizer,Nivea,Beauty,purchase,40,1778597805
35,browser,Malaysia,2024-12-13,46.0,Face Cleanser,Nivea,Beauty,view,30,1778597805
152,browser,Thailand,2024-06-03,54.0,Body Lotion,Dove,Beauty,view,25,1778597805
215,browser,Singapore,2025-09-07,28.0,Formal Shirt,Zara,Fashion,view,540,1778597805
288,buyer,Indonesia,2025-09-09,64.0,Gym Bag,Nike,Sports,purchase,90,1778597805
135,casual,Malaysia,2024-07-04,9.0,Smart Watch,Fitbit,Electronics,purchase,400,1778597805
174,browser,Thailand,2025-02-06,,Dining Table,Ikea,Home,view,6400,1778597805
156,buyer,Indonesia,2024-07-19,,Cap,Nike,Fashion,invalid,30,1778597805
unknown_user,casual,Singapore,2026-01-26,61.0,Treadmill,Technogym,Sports,view,1500,1778597805
369,browser,Malaysia,2025-06-26,32.0,Air Fryer,Xiaomi,Home,invalid,180,1778597805
108,browser,Indonesia,2025-11-11,13.0,4K Monitor,LG,Electronics,view,3000,1778597805
213,browser,Singapore,2024-06-14,,Python Programming Book,O'Reilly,Books,view,50,1778597805
371,casual,Vietnam,2024-07-21,40.0,Office Chair,Ikea,Home,view,200,1778597805
448,browser,Indonesia,2025-03-28,59.0,Yoga Mat,Decathlon,Sports,view,60,1778597805
469,casual,Malaysia,2025-10-19,13.0,4K Monitor,LG,Electronics,purchase,-600,1778597805
,buyer,Malaysia,2025-07-18,53.0,Sunscreen,Nivea,Beauty,purchase,35,1778597805
385,browser,Philippines,2024-06-07,5.0,iPad Air,Apple,Electronics,view,900,1778597805
306,browser,Malaysia,2024-09-12,43.0,Desk Lamp,Philips,Home,click,50,1778597805
199,buyer,Malaysia,2026-01-26,3933.0,Wireless Mouse,Logitech,Electronics,purchase,80,1778597805
378,casual,Malaysia,2024-07-26,4.0,Dell XPS 13,Dell,,view,1800,1778597805
28,browser,Malaysia,2025-05-31,3849.0,Toaster,Philips,Home,view,210,1778597805
unknown_user,browser,Indonesia,2024-11-23,16.0,Running Shoes,Nike,Fashion,purchase,120,1778597805
362,casual,Thailand,2024-05-18,10.0,Gaming Laptop,Asus,Electronics,purchase,2200,1778597805
305,browser,Malaysia,2025-08-11,21.0,Dress,H&M,Fashion,click,720,1778597805
,buyer,Singapore,2024-05-13,2.0,Samsung Galaxy S23,Samsung,Electronics,invalid,1000,1778597805
206,casual,Malaysia,2026-02-26,65.0,Water Bottle,Stanley,Sports,view,25,1778597805
,browser,Singapore,2026-01-16,58.0,Tennis Racket,Wilson,Sports,view,200,1778597805
465,browser,Malaysia,2026-03-27,68.0,Machine Learning Guide,O'Reilly,Books,view,640,1778597805
unknown_user,buyer,Indonesia,2025-09-06,19.0,T-Shirt,Uniqlo,Fashion,view,40,1778597805
100,casual,Indonesia,2025-07-27,26.0,Backpack,Adidas,Fashion,click,100,1778597805
,buyer,Vietnam,2025-05-29,11.0,Mechanical Keyboard,Logitech,Electronics,click,150,1778597805
493,casual,Malaysia,2025-07-28,1514.0,Samsung Galaxy S23,Samsung,Electronics,view,1000,1778597805
453,casual,Singapore,2025-05-11,35.0,Rice Cooker,Panasonic,Home,invalid,120,1778597805
428,browser,Philippines,2024-07-07,3.0,MacBook Pro,Apple,Electronics,view,2500,1778597805
31,browser,Thailand,2025-01-12,18.0,Jeans,Levi's,Fashion,view,80,1778597805
228,browser,Thailand,2025-02-28,53.0,Sunscreen,Nivea,Beauty,invalid,35,1778597805
303,browser,Malaysia,2024-09-18,,Mechanical Keyboard,Logitech,Electronics,invalid,150,1778597805
152,casual,Malaysia,2025-10-20,33.0,Vacuum Cleaner,Dyson,,invalid,300,1778597805
468,casual,Philippines,2024-11-04,50.0,Shampoo,Dove,Beauty,click,20,1778597805
244,browser,Malaysia,2025-05-04,28.0,Formal Shirt,Zara,Fashion,view,90,1778597805
461,casual,Indonesia,2024-12-26,57.0,Basketball,Nike,Sports,click,-50,1778597805
413,buyer,Thailand,2025-01-22,21.0,Dress,H&M,Fashion,view,120,1778597805
353,browser,Singapore,2025-10-22,12.0,Wireless Mouse,Logitech,Electronics,click,80,1778597805
268,buyer,Indonesia,2025-03-17,50.0,Shampoo,Dove,Beauty,view,20,1778597805
,casual,Malaysia,2026-03-22,55.0,Nail Polish,O.P.I,,click,15,1778597805
384,casual,Malaysia,2025-09-20,6.0,Samsung Tablet,Samsung,,view,-5600,1778597805
unknown_user,buyer,Malaysia,2024-11-21,3667.0,Wireless Mouse,Logitech,Electronics,click,-560,1778597805
446,casual,Thailand,2024-07-13,57.0,Basketball,Nike,Sports,view,150,1778597805
305,buyer,Malaysia,2024-09-05,38.0,Toaster,Philips,Home,click,70,1778597805
226,casual,Singapore,2025-08-01,47.0,Moisturizer,Nivea,Beauty,click,320,1778597805
unknown_user,casual,Indonesia,2026-03-09,47.0,Moisturizer,Nivea,Beauty,view,40,1778597805
322,browser,Singapore,2026-04-07,,Curtains,Ikea,Home,click,840,1778597805
356,casual,Malaysia,2025-11-08,61.0,Treadmill,Technogym,,view,1500,1778597805
389,browser,Indonesia,2024-12-26,49.0,Perfume,Dior,Beauty,view,150,1778597805
64,casual,Thailand,2025-10-30,36.0,Electric Kettle,Tefal,Home,view,60,1778597805
203,browser,Singapore,2024-05-14,1.0,iPhone 15,Apple,Electronics,view,1200,1778597805
unknown_user,browser,Singapore,2025-08-25,12.0,Wireless Mouse,Logitech,Electronics,view,80,1778597805
,casual,Malaysia,2024-09-12,27.0,Sports Shorts,Nike,Fashion,view,50,1778597805
119,browser,Singapore,2025-11-04,10.0,Gaming Laptop,Asus,Electronics,invalid,2200,1778597805
,browser,Thailand,2025-03-19,22.0,Hoodie,Puma,Fashion,view,90,1778597805
246,browser,Malaysia,2025-01-01,11.0,Mechanical Keyboard,Logitech,Electronics,view,-900,1778597805
5,casual,Philippines,2026-02-16,58.0,Tennis Racket,Wilson,Sports,view,-200,1778597805
434,browser,Singapore,2024-12-09,66.0,Python Programming Book,O'Reilly,Books,view,50,1778597805
unknown_user,casual,Malaysia,2024-06-13,15.0,Bluetooth Speaker,JBL,Electronics,click,120,1778597805
217,browser,Singapore,2025-06-27,38.0,Toaster,Philips,,view,70,1778597805
,casual,Malaysia,2025-12-17,10.0,Gaming Laptop,Asus,Electronics,invalid,2200,1778597805
466,casual,Singapore,2025-07-29,50.0,Shampoo,Dove,Beauty,click,20,1778597805
356,browser,Vietnam,2026-04-05,24.0,Sunglasses,Ray-Ban,Fashion,view,180,1778597805
48,browser,Indonesia,2025-10-20,17.0,Sneakers,Adidas,Fashion,view,150,1778597805
126,buyer,Thailand,2025-08-17,53.0,Sunscreen,Nivea,,invalid,35,1778597805
,casual,Malaysia,2026-02-14,41.0,Bed Frame,Ikea,Home,view,900,1778597805
237,buyer,Malaysia,2024-12-23,58.0,Tennis Racket,Wilson,Sports,purchase,200,1778597805
182,browser,Philippines,2025-12-18,64.0,Gym Bag,Nike,Sports,click,90,1778597805
263,browser,Malaysia,2026-01-23,2988.0,Basketball,Nike,Sports,view,-50,1778597805
,browser,Thailand,2025-11-02,33.0,Vacuum Cleaner,Dyson,Home,view,300,1778597805
6,browser,Malaysia,2025-08-07,30.0,Watch,Casio,Fashion,view,250,1778597805
142,buyer,Singapore,2025-10-03,,Data Science Handbook,Packt,Books,purchase,70,1778597805
28,browser,Thailand,2026-02-16,34.0,Blender,Philips,,click,-100,1778597805
224,browser,Singapore,2025-10-02,,Formal Shirt,Zara,Fashion,click,90,1778597805
358,browser,Malaysia,2024-08-05,2655.0,Sneakers,Adidas,Fashion,view,1500,1778597805
323,browser,Malaysia,2026-01-06,4992.0,Microwave Oven,Samsung,Home,view,250,1778597805
unknown_user,buyer,Malaysia,2025-10-20,1853.0,Microwave Oven,Samsung,,view,250,1778597805
383,casual,Singapore,2025-10-17,49.0,Perfume,Dior,,click,-1350,1778597805
199,casual,Philippines,2025-09-18,49.0,Perfume,Dior,Beauty,click,150,1778597805
221,casual,Malaysia,2025-09-14,26.0,Backpack,Adidas,Fashion,invalid,100,1778597805
160,buyer,Thailand,2025-12-30,50.0,Shampoo,Dove,Beauty,invalid,20,1778597805
,browser,Malaysia,2024-09-23,1366.0,Sports Shorts,Nike,,view,50,1778597805
211,browser,Thailand,2024-12-21,12.0,Wireless Mouse,Logitech,Electronics,view,80,1778597805
472,casual,Malaysia,2025-04-23,47.0,Moisturizer,Nivea,Beauty,click,-40,1778597805
,buyer,Malaysia,2025-01-28,52.0,Makeup Kit,Maybelline,Beauty,purchase,120,1778597805
7,browser,Singapore,2024-12-05,4.0,Dell XPS 13,Dell,Electronics,view,1800,1778597805
unknown_user,browser,Singapore,2024-08-29,40.0,Office Chair,Ikea,,view,200,1778597805
100,casual,Vietnam,2026-01-19,43.0,Desk Lamp,Philips,Home,purchase,-50,1778597805
197,browser,Thailand,2025-05-09,43.0,Desk Lamp,Philips,Home,click,50,1778597805
47,buyer,Malaysia,2024-10-03,48.0,Lipstick,Maybelline,Beauty,click,25,1778597805
484,browser,Singapore,2024-05-24,39.0,Dining Table,Ikea,,click,-800,1778597805
13,buyer,Thailand,2026-04-08,67.0,Data Science Handbook,Packt,Books,purchase,140,1778597805
204,browser,Malaysia,2024-07-26,4.0,Dell XPS 13,Dell,Electronics,click,1800,1778597805
236,browser,Singapore,2026-02-08,63.0,Skipping Rope,Decathlon,Sports,view,140,1778597805
1,browser,Singapore,2025-10-08,67.0,Data Science Handbook,Packt,Books,view,70,1778597805
,casual,Vietnam,2025-09-30,8.0,AirPods Pro,Apple,Electronics,view,250,1778597805
,browser,Indonesia,2024-06-26,25.0,Leather Belt,Levi's,Fashion,view,60,1778597805
330,browser,Singapore,2025-05-17,45.0,Wall Clock,Generic,Home,view,40,1778597805
319,browser,Indonesia,2025-01-15,46.0,Face Cleanser,Nivea,Beauty,view,30,1778597805
,browser,Singapore,2025-11-23,15.0,Bluetooth Speaker,JBL,Electronics,view,120,1778597805
234,browser,Malaysia,2026-01-07,62.0,Cycling Helmet,Giro,Sports,click,80,1778597805
478,casual,Singapore,2025-01-24,,Dining Table,Ikea,Home,view,-800,1778597805
127,browser,Indonesia,2026-01-12,21.0,Dress,H&M,Fashion,invalid,120,1778597805
35,buyer,Indonesia,2025-01-27,48.0,Lipstick,Maybelline,Beauty,click,25,1778597805
,buyer,Vietnam,2024-10-31,46.0,Face Cleanser,Nivea,Beauty,purchase,30,1778597805
197,casual,Indonesia,2025-07-15,22.0,Hoodie,Puma,Fashion,click,270,1778597805
22,buyer,Thailand,2025-04-14,4.0,Dell XPS 13,Dell,Electronics,purchase,1800,1778597805
unknown_user,casual,Malaysia,2024-08-08,61.0,Treadmill,Technogym,Sports,view,1500,1778597805
,browser,Vietnam,2024-06-24,50.0,Shampoo,Dove,Beauty,view,20,1778597805
263,casual,Thailand,2024-10-26,,Coffee Maker,Philips,,purchase,150,1778597805
374,casual,Thailand,2024-12-29,38.0,Toaster,Philips,Home,purchase,-70,1778597805
25,casual,Singapore,2024-08-26,43.0,Desk Lamp,Philips,Home,click,50,1778597805
252,buyer,Malaysia,2025-01-02,43.0,Desk Lamp,Philips,Home,purchase,50,1778597805
unknown_user,browser,Singapore,2024-08-23,1786.0,Shampoo,Dove,Beauty,view,20,1778597805
unknown_user,browser,Malaysia,2025-02-06,,Sports Shorts,Nike,Fashion,view,50,1778597805
225,casual,Malaysia,2025-03-12,51.0,Hair Dryer,Philips,Beauty,click,80,1778597805
464,browser,Singapore,2025-08-01,36.0,Electric Kettle,Tefal,Home,view,60,1778597805
,buyer,Malaysia,2025-07-12,30.0,Watch,Casio,Fashion,click,250,1778597805
408,browser,Thailand,2024-08-19,25.0,Leather Belt,Levi's,Fashion,view,60,1778597805
400,casual,Indonesia,2024-11-14,2120.0,Face Cleanser,Nivea,Beauty,view,30,1778597805
unknown_user,browser,Singapore,2024-05-27,29.0,Sandals,Havaianas,Fashion,purchase,70,1778597805
,casual,Indonesia,2024-08-31,51.0,Hair Dryer,Philips,Beauty,view,80,1778597805
453,buyer,Singapore,2026-02-11,41.0,Bed Frame,Ikea,Home,purchase,900,1778597805
146,browser,Indonesia,2025-09-27,3.0,MacBook Pro,Apple,Electronics,view,2500,1778597805
347,casual,Singapore,2025-12-29,25.0,Leather Belt,Levi's,Fashion,view,60,1778597805
454,casual,Thailand,2024-10-24,48.0,Lipstick,Maybelline,Beauty,purchase,25,1778597805
356,browser,Thailand,2024-08-03,61.0,Treadmill,Technogym,,view,1500,1778597805
88,browser,Indonesia,2025-04-13,4.0,Dell XPS 13,Dell,Electronics,view,1800,1778597805
415,casual,Vietnam,2026-02-05,,iPhone 15,Apple,Electronics,purchase,1200,1778597805
unknown_user,browser,Philippines,2025-01-30,33.0,Vacuum Cleaner,Dyson,Home,invalid,300,1778597805
141,casual,Vietnam,2025-11-28,49.0,Perfume,Dior,Beauty,click,300,1778597805
157,browser,Vietnam,2025-12-03,66.0,Python Programming Book,O'Reilly,Books,invalid,50,1778597805
137,browser,Singapore,2024-07-04,4645.0,Hoodie,Puma,Fashion,invalid,270,1778597805
unknown_user,casual,Singapore,2025-11-20,,Python Programming Book,O'Reilly,Books,purchase,50,1778597805
459,browser,Vietnam,2026-04-12,50.0,Shampoo,Dove,Beauty,view,20,1778597805
364,casual,Indonesia,2024-09-09,,Air Fryer,Xiaomi,Home,view,180,1778597805
181,casual,Malaysia,2025-04-03,17.0,Sneakers,Adidas,Fashion,view,1200,1778597805
92,browser,Indonesia,2024-11-06,41.0,Bed Frame,Ikea,Home,view,900,1778597805
149,buyer,Malaysia,2025-07-13,47.0,Moisturizer,Nivea,Beauty,invalid,40,1778597805
127,browser,Indonesia,2025-05-30,21.0,Dress,H&M,Fashion,view,120,1778597805
,browser,Indonesia,2026-02-10,17.0,Sneakers,Adidas,Fashion,view,150,1778597805
,browser,Malaysia,2025-06-30,,Self Development Book,Penguin,Books,click,-40,1778597805
unknown_user,casual,Malaysia,2026-04-12,28.0,Formal Shirt,Zara,,view,-90,1778597805
238,casual,Malaysia,2025-12-13,64.0,Gym Bag,Nike,Sports,invalid,90,1778597805
,browser,Malaysia,2025-11-12,3659.0,Blender,Philips,Home,view,100,1778597805
394,casual,Indonesia,2024-08-13,11.0,Mechanical Keyboard,Logitech,,view,150,1778597805
unknown_user,browser,Malaysia,2025-07-19,41.0,Bed Frame,Ikea,Home,view,9000,1778597805
60,browser,Thailand,2026-03-26,47.0,Moisturizer,Nivea,Beauty,view,400,1778597805
398,buyer,Malaysia,2026-02-03,23.0,Cap,Nike,Fashion,click,30,1778597805
316,casual,Malaysia,2024-12-31,17.0,Sneakers,Adidas,Fashion,click,150,1778597805
,browser,Singapore,2025-03-13,,Hoodie,Puma,Fashion,view,90,1778597805
161,casual,Malaysia,2025-02-28,47.0,Moisturizer,Nivea,Beauty,view,40,1778597805
,casual,Philippines,2025-10-09,68.0,Machine Learning Guide,O'Reilly,,click,240,1778597805
305,browser,Malaysia,2024-12-23,64.0,Gym Bag,Nike,Sports,click,90,1778597805
unknown_user,browser,Singapore,2025-07-08,67.0,Data Science Handbook,Packt,Books,click,70,1778597805
164,browser,Malaysia,2026-03-03,40.0,Office Chair,Ikea,Home,view,200,1778597805
136,casual,Malaysia,2025-11-20,3632.0,iPhone 15,Apple,Electronics,purchase,1200,1778597805
276,browser,Vietnam,2025-07-03,,Moisturizer,Nivea,Beauty,view,40,1778597805
,casual,Indonesia,2024-09-15,32.0,Air Fryer,Xiaomi,Home,click,180,1778597805
209,browser,Malaysia,2024-10-03,53.0,Sunscreen,Nivea,Beauty,view,35,1778597805
349,casual,Vietnam,2025-05-25,3077.0,Machine Learning Guide,O'Reilly,Books,click,80,1778597805
,browser,Vietnam,2025-01-20,29.0,Sandals,Havaianas,Fashion,view,70,1778597805
332,browser,Malaysia,2024-10-03,35.0,Rice Cooker,Panasonic,Home,view,1080,1778597805
281,buyer,Indonesia,2024-08-26,1710.0,Self Development Book,Penguin,Books,purchase,320,1778597805
57,browser,Malaysia,2024-12-15,6.0,Samsung Tablet,Samsung,Electronics,click,2100,1778597805
,casual,Malaysia,2024-05-28,47.0,Moisturizer,Nivea,Beauty,purchase,40,1778597805
446,casual,Singapore,2026-04-04,49.0,Perfume,Dior,Beauty,view,150,1778597805
258,browser,Singapore,2025-08-12,20.0,Jacket,Zara,Fashion,click,200,1778597805
291,casual,Malaysia,2026-01-15,15.0,Bluetooth Speaker,JBL,Electronics,click,120,1778597805
,browser,Malaysia,2025-12-11,67.0,Data Science Handbook,Packt,Books,view,70,1778597805
298,browser,Vietnam,2025-04-21,8.0,AirPods Pro,Apple,Electronics,purchase,1000,1778597805
,browser,Singapore,2026-02-07,7.0,Sony Headphones,Sony,Electronics,view,300,1778597805
306,browser,Malaysia,2026-03-29,56.0,Football,Adidas,Sports,view,40,1778597805
93,browser,Malaysia,2024-07-20,,Formal Shirt,Zara,Fashion,view,90,1778597805
410,browser,Thailand,2026-02-17,57.0,Basketball,Nike,Sports,view,-50,1778597805
452,buyer,Vietnam,2024-08-08,,Backpack,Adidas,Fashion,purchase,800,1778597805
305,browser,Singapore,2024-05-17,56.0,Football,Adidas,Sports,invalid,40,1778597805
344,browser,Singapore,2025-04-23,59.0,Yoga Mat,Decathlon,Sports,view,60,1778597805
360,buyer,Malaysia,2025-10-15,24.0,Sunglasses,Ray-Ban,Fashion,purchase,180,1778597805
126,buyer,Thailand,2025-12-13,,Cycling Helmet,Giro,Sports,click,80,1778597805
377,browser,Indonesia,2025-11-13,1162.0,Watch,Casio,Fashion,view,250,1778597805
1,browser,Malaysia,2024-07-18,27.0,Sports Shorts,Nike,Fashion,view,300,1778597805
371,casual,Malaysia,2026-01-31,50.0,Shampoo,Dove,Beauty,click,140,1778597805
74,browser,Vietnam,2024-06-30,18.0,Jeans,Levi's,Fashion,view,80,1778597805
332,browser,Malaysia,2026-02-07,15.0,Bluetooth Speaker,JBL,Electronics,purchase,480,1778597805
346,buyer,Malaysia,2024-10-25,3284.0,Perfume,Dior,Beauty,purchase,150,1778597805
93,buyer,Malaysia,2025-03-16,64.0,Gym Bag,Nike,Sports,click,90,1778597805
unknown_user,buyer,Philippines,2026-03-02,9.0,Smart Watch,Fitbit,Electronics,click,-400,1778597805
2,browser,Indonesia,2024-10-19,41.0,Bed Frame,Ikea,Home,click,900,1778597805
39,browser,Thailand,2025-04-12,38.0,Toaster,Philips,Home,click,70,1778597805
unknown_user,browser,Thailand,2024-11-10,40.0,Office Chair,Ikea,Home,invalid,200,1778597805
31,browser,Thailand,2024-08-11,9.0,Smart Watch,Fitbit,,view,400,1778597805
unknown_user,casual,Malaysia,2024-10-07,5.0,iPad Air,Apple,Electronics,view,900,1778597805
292,browser,Malaysia,2026-03-07,,Sofa,Ikea,Home,click,1200,1778597805
,buyer,Indonesia,2025-12-14,40.0,Office Chair,Ikea,Home,view,200,1778597805
433,casual,Singapore,2025-02-20,14.0,External SSD,Samsung,Electronics,view,200,1778597805
,buyer,Malaysia,2025-04-28,47.0,Moisturizer,Nivea,Beauty,purchase,40,1778597805
154,casual,Malaysia,2024-05-17,12.0,Wireless Mouse,Logitech,,purchase,480,1778597805
441,browser,Singapore,2024-10-09,29.0,Sandals,Havaianas,Fashion,view,70,1778597805
77,browser,Singapore,2024-12-24,18.0,Jeans,Levi's,,click,480,1778597805
6,casual,Vietnam,2024-11-14,17.0,Sneakers,Adidas,Fashion,purchase,1500,1778597805
43,browser,Malaysia,2025-08-15,5.0,iPad Air,Apple,Electronics,invalid,900,1778597805
,buyer,Thailand,2024-10-26,63.0,Skipping Rope,Decathlon,Sports,purchase,20,1778597805
unknown_user,browser,Vietnam,2025-07-18,64.0,Gym Bag,Nike,,view,90,1778597805
22,browser,Singapore,2025-01-06,,T-Shirt,Uniqlo,Fashion,purchase,40,1778597805
273,casual,Malaysia,2026-02-15,46.0,Face Cleanser,Nivea,,invalid,30,1778597805
7,browser,Singapore,2025-10-29,50.0,Shampoo,Dove,,view,20,1778597805
356,browser,Malaysia,2026-03-19,1018.0,Coffee Maker,Philips,Home,view,150,1778597805
302,browser,Philippines,2024-12-25,37.0,Microwave Oven,Samsung,Home,view,250,1778597805
93,casual,Thailand,2026-03-11,16.0,Running Shoes,Nike,Fashion,click,-120,1778597805
317,browser,Malaysia,2026-03-22,57.0,Basketball,Nike,Sports,view,250,1778597805
228,browser,Malaysia,2026-02-09,19.0,T-Shirt,Uniqlo,Fashion,invalid,40,1778597805
325,casual,Malaysia,2024-09-15,2273.0,Sneakers,Adidas,Fashion,click,600,1778597805
,browser,Indonesia,2024-11-01,50.0,Shampoo,Dove,Beauty,view,20,1778597805
307,buyer,Thailand,2026-03-28,62.0,Cycling Helmet,Giro,Sports,purchase,80,1778597805
411,buyer,Malaysia,2025-04-01,55.0,Nail Polish,O.P.I,Beauty,click,15,1778597805
8,browser,Philippines,2025-01-21,48.0,Lipstick,Maybelline,Beauty,view,25,1778597805
387,buyer,Indonesia,2026-01-13,15.0,Bluetooth Speaker,JBL,,purchase,120,1778597805
200,browser,Thailand,2024-05-27,,AirPods Pro,Apple,Electronics,view,250,1778597805
218,browser,Indonesia,2024-09-07,21.0,Dress,H&M,Fashion,view,-120,1778597805
64,buyer,Thailand,2024-05-26,1.0,iPhone 15,Apple,Electronics,click,2400,1778597805
53,browser,Philippines,2024-12-28,27.0,Sports Shorts,Nike,Fashion,view,50,1778597805
unknown_user,casual,Malaysia,2024-11-17,,Vacuum Cleaner,Dyson,,view,300,1778597805
unknown_user,buyer,Malaysia,2024-09-08,67.0,Data Science Handbook,Packt,Books,click,-70,1778597805
unknown_user,browser,Singapore,2025-10-04,49.0,Perfume,Dior,Beauty,purchase,300,1778597805
185,buyer,Thailand,2025-04-10,50.0,Shampoo,Dove,Beauty,click,-20,1778597805
134,casual,Malaysia,2025-03-09,10.0,Gaming Laptop,Asus,,click,2200,1778597805
170,browser,Indonesia,2024-09-03,64.0,Gym Bag,Nike,,view,90,1778597805
291,buyer,Malaysia,2025-10-12,2.0,Samsung Galaxy S23,Samsung,Electronics,purchase,1000,1778597805
249,buyer,Malaysia,2025-06-13,4381.0,Hair Dryer,Philips,,view,80,1778597805
172,buyer,Malaysia,2025-02-21,,Watch,Casio,Fashion,view,2250,1778597805
unknown_user,casual,Malaysia,2024-12-01,30.0,Watch,Casio,Fashion,view,250,1778597805
487,browser,Malaysia,2025-10-13,25.0,Leather Belt,Levi's,,click,60,1778597805
438,buyer,Malaysia,2025-09-09,5.0,iPad Air,Apple,Electronics,purchase,900,1778597805
unknown_user,browser,Singapore,2025-10-23,2463.0,Smart Watch,Fitbit,Electronics,view,2400,1778597805
170,browser,Malaysia,2025-05-18,2018.0,T-Shirt,Uniqlo,Fashion,invalid,360,1778597805
43,browser,Thailand,2025-08-28,18.0,Jeans,Levi's,Fashion,view,-80,1778597805
unknown_user,buyer,Thailand,2025-02-17,62.0,Cycling Helmet,Giro,Sports,view,240,1778597805
187,casual,Singapore,2025-02-27,55.0,Nail Polish,O.P.I,Beauty,invalid,-15,1778597805
231,casual,Malaysia,2025-03-15,12.0,Wireless Mouse,Logitech,Electronics,view,80,1778597805
494,buyer,Malaysia,2025-01-31,,Hoodie,Puma,Fashion,view,90,1778597805
308,casual,Malaysia,2025-07-29,3227.0,Sofa,Ikea,Home,click,1200,1778597805
245,browser,Malaysia,2026-03-25,45.0,Wall Clock,Generic,Home,view,40,1778597805
160,browser,Thailand,2025-02-08,59.0,Yoga Mat,Decathlon,Sports,view,60,1778597805
200,browser,Singapore,2026-01-01,47.0,Moisturizer,Nivea,Beauty,view,40,1778597805
449,buyer,Malaysia,2026-03-01,,iPad Air,Apple,Electronics,click,900,1778597805
360,buyer,Singapore,2025-08-01,,Dress,H&M,Fashion,invalid,120,1778597805
352,casual,Malaysia,2024-07-01,21.0,Dress,H&M,Fashion,view,120,1778597805
429,buyer,Malaysia,2024-09-25,70.0,Self Development Book,Penguin,Books,purchase,40,1778597805
204,buyer,Singapore,2024-05-14,32.0,Air Fryer,Xiaomi,Home,purchase,180,1778597805
,casual,Malaysia,2026-01-08,32.0,Air Fryer,Xiaomi,Home,click,1260,1778597805
256,buyer,Indonesia,2024-09-24,29.0,Sandals,Havaianas,Fashion,purchase,70,1778597805
333,casual,Singapore,2025-01-16,50.0,Shampoo,Dove,Beauty,purchase,20,1778597805
150,casual,Indonesia,2024-06-26,38.0,Toaster,Philips,Home,view,70,1778597805
313,browser,Indonesia,2025-01-23,28.0,Formal Shirt,Zara,Fashion,view,720,1778597805
393,casual,Thailand,2025-08-20,34.0,Blender,Philips,Home,view,100,1778597805
,casual,Malaysia,2025-07-27,1170.0,Machine Learning Guide,O'Reilly,Books,view,80,1778597805
283,casual,Malaysia,2025-12-10,3.0,MacBook Pro,Apple,Electronics,view,-10000,1778597805
377,casual,Singapore,2024-06-06,36.0,Electric Kettle,Tefal,Home,click,240,1778597805
453,browser,Indonesia,2025-07-03,49.0,Perfume,Dior,Beauty,invalid,150,1778597805
393,casual,Malaysia,2025-11-03,19.0,T-Shirt,Uniqlo,Fashion,view,40,1778597805
168,browser,Indonesia,2026-02-10,63.0,Skipping Rope,Decathlon,Sports,view,20,1778597805
457,buyer,Philippines,2025-04-26,6.0,Samsung Tablet,Samsung,Electronics,purchase,700,1778597805
,buyer,Singapore,2025-03-04,55.0,Nail Polish,O.P.I,Beauty,view,45,1778597805
493,browser,Malaysia,2025-09-01,,Hoodie,Puma,Fashion,purchase,90,1778597805
,browser,Thailand,2024-09-29,55.0,Nail Polish,O.P.I,Beauty,view,150,1778597805
,casual,Thailand,2024-08-07,34.0,Blender,Philips,Home,purchase,100,1778597805
152,buyer,Thailand,2025-01-23,67.0,Data Science Handbook,Packt,Books,view,70,1778597805
67,buyer,Philippines,2025-02-10,59.0,Yoga Mat,Decathlon,Sports,purchase,60,1778597805
396,casual,Malaysia,2025-07-11,,T-Shirt,Uniqlo,Fashion,click,400,1778597805
364,browser,Thailand,2025-09-16,9.0,Smart Watch,Fitbit,Electronics,view,400,1778597805
188,buyer,Thailand,2026-03-10,5.0,iPad Air,Apple,Electronics,purchase,3600,1778597805
326,browser,Indonesia,2025-04-20,54.0,Body Lotion,Dove,Beauty,purchase,25,1778597805
456,casual,Thailand,2025-10-13,26.0,Backpack,Adidas,Fashion,view,100,1778597805
426,buyer,Thailand,2024-12-29,34.0,Blender,Philips,Home,invalid,100,1778597805
125,casual,Malaysia,2026-05-01,,Bed Frame,Ikea,,view,900,1778597805
497,browser,Malaysia,2026-03-05,39.0,Dining Table,Ikea,Home,click,8000,1778597805
,browser,Singapore,2024-08-25,4351.0,Machine Learning Guide,O'Reilly,Books,view,-80,1778597805
,casual,Malaysia,2025-07-11,48.0,Lipstick,Maybelline,Beauty,view,25,1778597805
unknown_user,browser,Indonesia,2025-01-10,47.0,Moisturizer,Nivea,Beauty,view,40,1778597805
unknown_user,browser,Malaysia,2026-01-05,58.0,Tennis Racket,Wilson,Sports,view,200,1778597805
339,browser,Singapore,2025-02-27,6.0,Samsung Tablet,Samsung,Electronics,invalid,-2800,1778597805
421,browser,Indonesia,2026-04-25,1146.0,4K Monitor,LG,Electronics,view,-600,1778597805
88,buyer,Thailand,2025-04-01,65.0,Water Bottle,Stanley,Sports,click,25,1778597805
46,casual,Malaysia,2025-04-13,65.0,Water Bottle,Stanley,Sports,view,25,1778597805
431,browser,Philippines,2026-03-23,8.0,AirPods Pro,Apple,Electronics,view,250,1778597805
187,casual,Malaysia,2026-03-07,40.0,Office Chair,Ikea,Home,view,1800,1778597805
105,casual,Singapore,2026-04-06,3461.0,Dress,H&M,Fashion,view,120,1778597805
unknown_user,browser,Thailand,2024-12-15,62.0,Cycling Helmet,Giro,Sports,view,80,1778597805
338,browser,Malaysia,2026-04-15,38.0,Toaster,Philips,Home,invalid,70,1778597805
unknown_user,casual,Malaysia,2025-12-17,44.0,Curtains,Ikea,Home,invalid,120,1778597805
45,casual,Malaysia,2026-03-17,,iPad Air,Apple,Electronics,purchase,900,1778597805
358,browser,Thailand,2025-12-01,,Face Cleanser,Nivea,Beauty,view,30,1778597805
,casual,Indonesia,2025-10-06,33.0,Vacuum Cleaner,Dyson,Home,click,300,1778597805
unknown_user,casual,Malaysia,2024-07-29,28.0,Formal Shirt,Zara,Fashion,click,90,1778597805
62,casual,Singapore,2025-10-15,17.0,Sneakers,Adidas,Fashion,invalid,-150,1778597805
416,buyer,Indonesia,2025-09-13,17.0,Sneakers,Adidas,Fashion,purchase,150,1778597805
47,casual,Malaysia,2025-12-01,46.0,Face Cleanser,Nivea,Beauty,invalid,30,1778597805
402,browser,Singapore,2024-12-07,62.0,Cycling Helmet,Giro,Sports,invalid,80,1778597805
356,browser,Indonesia,2026-01-20,,Gaming Laptop,Asus,,view,2200,1778597805
254,buyer,Thailand,2024-05-26,40.0,Office Chair,Ikea,Home,click,200,1778597805
,browser,Malaysia,2024-06-17,50.0,Shampoo,Dove,Beauty,view,20,1778597805
313,browser,Malaysia,2025-11-10,27.0,Sports Shorts,Nike,Fashion,view,50,1778597805
,browser,Singapore,2024-08-30,21.0,Dress,H&M,Fashion,invalid,120,1778597805
456,casual,Malaysia,2024-09-26,70.0,Self Development Book,Penguin,Books,view,40,1778597805
391,casual,Indonesia,2025-07-05,,Office Chair,Ikea,Home,click,200,1778597805
58,browser,Indonesia,2025-10-17,22.0,Hoodie,Puma,,view,90,1778597805
453,buyer,Malaysia,2024-08-04,8.0,AirPods Pro,Apple,Electronics,view,1500,1778597805
133,casual,Malaysia,2026-02-07,43.0,Desk Lamp,Philips,Home,click,-50,1778597805
,buyer,Malaysia,2024-08-09,68.0,Machine Learning Guide,O'Reilly,Books,purchase,80,1778597805
137,browser,Malaysia,2025-02-20,3.0,MacBook Pro,Apple,,view,2500,1778597805
,browser,Singapore,2026-03-23,,Sunglasses,Ray-Ban,Fashion,view,180,1778597805
33,browser,Indonesia,2025-09-29,5.0,iPad Air,Apple,Electronics,view,900,1778597805
428,buyer,Malaysia,2024-06-11,39.0,Dining Table,Ikea,Home,invalid,800,1778597805
unknown_user,casual,Malaysia,2025-05-04,69.0,Business Strategy Book,Harvard Press,Books,click,60,1778597805
20,browser,Philippines,2026-02-06,18.0,Jeans,Levi's,Fashion,view,80,1778597805
139,casual,Indonesia,2025-02-28,66.0,Python Programming Book,O'Reilly,,purchase,50,1778597805
8,casual,Indonesia,2025-05-29,28.0,Formal Shirt,Zara,Fashion,view,90,1778597805
41,casual,Singapore,2024-11-28,43.0,Desk Lamp,Philips,,view,500,1778597805
393,browser,Malaysia,2025-07-27,26.0,Backpack,Adidas,Fashion,view,100,1778597805
233,casual,Singapore,2026-02-21,1329.0,Shampoo,Dove,,view,20,1778597805
194,browser,Indonesia,2025-10-05,31.0,Coffee Maker,Philips,,view,150,1778597805
,browser,Thailand,2025-10-22,1.0,iPhone 15,Apple,Electronics,view,-1200,1778597805
unknown_user,casual,Singapore,2026-03-08,32.0,Air Fryer,Xiaomi,Home,view,-180,1778597805
468,casual,Malaysia,2024-06-13,36.0,Electric Kettle,Tefal,Home,invalid,60,1778597805
250,browser,Philippines,2026-01-18,29.0,Sandals,Havaianas,Fashion,purchase,70,1778597805
unknown_user,browser,Indonesia,2024-05-17,21.0,Dress,H&M,Fashion,click,120,1778597805
310,casual,Malaysia,2025-01-14,25.0,Leather Belt,Levi's,Fashion,click,60,1778597805
unknown_user,casual,Malaysia,2025-07-22,4205.0,Backpack,Adidas,Fashion,view,100,1778597805
414,browser,Malaysia,2026-01-03,60.0,Dumbbells,Decathlon,,view,150,1778597805
223,browser,Malaysia,2026-03-07,31.0,Coffee Maker,Philips,Home,view,150,1778597805
439,buyer,Thailand,2025-03-08,6.0,Samsung Tablet,Samsung,,click,700,1778597805
341,browser,Singapore,2024-09-22,7.0,Sony Headphones,Sony,Electronics,view,300,1778597805
,browser,Malaysia,2025-10-09,10.0,Gaming Laptop,Asus,Electronics,view,2200,1778597805
,browser,Singapore,2025-03-19,40.0,Office Chair,Ikea,Home,view,200,1778597805
26,browser,Vietnam,2024-06-18,38.0,Toaster,Philips,Home,view,-70,1778597805
8,casual,Singapore,2025-03-20,69.0,Business Strategy Book,Harvard Press,,view,480,1778597805
55,casual,Thailand,2026-01-28,53.0,Sunscreen,Nivea,Beauty,view,70,1778597805
200,casual,Singapore,2024-11-07,21.0,Dress,H&M,Fashion,purchase,120,1778597805
unknown_user,buyer,Malaysia,2025-04-24,28.0,Formal Shirt,Zara,Fashion,click,90,1778597805
307,browser,Malaysia,2025-12-02,,Self Development Book,Penguin,Books,view,40,1778597805
353,browser,Malaysia,2025-11-08,52.0,Makeup Kit,Maybelline,Beauty,view,120,1778597805
25,buyer,Malaysia,2026-03-18,7.0,Sony Headphones,Sony,Electronics,view,2100,1778597805
342,browser,Philippines,2026-01-27,16.0,Running Shoes,Nike,Fashion,invalid,120,1778597805
334,browser,Indonesia,2025-04-16,1.0,iPhone 15,Apple,Electronics,view,1200,1778597805
27,browser,Thailand,2024-08-15,1171.0,Skipping Rope,Decathlon,,invalid,20,1778597805
380,browser,Singapore,2024-12-26,1.0,iPhone 15,Apple,Electronics,view,1200,1778597805
92,browser,Vietnam,2024-11-01,11.0,Mechanical Keyboard,Logitech,Electronics,view,150,1778597805
468,browser,Malaysia,2025-10-22,56.0,Football,Adidas,Sports,view,40,1778597805
260,casual,Singapore,2026-02-25,57.0,Basketball,Nike,Sports,click,50,1778597805
118,browser,Malaysia,2025-11-11,5.0,iPad Air,Apple,,view,900,1778597805
306,browser,Malaysia,2025-07-07,4.0,Dell XPS 13,Dell,,invalid,1800,1778597805
,browser,Indonesia,2025-05-21,11.0,Mechanical Keyboard,Logitech,Electronics,view,150,1778597805
212,casual,Malaysia,2025-04-16,21.0,Dress,H&M,Fashion,view,120,1778597805
354,casual,Singapore,2026-04-30,37.0,Microwave Oven,Samsung,Home,view,250,1778597805
133,browser,Malaysia,2024-06-25,4.0,Dell XPS 13,Dell,Electronics,purchase,1800,1778597805
319,buyer,Thailand,2025-07-22,53.0,Sunscreen,Nivea,Beauty,view,35,1778597805
unknown_user,casual,Singapore,2026-01-14,17.0,Sneakers,Adidas,Fashion,view,150,1778597805
377,browser,Thailand,2025-05-16,3.0,MacBook Pro,Apple,Electronics,view,2500,1778597805
unknown_user,browser,Vietnam,2025-11-25,4211.0,Machine Learning Guide,O'Reilly,Books,view,80,1778597805
366,casual,Malaysia,2026-01-12,54.0,Body Lotion,Dove,Beauty,click,25,1778597805
,browser,Malaysia,2024-12-17,3042.0,Tennis Racket,Wilson,Sports,view,200,1778597805
75,casual,Singapore,2026-03-27,37.0,Microwave Oven,Samsung,Home,view,250,1778597805
334,buyer,Malaysia,2024-07-10,25.0,Leather Belt,Levi's,Fashion,view,60,1778597805
,browser,Malaysia,2025-11-18,53.0,Sunscreen,Nivea,Beauty,view,35,1778597805
294,browser,Malaysia,2025-06-30,22.0,Hoodie,Puma,Fashion,view,90,1778597805
168,buyer,Malaysia,2024-06-22,49.0,Perfume,Dior,Beauty,purchase,150,1778597805
498,browser,Malaysia,2025-04-30,36.0,Electric Kettle,Tefal,Home,view,-60,1778597805
150,buyer,Malaysia,2026-01-01,11.0,Mechanical Keyboard,Logitech,Electronics,click,-150,1778597805
354,buyer,Malaysia,2025-08-04,31.0,Coffee Maker,Philips,Home,click,-150,1778597805
444,browser,Thailand,2024-12-14,11.0,Mechanical Keyboard,Logitech,Electronics,view,150,1778597805
115,buyer,Malaysia,2025-06-22,38.0,Toaster,Philips,,invalid,-70,1778597805
402,buyer,Philippines,2025-10-10,5.0,iPad Air,Apple,Electronics,purchase,900,1778597805
447,casual,Malaysia,2025-07-07,,Dell XPS 13,Dell,Electronics,view,-1800,1778597805
61,browser,Malaysia,2025-02-27,36.0,Electric Kettle,Tefal,Home,view,60,1778597805
71,browser,Singapore,2026-02-17,39.0,Dining Table,Ikea,Home,view,800,1778597805
,casual,Thailand,2025-12-31,,Perfume,Dior,Beauty,view,150,1778597805
411,browser,Malaysia,2024-10-24,,Skipping Rope,Decathlon,Sports,view,20,1778597805
,casual,Singapore,2026-01-26,,Gym Bag,Nike,Sports,invalid,180,1778597805
288,casual,Malaysia,2025-06-25,4054.0,Makeup Kit,Maybelline,Beauty,view,120,1778597805
410,browser,Malaysia,2026-04-19,26.0,Backpack,Adidas,,view,100,1778597805
265,buyer,Malaysia,2025-05-02,,Lipstick,Maybelline,Beauty,purchase,-25,1778597805
409,browser,Malaysia,2025-05-10,45.0,Wall Clock,Generic,Home,view,40,1778597805
430,casual,Malaysia,2025-06-18,60.0,Dumbbells,Decathlon,Sports,view,150,1778597805
,buyer,Indonesia,2025-05-12,38.0,Toaster,Philips,Home,view,70,1778597805
428,buyer,Singapore,2025-08-24,,Office Chair,Ikea,Home,click,200,1778597805
97,casual,Indonesia,2025-05-18,48.0,Lipstick,Maybelline,Beauty,click,25,1778597805
19,browser,Singapore,2025-02-28,16.0,Running Shoes,Nike,Fashion,view,120,1778597805
256,browser,Philippines,2026-01-09,40.0,Office Chair,Ikea,Home,view,200,1778597805
,casual,Thailand,2025-02-04,7.0,Sony Headphones,Sony,Electronics,view,300,1778597805
255,casual,Malaysia,2026-02-16,9.0,Smart Watch,Fitbit,Electronics,click,400,1778597805
unknown_user,browser,Indonesia,2024-06-17,14.0,External SSD,Samsung,,view,200,1778597805
220,browser,Singapore,2025-03-16,16.0,Running Shoes,Nike,Fashion,click,120,1778597805
389,casual,Singapore,2026-02-23,57.0,Basketball,Nike,Sports,view,50,1778597805
240,browser,Malaysia,2025-07-10,,Machine Learning Guide,O'Reilly,Books,view,480,1778597805
286,browser,Indonesia,2025-09-28,20.0,Jacket,Zara,Fashion,view,200,1778597805
120,browser,Malaysia,2025-08-19,3.0,MacBook Pro,Apple,Electronics,purchase,2500,1778597805
unknown_user,casual,Malaysia,2025-08-20,34.0,Blender,Philips,Home,click,100,1778597805
196,browser,Singapore,2025-05-18,43.0,Desk Lamp,Philips,Home,click,50,1778597805
248,browser,Malaysia,2024-05-12,49.0,Perfume,Dior,Beauty,purchase,150,1778597805
unknown_user,buyer,Malaysia,2025-05-10,1954.0,AirPods Pro,Apple,Electronics,click,250,1778597805
unknown_user,casual,Singapore,2026-03-06,3655.0,Leather Belt,Levi's,Fashion,view,-60,1778597805
254,browser,Indonesia,2025-12-05,9.0,Smart Watch,Fitbit,Electronics,view,400,1778597805
,browser,Malaysia,2024-07-07,42.0,Sofa,Ikea,Home,view,1200,1778597805
424,casual,Vietnam,2025-05-07,3988.0,Blender,Philips,Home,view,100,1778597805
,browser,Malaysia,2025-07-15,51.0,Hair Dryer,Philips,,invalid,80,1778597805
unknown_user,buyer,Malaysia,2025-02-05,53.0,Sunscreen,Nivea,Beauty,purchase,35,1778597805
unknown_user,casual,Vietnam,2025-11-19,48.0,Lipstick,Maybelline,Beauty,purchase,25,1778597805
,browser,Philippines,2025-02-23,23.0,Cap,Nike,Fashion,view,30,1778597805
207,browser,Malaysia,2025-02-20,8.0,AirPods Pro,Apple,Electronics,view,2500,1778597805
381,casual,Malaysia,2024-07-23,15.0,Bluetooth Speaker,JBL,Electronics,click,120,1778597805
442,browser,Vietnam,2024-12-13,63.0,Skipping Rope,Decathlon,Sports,view,20,1778597805
377,casual,Indonesia,2024-06-07,10.0,Gaming Laptop,Asus,Electronics,view,2200,1778597805
347,casual,Vietnam,2024-12-28,5.0,iPad Air,Apple,Electronics,purchase,900,1778597805
218,browser,Singapore,2025-03-17,4656.0,Face Cleanser,Nivea,Beauty,click,-240,1778597805
299,browser,Singapore,2025-11-02,3567.0,Machine Learning Guide,O'Reilly,Books,click,80,1778597805
,buyer,Thailand,2026-03-21,41.0,Bed Frame,Ikea,,purchase,5400,1778597805
10,casual,Indonesia,2026-02-08,68.0,Machine Learning Guide,O'Reilly,Books,purchase,80,1778597805
38,buyer,Philippines,2025-06-06,22.0,Hoodie,Puma,Fashion,purchase,-450,1778597805
405,buyer,Malaysia,2025-11-29,44.0,Curtains,Ikea,Home,purchase,120,1778597805
298,casual,Malaysia,2025-09-25,37.0,Microwave Oven,Samsung,,view,750,1778597805
109,casual,Malaysia,2024-07-02,36.0,Electric Kettle,Tefal,Home,view,480,1778597805
487,buyer,Indonesia,2025-02-10,48.0,Lipstick,Maybelline,Beauty,purchase,25,1778597805
unknown_user,browser,Singapore,2024-05-15,65.0,Water Bottle,Stanley,Sports,view,25,1778597805
233,browser,Malaysia,2026-01-28,66.0,Python Programming Book,O'Reilly,,view,50,1778597805
250,buyer,Malaysia,2024-06-12,67.0,Data Science Handbook,Packt,Books,purchase,70,1778597805
459,casual,Indonesia,2024-05-18,17.0,Sneakers,Adidas,Fashion,click,-150,1778597805
487,browser,Singapore,2025-11-12,69.0,Business Strategy Book,Harvard Press,Books,view,600,1778597805
,browser,Indonesia,2024-09-20,47.0,Moisturizer,Nivea,Beauty,view,160,1778597805
95,browser,Thailand,2026-01-29,3102.0,iPhone 15,Apple,Electronics,view,1200,1778597805
67,browser,Singapore,2026-03-19,33.0,Vacuum Cleaner,Dyson,Home,invalid,300,1778597805
182,browser,Thailand,2024-10-23,3355.0,Desk Lamp,Philips,,view,50,1778597805
,browser,Malaysia,2024-06-18,36.0,Electric Kettle,Tefal,Home,view,60,1778597805
441,browser,Malaysia,2026-02-28,6.0,Samsung Tablet,Samsung,Electronics,view,700,1778597805
183,casual,Malaysia,2026-03-03,55.0,Nail Polish,O.P.I,Beauty,click,15,1778597805
282,casual,Indonesia,2025-08-22,61.0,Treadmill,Technogym,Sports,view,7500,1778597805
,casual,Malaysia,2024-07-13,61.0,Treadmill,Technogym,Sports,purchase,1500,1778597805
,casual,Singapore,2025-06-26,40.0,Office Chair,Ikea,Home,view,200,1778597805
335,buyer,Malaysia,2026-04-18,55.0,Nail Polish,O.P.I,Beauty,view,15,1778597805
455,casual,Malaysia,2025-01-12,50.0,Shampoo,Dove,Beauty,view,20,1778597805
401,buyer,Vietnam,2024-09-26,64.0,Gym Bag,Nike,Sports,click,90,1778597805
,casual,Malaysia,2026-03-16,6.0,Samsung Tablet,Samsung,Electronics,click,700,1778597805
unknown_user,buyer,Vietnam,2025-02-07,57.0,Basketball,Nike,Sports,view,50,1778597805
,browser,Singapore,2025-08-20,33.0,Vacuum Cleaner,Dyson,Home,invalid,2100,1778597805
301,browser,Indonesia,2025-05-22,69.0,Business Strategy Book,Harvard Press,Books,view,60,1778597805
348,buyer,Malaysia,2025-09-25,51.0,Hair Dryer,Philips,Beauty,purchase,80,1778597805
,browser,Thailand,2025-05-12,53.0,Sunscreen,Nivea,Beauty,view,35,1778597805
392,casual,Singapore,2026-04-25,,Smart Watch,Fitbit,Electronics,purchase,3600,1778597805
191,casual,Indonesia,2025-12-27,26.0,Backpack,Adidas,Fashion,view,100,1778597805
,browser,Malaysia,2024-09-24,3.0,MacBook Pro,Apple,Electronics,view,2500,1778597805
136,browser,Malaysia,2024-09-26,2832.0,Wall Clock,Generic,Home,view,160,1778597805
65,browser,Malaysia,2024-06-26,14.0,External SSD,Samsung,Electronics,click,-200,1778597805
478,browser,Malaysia,2024-10-27,15.0,Bluetooth Speaker,JBL,Electronics,view,120,1778597805
239,browser,Singapore,2025-06-15,3545.0,iPad Air,Apple,Electronics,view,1800,1778597805
,browser,Thailand,2025-04-13,4761.0,4K Monitor,LG,Electronics,click,4800,1778597805
unknown_user,buyer,Philippines,2024-05-14,16.0,Running Shoes,Nike,Fashion,click,480,1778597805
446,casual,Singapore,2024-11-25,1389.0,AirPods Pro,Apple,Electronics,view,250,1778597805
247,browser,Malaysia,2025-11-09,66.0,Python Programming Book,O'Reilly,Books,view,50,1778597805
317,browser,Singapore,2024-12-23,20.0,Jacket,Zara,Fashion,view,600,1778597805
314,browser,Indonesia,2024-06-09,33.0,Vacuum Cleaner,Dyson,Home,invalid,300,1778597805
,casual,Thailand,2026-02-22,39.0,Dining Table,Ikea,Home,view,800,1778597805
415,browser,Singapore,2024-07-07,19.0,T-Shirt,Uniqlo,Fashion,view,240,1778597805
382,casual,Malaysia,2025-08-29,36.0,Electric Kettle,Tefal,Home,view,60,1778597805
144,browser,Thailand,2024-12-13,30.0,Watch,Casio,Fashion,invalid,250,1778597805
312,browser,Malaysia,2025-02-03,37.0,Microwave Oven,Samsung,Home,view,250,1778597805
unknown_user,browser,Vietnam,2025-08-09,46.0,Face Cleanser,Nivea,Beauty,view,210,1778597805
369,browser,Indonesia,2026-05-12,3098.0,Formal Shirt,Zara,Fashion,view,90,1778597805
326,browser,Philippines,2025-10-18,,Yoga Mat,Decathlon,Sports,view,60,1778597805
206,buyer,Vietnam,2026-01-10,32.0,Air Fryer,Xiaomi,Home,purchase,180,1778597805
190,casual,Malaysia,2026-03-18,42.0,Sofa,Ikea,Home,view,1200,1778597805
167,buyer,Indonesia,2024-10-21,23.0,Cap,Nike,Fashion,purchase,30,1778597805
309,browser,Malaysia,2025-12-19,46.0,Face Cleanser,Nivea,Beauty,view,30,1778597805
74,casual,Indonesia,2026-03-18,21.0,Dress,H&M,Fashion,view,120,1778597805
277,casual,Thailand,2024-05-19,58.0,Tennis Racket,Wilson,Sports,view,200,1778597805
269,buyer,Malaysia,2025-05-25,70.0,Self Development Book,Penguin,Books,purchase,40,1778597805
54,browser,Vietnam,2025-07-21,2532.0,Self Development Book,Penguin,Books,view,40,1778597805
476,browser,Indonesia,2025-10-18,,Sunglasses,Ray-Ban,Fashion,view,720,1778597805
,buyer,Malaysia,2025-06-04,33.0,Vacuum Cleaner,Dyson,Home,purchase,300,1778597805
unknown_user,browser,Indonesia,2024-07-08,13.0,4K Monitor,LG,Electronics,view,1200,1778597805
255,buyer,Indonesia,2025-12-26,64.0,Gym Bag,Nike,Sports,purchase,90,1778597805
272,buyer,Indonesia,2024-08-21,28.0,Formal Shirt,Zara,Fashion,purchase,90,1778597805
166,casual,Malaysia,2024-11-17,,Samsung Galaxy S23,Samsung,Electronics,view,3000,1778597805
9,browser,Indonesia,2025-04-11,,Face Cleanser,Nivea,Beauty,view,30,1778597805
31,browser,Malaysia,2025-04-26,,Wireless Mouse,Logitech,Electronics,view,80,1778597805
,browser,Malaysia,2024-11-27,29.0,Sandals,Havaianas,,view,70,1778597805
217,casual,Malaysia,2025-08-19,1849.0,Sandals,Havaianas,Fashion,view,70,1778597805
332,casual,Malaysia,2026-01-09,56.0,Football,Adidas,Sports,view,40,1778597805
83,browser,Malaysia,2025-12-03,4188.0,Backpack,Adidas,Fashion,view,100,1778597805
unknown_user,casual,Singapore,2025-09-05,2492.0,Sunscreen,Nivea,Beauty,purchase,-35,1778597805
307,buyer,Philippines,2025-06-23,42.0,Sofa,Ikea,Home,click,1200,1778597805
462,browser,Vietnam,2025-10-25,7.0,Sony Headphones,Sony,Electronics,view,300,1778597805
,browser,Malaysia,2025-06-26,34.0,Blender,Philips,Home,invalid,100,1778597805
314,browser,Malaysia,2026-02-15,69.0,Business Strategy Book,Harvard Press,Books,view,-60,1778597805
24,browser,Malaysia,2024-08-16,58.0,Tennis Racket,Wilson,Sports,view,200,1778597805
36,casual,Singapore,2024-05-22,2447.0,T-Shirt,Uniqlo,Fashion,purchase,40,1778597805
,buyer,Vietnam,2024-10-03,44.0,Curtains,Ikea,Home,purchase,120,1778597805
398,browser,Malaysia,2025-06-26,,Hoodie,Puma,Fashion,invalid,90,1778597805
281,casual,Vietnam,2026-01-17,51.0,Hair Dryer,Philips,Beauty,view,80,1778597805
377,browser,Singapore,2024-07-16,59.0,Yoga Mat,Decathlon,Sports,view,60,1778597805
58,buyer,Malaysia,2024-09-16,26.0,Backpack,Adidas,Fashion,purchase,100,1778597805
421,browser,Thailand,2025-06-08,31.0,Coffee Maker,Philips,Home,click,150,1778597805
172,browser,Malaysia,2024-12-08,17.0,Sneakers,Adidas,Fashion,view,150,1778597805
54,buyer,Thailand,2025-07-27,18.0,Jeans,Levi's,Fashion,purchase,720,1778597805
,casual,Singapore,2025-05-05,69.0,Business Strategy Book,Harvard Press,Books,view,60,1778597805
49,browser,Vietnam,2025-08-06,56.0,Football,Adidas,Sports,view,40,1778597805
69,browser,Indonesia,2025-09-22,1.0,iPhone 15,Apple,Electronics,purchase,1200,1778597805
159,browser,Singapore,2025-01-27,66.0,Python Programming Book,O'Reilly,Books,click,50,1778597805
,browser,Malaysia,2024-07-18,4494.0,Moisturizer,Nivea,Beauty,invalid,40,1778597805
412,browser,Thailand,2025-07-14,23.0,Cap,Nike,Fashion,view,30,1778597805
163,casual,Indonesia,2024-10-03,4189.0,Lipstick,Maybelline,,view,50,1778597805
55,browser,Singapore,2024-07-29,66.0,Python Programming Book,O'Reilly,Books,click,100,1778597805
153,casual,Singapore,2026-02-14,,Sunglasses,Ray-Ban,,purchase,180,1778597805
131,casual,Thailand,2025-08-17,5.0,iPad Air,Apple,Electronics,click,900,1778597805
71,buyer,Singapore,2025-09-29,,Gym Bag,Nike,Sports,click,90,1778597805
494,casual,Malaysia,2026-01-31,31.0,Coffee Maker,Philips,Home,purchase,-150,1778597805
255,browser,Indonesia,2026-03-28,10.0,Gaming Laptop,Asus,Electronics,view,22000,1778597805
,casual,Singapore,2024-09-14,63.0,Skipping Rope,Decathlon,Sports,purchase,20,1778597805
18,buyer,Malaysia,2025-12-10,36.0,Electric Kettle,Tefal,Home,click,60,1778597805
392,buyer,Indonesia,2024-11-21,68.0,Machine Learning Guide,O'Reilly,Books,invalid,-80,1778597805
20,browser,Indonesia,2024-09-06,,Wireless Mouse,Logitech,Electronics,view,80,1778597805
255,casual,Philippines,2024-06-13,56.0,Football,Adidas,Sports,invalid,40,1778597805
412,browser,Thailand,2024-07-12,57.0,Basketball,Nike,Sports,view,50,1778597805
270,browser,Indonesia,2024-08-04,26.0,Backpack,Adidas,Fashion,view,100,1778597805
439,browser,Malaysia,2024-07-16,32.0,Air Fryer,Xiaomi,Home,view,180,1778597805
461,browser,Singapore,2026-04-11,70.0,Self Development Book,Penguin,Books,view,40,1778597805
unknown_user,casual,Singapore,2025-03-25,44.0,Curtains,Ikea,Home,view,120,1778597805
447,browser,Malaysia,2024-12-26,47.0,Moisturizer,Nivea,Beauty,view,40,1778597805
359,casual,Indonesia,2025-09-15,48.0,Lipstick,Maybelline,Beauty,click,25,1778597805
1,buyer,Singapore,2024-10-29,41.0,Bed Frame,Ikea,Home,click,-8100,1778597805
,buyer,Malaysia,2025-10-17,,Face Cleanser,Nivea,Beauty,invalid,30,1778597805
169,browser,Malaysia,2026-03-10,3.0,MacBook Pro,Apple,Electronics,view,17500,1778597805
,buyer,Malaysia,2024-07-31,4.0,Dell XPS 13,Dell,Electronics,invalid,7200,1778597805
336,casual,Malaysia,2024-11-24,54.0,Body Lotion,Dove,Beauty,view,25,1778597805
444,buyer,Philippines,2024-09-25,31.0,Coffee Maker,Philips,Home,purchase,150,1778597805
,browser,Malaysia,2025-09-02,8.0,AirPods Pro,Apple,Electronics,view,250,1778597805
405,buyer,Malaysia,2025-03-25,3459.0,Mechanical Keyboard,Logitech,Electronics,purchase,1350,1778597805
498,casual,Malaysia,2025-08-02,68.0,Machine Learning Guide,O'Reilly,Books,purchase,80,1778597805
,buyer,Singapore,2024-10-02,39.0,Dining Table,Ikea,Home,invalid,800,1778597805
90,casual,Malaysia,2026-05-04,,Blender,Philips,Home,click,100,1778597805
407,buyer,Indonesia,2025-02-02,22.0,Hoodie,Puma,Fashion,click,90,1778597805
398,browser,Singapore,2026-05-08,23.0,Cap,Nike,Fashion,view,30,1778597805
383,browser,Indonesia,2025-10-14,28.0,Formal Shirt,Zara,Fashion,view,540,1778597805
326,buyer,Malaysia,2025-06-21,16.0,Running Shoes,Nike,Fashion,purchase,720,1778597805
198,browser,Thailand,2025-10-21,11.0,Mechanical Keyboard,Logitech,,view,150,1778597805
217,browser,Thailand,2024-07-18,39.0,Dining Table,Ikea,Home,view,800,1778597805
23,buyer,Indonesia,2025-01-03,17.0,Sneakers,Adidas,Fashion,view,150,1778597805
21,buyer,Malaysia,2025-03-08,39.0,Dining Table,Ikea,Home,view,800,1778597805
410,casual,Singapore,2024-09-09,4248.0,Body Lotion,Dove,,purchase,25,1778597805
,buyer,Singapore,2025-05-31,16.0,Running Shoes,Nike,Fashion,purchase,120,1778597805
350,casual,Indonesia,2024-11-11,57.0,Basketball,Nike,Sports,click,50,1778597805
463,casual,Philippines,2026-03-21,37.0,Microwave Oven,Samsung,,invalid,250,1778597805
20,browser,Thailand,2024-06-09,4672.0,Dumbbells,Decathlon,Sports,view,150,1778597805
72,casual,Indonesia,2025-03-23,14.0,External SSD,Samsung,Electronics,view,200,1778597805
367,casual,Vietnam,2024-10-02,40.0,Office Chair,Ikea,Home,view,200,1778597805
361,browser,Singapore,2025-09-05,37.0,Microwave Oven,Samsung,,view,250,1778597805
unknown_user,browser,Indonesia,2025-10-18,17.0,Sneakers,Adidas,Fashion,click,150,1778597805
465,casual,Singapore,2025-11-30,37.0,Microwave Oven,Samsung,Home,click,250,1778597805
unknown_user,casual,Indonesia,2025-06-10,17.0,Sneakers,Adidas,Fashion,view,150,1778597805
471,casual,Vietnam,2024-12-09,17.0,Sneakers,Adidas,,click,150,1778597805
unknown_user,browser,Malaysia,2026-04-30,33.0,Vacuum Cleaner,Dyson,,view,300,1778597805
446,browser,Vietnam,2024-09-19,10.0,Gaming Laptop,Asus,Electronics,view,2200,1778597805
195,buyer,Malaysia,2025-02-13,23.0,Cap,Nike,Fashion,purchase,30,1778597805
unknown_user,casual,Malaysia,2026-01-12,,Yoga Mat,Decathlon,Sports,view,60,1778597805
179,browser,Thailand,2026-02-02,46.0,Face Cleanser,Nivea,Beauty,view,30,1778597805
230,casual,Singapore,2025-12-17,2520.0,Air Fryer,Xiaomi,Home,view,180,1778597805
29,browser,Philippines,2024-10-24,,Sneakers,Adidas,Fashion,click,150,1778597805
59,casual,Singapore,2026-04-17,43.0,Desk Lamp,Philips,Home,view,50,1778597805
236,browser,Indonesia,2025-05-24,28.0,Formal Shirt,Zara,Fashion,view,900,1778597805
60,casual,Indonesia,2025-09-30,44.0,Curtains,Ikea,Home,invalid,120,1778597805
446,buyer,Singapore,2024-11-23,53.0,Sunscreen,Nivea,Beauty,click,35,1778597805
155,browser,Philippines,2025-03-22,4.0,Dell XPS 13,Dell,Electronics,view,1800,1778597805
257,browser,Singapore,2026-04-14,67.0,Data Science Handbook,Packt,Books,invalid,70,1778597805
,browser,Malaysia,2025-06-11,1409.0,Sunscreen,Nivea,Beauty,view,35,1778597805
269,browser,Vietnam,2024-07-11,,Cap,Nike,Fashion,click,-30,1778597805
402,browser,Indonesia,2024-06-06,,Smart Watch,Fitbit,,purchase,400,1778597805
189,casual,Thailand,2024-11-04,63.0,Skipping Rope,Decathlon,Sports,click,140,1778597805
363,buyer,Thailand,2024-12-26,20.0,Jacket,Zara,Fashion,click,200,1778597805
216,buyer,Malaysia,2026-04-26,40.0,Office Chair,Ikea,Home,click,200,1778597805
3,buyer,Malaysia,2024-06-22,33.0,Vacuum Cleaner,Dyson,Home,click,-300,1778597805
,casual,Malaysia,2025-06-30,54.0,Body Lotion,Dove,Beauty,click,25,1778597805
236,casual,Singapore,2025-08-04,52.0,Makeup Kit,Maybelline,Beauty,view,120,1778597805
172,browser,Malaysia,2026-04-09,3954.0,Vacuum Cleaner,Dyson,Home,view,300,1778597805
unknown_user,buyer,Malaysia,2024-12-23,36.0,Electric Kettle,Tefal,Home,purchase,-480,1778597805
212,browser,Indonesia,2026-02-17,33.0,Vacuum Cleaner,Dyson,Home,view,300,1778597805
119,buyer,Malaysia,2025-02-02,,Sunglasses,Ray-Ban,Fashion,click,180,1778597805
unknown_user,browser,Thailand,2025-04-22,,Skipping Rope,Decathlon,Sports,view,20,1778597805
413,casual,Indonesia,2025-05-12,25.0,Leather Belt,Levi's,Fashion,view,360,1778597805
459,buyer,Malaysia,2025-10-12,42.0,Sofa,Ikea,Home,invalid,1200,1778597805
57,browser,Singapore,2025-07-01,58.0,Tennis Racket,Wilson,Sports,purchase,200,1778597805
101,buyer,Malaysia,2024-11-28,,Jacket,Zara,Fashion,purchase,200,1778597805
,casual,Malaysia,2024-08-27,3002.0,Wireless Mouse,Logitech,,view,80,1778597805
490,browser,Malaysia,2024-06-12,70.0,Self Development Book,Penguin,Books,view,280,1778597805
unknown_user,browser,Philippines,2024-08-20,3067.0,Backpack,Adidas,Fashion,view,100,1778597805
407,casual,Singapore,2026-01-03,8.0,AirPods Pro,Apple,Electronics,click,250,1778597805
267,casual,Malaysia,2024-06-27,18.0,Jeans,Levi's,Fashion,view,80,1778597805
162,casual,Singapore,2025-10-14,8.0,AirPods Pro,Apple,Electronics,view,250,1778597805
330,browser,Malaysia,2025-05-06,12.0,Wireless Mouse,Logitech,Electronics,view,80,1778597805
,browser,Malaysia,2026-03-27,47.0,Moisturizer,Nivea,Beauty,view,40,1778597805
34,browser,Singapore,2026-01-23,1286.0,Running Shoes,Nike,,invalid,120,1778597805
281,browser,Malaysia,2025-09-24,57.0,Basketball,Nike,Sports,view,50,1778597805
94,buyer,Indonesia,2024-07-21,7.0,Sony Headphones,Sony,Electronics,purchase,-300,1778597805
199,browser,Indonesia,2024-11-26,24.0,Sunglasses,Ray-Ban,Fashion,view,180,1778597805
unknown_user,buyer,Philippines,2025-01-20,42.0,Sofa,Ikea,Home,purchase,1200,1778597805
168,browser,Vietnam,2025-04-11,,Sunglasses,Ray-Ban,Fashion,click,180,1778597805
252,browser,Malaysia,2025-12-07,70.0,Self Development Book,Penguin,Books,view,-40,1778597805
,browser,Singapore,2025-07-05,3.0,MacBook Pro,Apple,Electronics,view,2500,1778597805
183,browser,Malaysia,2025-07-09,59.0,Yoga Mat,Decathlon,Sports,invalid,60,1778597805
276,browser,Thailand,2025-12-28,43.0,Desk Lamp,Philips,Home,view,50,1778597805
442,browser,Malaysia,2024-09-28,38.0,Toaster,Philips,Home,view,70,1778597805
399,buyer,Indonesia,2025-12-11,14.0,External SSD,Samsung,Electronics,view,200,1778597805
284,buyer,Singapore,2024-11-16,9.0,Smart Watch,Fitbit,Electronics,purchase,400,1778597805
84,buyer,Indonesia,2025-01-03,43.0,Desk Lamp,Philips,Home,purchase,50,1778597805
274,browser,Malaysia,2025-07-25,32.0,Air Fryer,Xiaomi,,view,1440,1778597805
117,casual,Thailand,2025-04-12,,4K Monitor,LG,Electronics,view,600,1778597805
363,buyer,Malaysia,2025-03-11,7.0,Sony Headphones,Sony,Electronics,click,300,1778597805
455,buyer,Thailand,2025-09-29,12.0,Wireless Mouse,Logitech,Electronics,invalid,80,1778597805
,browser,Thailand,2024-06-13,27.0,Sports Shorts,Nike,Fashion,view,50,1778597805
unknown_user,browser,Indonesia,2025-09-08,11.0,Mechanical Keyboard,Logitech,Electronics,view,150,1778597805
24,browser,Malaysia,2026-01-19,38.0,Toaster,Philips,Home,view,560,1778597805
180,browser,Indonesia,2024-07-25,7.0,Sony Headphones,Sony,Electronics,view,300,1778597805
321,buyer,Singapore,2025-06-10,43.0,Desk Lamp,Philips,Home,view,50,1778597805
426,buyer,Thailand,2026-03-26,38.0,Toaster,Philips,Home,click,70,1778597805
unknown_user,browser,Malaysia,2025-05-18,59.0,Yoga Mat,Decathlon,,view,60,1778597805
unknown_user,casual,Singapore,2025-07-14,29.0,Sandals,Havaianas,Fashion,click,70,1778597805
unknown_user,browser,Thailand,2026-01-17,36.0,Electric Kettle,Tefal,Home,view,60,1778597805
71,buyer,Singapore,2024-09-22,60.0,Dumbbells,Decathlon,Sports,click,150,1778597805
97,browser,Singapore,2025-11-04,13.0,4K Monitor,LG,Electronics,purchase,2400,1778597805
unknown_user,casual,Indonesia,2024-09-25,16.0,Running Shoes,Nike,,view,120,1778597805
182,browser,Indonesia,2025-04-20,4586.0,Air Fryer,Xiaomi,Home,view,-180,1778597805
174,casual,Indonesia,2025-02-24,41.0,Bed Frame,Ikea,Home,click,900,1778597805
42,buyer,Thailand,2025-08-25,35.0,Rice Cooker,Panasonic,Home,purchase,120,1778597805
,casual,Indonesia,2025-08-28,46.0,Face Cleanser,Nivea,,view,30,1778597805
361,browser,Indonesia,2025-11-02,,iPhone 15,Apple,Electronics,click,1200,1778597805
35,browser,Singapore,2026-02-18,15.0,Bluetooth Speaker,JBL,Electronics,view,120,1778597805
493,buyer,Indonesia,2025-09-02,30.0,Watch,Casio,Fashion,invalid,750,1778597805
45,browser,Singapore,2026-02-15,3.0,MacBook Pro,Apple,Electronics,view,2500,1778597805
444,browser,Malaysia,2026-04-12,16.0,Running Shoes,Nike,Fashion,invalid,120,1778597805
481,browser,Malaysia,2025-08-05,3925.0,Watch,Casio,Fashion,view,-250,1778597805
237,browser,Singapore,2025-05-05,3.0,MacBook Pro,Apple,,view,2500,1778597805
,browser,Indonesia,2025-05-29,4.0,Dell XPS 13,Dell,Electronics,view,18000,1778597805
unknown_user,buyer,Singapore,2024-07-09,8.0,AirPods Pro,Apple,Electronics,click,250,1778597805
,buyer,Indonesia,2024-09-01,15.0,Bluetooth Speaker,JBL,,purchase,120,1778597805
101,buyer,Singapore,2025-02-17,27.0,Sports Shorts,Nike,Fashion,click,-50,1778597805
60,buyer,Indonesia,2025-10-28,15.0,Bluetooth Speaker,JBL,Electronics,purchase,120,1778597805
,casual,Thailand,2025-10-17,24.0,Sunglasses,Ray-Ban,Fashion,view,180,1778597805
154,buyer,Indonesia,2025-10-14,42.0,Sofa,Ikea,Home,purchase,1200,1778597805
,browser,Malaysia,2025-06-13,44.0,Curtains,Ikea,Home,view,120,1778597805
132,browser,Malaysia,2025-05-13,43.0,Desk Lamp,Philips,Home,view,300,1778597805
325,browser,Thailand,2025-04-26,35.0,Rice Cooker,Panasonic,Home,view,480,1778597805
323,casual,Malaysia,2024-12-29,3073.0,iPhone 15,Apple,Electronics,view,1200,1778597805
354,casual,Singapore,2024-08-05,,Sunscreen,Nivea,Beauty,click,35,1778597805
unknown_user,casual,Vietnam,2024-05-16,25.0,Leather Belt,Levi's,,click,60,1778597805
370,buyer,Singapore,2026-01-26,11.0,Mechanical Keyboard,Logitech,,click,150,1778597805
436,buyer,Malaysia,2026-02-14,21.0,Dress,H&M,Fashion,purchase,120,1778597805
325,casual,Malaysia,2024-09-17,20.0,Jacket,Zara,Fashion,view,200,1778597805
225,casual,Malaysia,2026-02-21,,Dining Table,Ikea,Home,click,800,1778597805
301,buyer,Singapore,2026-03-07,64.0,Gym Bag,Nike,,click,90,1778597805
359,casual,Philippines,2025-09-14,30.0,Watch,Casio,Fashion,view,250,1778597805
402,buyer,Malaysia,2024-12-06,13.0,4K Monitor,LG,Electronics,invalid,600,1778597805
unknown_user,browser,Malaysia,2025-12-09,45.0,Wall Clock,Generic,,click,40,1778597805
,browser,Malaysia,2025-06-21,62.0,Cycling Helmet,Giro,Sports,view,80,1778597805
264,casual,Indonesia,2026-03-28,48.0,Lipstick,Maybelline,Beauty,click,25,1778597805
40,casual,Malaysia,2024-07-13,50.0,Shampoo,Dove,Beauty,click,20,1778597805
36,browser,Singapore,2025-02-02,26.0,Backpack,Adidas,Fashion,click,100,1778597805
340,browser,Malaysia,2024-10-28,10.0,Gaming Laptop,Asus,Electronics,view,2200,1778597805
unknown_user,buyer,Singapore,2025-09-26,,Hair Dryer,Philips,Beauty,purchase,80,1778597805
381,browser,Philippines,2025-06-07,43.0,Desk Lamp,Philips,Home,invalid,-50,1778597805
44,casual,Thailand,2025-03-05,48.0,Lipstick,Maybelline,Beauty,click,25,1778597805
120,casual,Malaysia,2025-02-27,56.0,Football,Adidas,Sports,view,40,1778597805
384,casual,Malaysia,2025-07-19,54.0,Body Lotion,Dove,Beauty,click,-25,1778597805
381,browser,Malaysia,2024-11-22,29.0,Sandals,Havaianas,Fashion,view,70,1778597805
unknown_user,browser,Malaysia,2026-04-22,2652.0,Sneakers,Adidas,Fashion,view,150,1778597805
456,browser,Malaysia,2025-07-05,5.0,iPad Air,Apple,Electronics,view,900,1778597805
388,casual,Thailand,2026-04-29,65.0,Water Bottle,Stanley,Sports,click,25,1778597805
479,browser,Singapore,2024-11-08,19.0,T-Shirt,Uniqlo,Fashion,purchase,40,1778597805
unknown_user,casual,Thailand,2025-09-28,32.0,Air Fryer,Xiaomi,Home,view,180,1778597805
216,browser,Malaysia,2025-03-15,44.0,Curtains,Ikea,Home,invalid,120,1778597805
372,browser,Malaysia,2025-01-04,52.0,Makeup Kit,Maybelline,Beauty,view,120,1778597805
unknown_user,browser,Malaysia,2025-06-22,22.0,Hoodie,Puma,,view,90,1778597805
226,browser,Malaysia,2025-06-17,17.0,Sneakers,Adidas,Fashion,click,1500,1778597805
496,browser,Singapore,2025-01-27,,Coffee Maker,Philips,Home,purchase,150,1778597805
295,browser,Philippines,2025-08-22,1.0,iPhone 15,Apple,Electronics,invalid,1200,1778597805
unknown_user,buyer,Malaysia,2024-08-17,62.0,Cycling Helmet,Giro,Sports,invalid,80,1778597805
313,browser,Malaysia,2026-03-05,34.0,Blender,Philips,Home,invalid,700,1778597805
unknown_user,casual,Thailand,2024-10-31,,Electric Kettle,Tefal,Home,invalid,60,1778597805
100,browser,Singapore,2024-06-26,50.0,Shampoo,Dove,Beauty,invalid,20,1778597805
431,browser,Singapore,2025-05-13,21.0,Dress,H&M,Fashion,view,120,1778597805
,casual,Malaysia,2025-01-15,44.0,Curtains,Ikea,Home,view,120,1778597805
106,casual,Malaysia,2024-09-08,60.0,Dumbbells,Decathlon,Sports,click,150,1778597805
490,casual,Malaysia,2024-06-10,42.0,Sofa,Ikea,Home,click,3600,1778597805
,buyer,Singapore,2024-12-17,,Makeup Kit,Maybelline,Beauty,purchase,120,1778597805
471,casual,Indonesia,2024-07-08,3.0,MacBook Pro,Apple,Electronics,view,2500,1778597805
377,casual,Indonesia,2024-05-22,19.0,T-Shirt,Uniqlo,Fashion,view,-40,1778597805
118,browser,Indonesia,2024-05-25,62.0,Cycling Helmet,Giro,Sports,view,80,1778597805
unknown_user,casual,Malaysia,2026-05-02,2.0,Samsung Galaxy S23,Samsung,Electronics,view,1000,1778597805
unknown_user,browser,Malaysia,2024-10-19,13.0,4K Monitor,LG,Electronics,view,600,1778597805
46,browser,Thailand,2025-09-09,,Hoodie,Puma,,view,90,1778597805
385,browser,Philippines,2025-07-18,,Mechanical Keyboard,Logitech,Electronics,click,150,1778597805
unknown_user,browser,Malaysia,2024-09-25,44.0,Curtains,Ikea,Home,view,-120,1778597805
,buyer,Indonesia,2025-05-22,4271.0,Dress,H&M,Fashion,click,120,1778597805
316,casual,Malaysia,2025-07-26,20.0,Jacket,Zara,Fashion,view,200,1778597805
unknown_user,casual,Malaysia,2024-05-23,38.0,Toaster,Philips,Home,click,70,1778597805
,browser,Malaysia,2026-01-07,59.0,Yoga Mat,Decathlon,Sports,purchase,60,1778597805
5,browser,Singapore,2025-02-27,27.0,Sports Shorts,Nike,Fashion,view,-50,1778597805
463,buyer,Malaysia,2025-11-16,18.0,Jeans,Levi's,Fashion,purchase,80,1778597805
66,buyer,Malaysia,2025-06-10,22.0,Hoodie,Puma,Fashion,purchase,540,1778597805
429,browser,Malaysia,2024-09-15,1.0,iPhone 15,Apple,Electronics,view,1200,1778597805
420,casual,Malaysia,2025-08-26,50.0,Shampoo,Dove,Beauty,purchase,20,1778597805
473,buyer,Malaysia,2024-10-23,45.0,Wall Clock,Generic,Home,purchase,40,1778597805
269,browser,Indonesia,2024-08-12,9.0,Smart Watch,Fitbit,Electronics,click,400,1778597805
unknown_user,browser,Vietnam,2025-10-30,6.0,Samsung Tablet,Samsung,Electronics,view,700,1778597805
,casual,Malaysia,2025-12-15,63.0,Skipping Rope,Decathlon,Sports,click,20,1778597805
162,browser,Malaysia,2024-10-28,61.0,Treadmill,Technogym,Sports,view,1500,1778597805
213,browser,Malaysia,2024-07-24,48.0,Lipstick,Maybelline,Beauty,view,25,1778597805
408,browser,Malaysia,2024-09-15,4193.0,Cycling Helmet,Giro,Sports,view,80,1778597805
168,buyer,Singapore,2024-09-17,42.0,Sofa,Ikea,Home,click,1200,1778597805
,buyer,Malaysia,2024-10-04,19.0,T-Shirt,Uniqlo,Fashion,purchase,40,1778597805
13,buyer,Singapore,2025-10-26,,Basketball,Nike,Sports,click,250,1778597805
111,buyer,Vietnam,2024-06-30,5.0,iPad Air,Apple,Electronics,click,-900,1778597805
110,browser,Malaysia,2025-07-31,19.0,T-Shirt,Uniqlo,Fashion,view,40,1778597805
491,browser,Indonesia,2026-04-04,12.0,Wireless Mouse,Logitech,Electronics,purchase,80,1778597805
,casual,Malaysia,2024-10-11,52.0,Makeup Kit,Maybelline,Beauty,click,120,1778597805
482,casual,Thailand,2024-11-15,45.0,Wall Clock,Generic,Home,view,40,1778597805
,browser,Malaysia,2025-11-19,48.0,Lipstick,Maybelline,Beauty,view,25,1778597805
249,browser,Indonesia,2025-07-14,,Face Cleanser,Nivea,Beauty,view,30,1778597805
362,casual,Malaysia,2024-05-22,61.0,Treadmill,Technogym,Sports,view,4500,1778597805
108,browser,Malaysia,2024-06-25,33.0,Vacuum Cleaner,Dyson,Home,view,3000,1778597805
316,casual,Indonesia,2024-10-05,49.0,Perfume,Dior,Beauty,view,150,1778597805
,buyer,Philippines,2025-09-12,4351.0,Samsung Galaxy S23,Samsung,Electronics,click,1000,1778597805
445,buyer,Vietnam,2025-11-09,47.0,Moisturizer,Nivea,Beauty,invalid,280,1778597805
403,casual,Indonesia,2024-07-30,56.0,Football,Adidas,Sports,click,40,1778597805
unknown_user,browser,Malaysia,2024-11-15,14.0,External SSD,Samsung,Electronics,invalid,1800,1778597805
438,casual,Malaysia,2025-05-29,2649.0,Makeup Kit,Maybelline,Beauty,view,120,1778597805
unknown_user,browser,Thailand,2024-12-19,66.0,Python Programming Book,O'Reilly,Books,click,50,1778597805
69,browser,Singapore,2025-05-22,55.0,Nail Polish,O.P.I,Beauty,view,15,1778597805
130,casual,Philippines,2024-12-17,42.0,Sofa,Ikea,Home,click,1200,1778597805
unknown_user,browser,Thailand,2025-01-25,36.0,Electric Kettle,Tefal,Home,view,60,1778597805
317,casual,Singapore,2026-01-09,45.0,Wall Clock,Generic,,view,40,1778597805
26,casual,Thailand,2024-05-26,36.0,Electric Kettle,Tefal,Home,view,60,1778597805
290,buyer,Malaysia,2025-07-06,37.0,Microwave Oven,Samsung,Home,view,250,1778597805
365,browser,Thailand,2025-08-03,51.0,Hair Dryer,Philips,Beauty,click,80,1778597805
226,browser,Thailand,2025-08-10,25.0,Leather Belt,Levi's,Fashion,purchase,60,1778597805
81,casual,Malaysia,2025-02-06,38.0,Toaster,Philips,Home,invalid,630,1778597805
unknown_user,browser,Malaysia,2025-05-16,1.0,iPhone 15,Apple,Electronics,view,1200,1778597805
394,browser,Indonesia,2025-06-25,4470.0,Python Programming Book,O'Reilly,Books,view,50,1778597805
,casual,Indonesia,2024-12-28,4241.0,Desk Lamp,Philips,,view,50,1778597805
379,browser,Singapore,2026-02-25,13.0,4K Monitor,LG,,view,600,1778597805
78,browser,Singapore,2025-07-18,49.0,Perfume,Dior,,view,450,1778597805
79,casual,Thailand,2024-06-18,54.0,Body Lotion,Dove,Beauty,view,25,1778597805
unknown_user,buyer,Singapore,2025-09-13,9.0,Smart Watch,Fitbit,Electronics,click,1200,1778597805
50,casual,Vietnam,2024-05-25,63.0,Skipping Rope,Decathlon,Sports,click,-20,1778597805
238,buyer,Thailand,2024-07-04,39.0,Dining Table,Ikea,Home,click,800,1778597805
unknown_user,browser,Indonesia,2025-05-07,3.0,MacBook Pro,Apple,Electronics,view,2500,1778597805
93,browser,Malaysia,2025-12-18,,Formal Shirt,Zara,Fashion,view,90,1778597805
71,browser,Malaysia,2025-05-03,2.0,Samsung Galaxy S23,Samsung,Electronics,invalid,1000,1778597805
178,browser,Malaysia,2024-09-02,46.0,Face Cleanser,Nivea,Beauty,view,30,1778597805
unknown_user,buyer,Malaysia,2025-12-01,29.0,Sandals,Havaianas,Fashion,purchase,350,1778597805
161,buyer,Malaysia,2025-01-17,35.0,Rice Cooker,Panasonic,Home,purchase,120,1778597805
350,browser,Singapore,2024-11-20,,Python Programming Book,O'Reilly,Books,view,50,1778597805
424,casual,Malaysia,2025-06-28,21.0,Dress,H&M,Fashion,click,120,1778597805
215,browser,Philippines,2025-02-18,29.0,Sandals,Havaianas,Fashion,view,70,1778597805
,browser,Singapore,2024-10-03,25.0,Leather Belt,Levi's,Fashion,invalid,60,1778597805
167,casual,Malaysia,2025-10-08,52.0,Makeup Kit,Maybelline,,click,120,1778597805
209,browser,Indonesia,2025-02-11,25.0,Leather Belt,Levi's,Fashion,view,60,1778597805
84,casual,Malaysia,2025-01-07,67.0,Data Science Handbook,Packt,,click,70,1778597805
381,browser,Singapore,2025-04-18,,Dining Table,Ikea,Home,click,-800,1778597805
425,casual,Indonesia,2025-07-17,43.0,Desk Lamp,Philips,Home,click,50,1778597805
335,buyer,Singapore,2025-12-08,58.0,Tennis Racket,Wilson,Sports,purchase,-200,1778597805
155,browser,Malaysia,2026-03-03,40.0,Office Chair,Ikea,Home,view,200,1778597805
145,buyer,Malaysia,2024-09-29,,Jeans,Levi's,Fashion,click,80,1778597805
,buyer,Malaysia,2026-04-16,14.0,External SSD,Samsung,Electronics,purchase,200,1778597805
,casual,Indonesia,2025-03-10,50.0,Shampoo,Dove,Beauty,click,20,1778597805
28,browser,Malaysia,2024-06-02,49.0,Perfume,Dior,Beauty,view,150,1778597805
,buyer,Singapore,2026-01-06,,Basketball,Nike,Sports,invalid,50,1778597805
,buyer,Indonesia,2024-12-07,68.0,Machine Learning Guide,O'Reilly,Books,view,80,1778597805
419,buyer,Singapore,2025-02-19,2002.0,Body Lotion,Dove,Beauty,purchase,25,1778597805
264,browser,Singapore,2025-12-06,39.0,Dining Table,Ikea,Home,view,800,1778597805
unknown_user,casual,Malaysia,2025-05-10,53.0,Sunscreen,Nivea,Beauty,view,35,1778597805
unknown_user,browser,Indonesia,2025-01-20,,Samsung Tablet,Samsung,,view,700,1778597805
,buyer,Vietnam,2026-04-15,17.0,Sneakers,Adidas,Fashion,click,150,1778597805
,browser,Malaysia,2024-09-18,34.0,Blender,Philips,Home,view,-400,1778597805
121,casual,Vietnam,2025-04-11,69.0,Business Strategy Book,Harvard Press,Books,purchase,60,1778597805
452,casual,Malaysia,2025-08-10,41.0,Bed Frame,Ikea,Home,click,900,1778597805
438,casual,Singapore,2025-07-18,41.0,Bed Frame,Ikea,Home,purchase,900,1778597805
13,browser,Malaysia,2025-01-25,18.0,Jeans,Levi's,Fashion,view,720,1778597805
43,casual,Singapore,2025-08-22,52.0,Makeup Kit,Maybelline,Beauty,view,120,1778597805
112,casual,Thailand,2025-05-11,14.0,External SSD,Samsung,Electronics,view,400,1778597805
378,browser,Malaysia,2025-06-12,13.0,4K Monitor,LG,Electronics,view,600,1778597805
360,buyer,Malaysia,2025-06-09,35.0,Rice Cooker,Panasonic,Home,purchase,1080,1778597805
226,browser,Philippines,2024-10-23,4825.0,External SSD,Samsung,Electronics,view,-200,1778597805
445,browser,Malaysia,2026-02-20,,Self Development Book,Penguin,Books,view,40,1778597805
161,casual,Vietnam,2024-06-22,39.0,Dining Table,Ikea,Home,invalid,800,1778597805
437,buyer,Malaysia,2024-10-15,,Rice Cooker,Panasonic,,view,120,1778597805
411,browser,Indonesia,2026-03-03,39.0,Dining Table,Ikea,Home,view,1600,1778597805
363,browser,Singapore,2025-10-16,54.0,Body Lotion,Dove,Beauty,invalid,25,1778597805
447,casual,Singapore,2024-09-12,53.0,Sunscreen,Nivea,Beauty,invalid,35,1778597805
194,browser,Indonesia,2024-11-05,56.0,Football,Adidas,Sports,view,40,1778597805
208,browser,Malaysia,2026-02-24,58.0,Tennis Racket,Wilson,Sports,invalid,2000,1778597805
378,browser,Malaysia,2025-05-14,1216.0,T-Shirt,Uniqlo,Fashion,invalid,40,1778597805
19,browser,Singapore,2025-08-26,15.0,Bluetooth Speaker,JBL,Electronics,view,120,1778597805
307,casual,Malaysia,2025-12-08,35.0,Rice Cooker,Panasonic,,purchase,120,1778597805
279,browser,Indonesia,2024-10-28,1275.0,Moisturizer,Nivea,,view,40,1778597805
,browser,Philippines,2024-08-25,36.0,Electric Kettle,Tefal,,view,600,1778597805
unknown_user,browser,Malaysia,2025-07-30,53.0,Sunscreen,Nivea,Beauty,view,35,1778597805
119,buyer,Singapore,2025-03-15,69.0,Business Strategy Book,Harvard Press,Books,purchase,-480,1778597805
156,browser,Singapore,2025-12-17,3385.0,Blender,Philips,Home,view,100,1778597805
,browser,Malaysia,2025-03-08,69.0,Business Strategy Book,Harvard Press,Books,invalid,120,1778597805
422,browser,Singapore,2025-06-11,26.0,Backpack,Adidas,,click,100,1778597805
298,browser,Vietnam,2024-10-22,22.0,Hoodie,Puma,Fashion,view,90,1778597805
353,casual,Malaysia,2026-03-17,54.0,Body Lotion,Dove,Beauty,view,225,1778597805
329,casual,Malaysia,2026-04-30,54.0,Body Lotion,Dove,Beauty,view,25,1778597805
48,browser,Malaysia,2025-07-17,7.0,Sony Headphones,Sony,Electronics,view,300,1778597805
454,casual,Thailand,2026-04-22,9.0,Smart Watch,Fitbit,Electronics,invalid,-400,1778597805
481,casual,Malaysia,2024-12-30,66.0,Python Programming Book,O'Reilly,Books,purchase,50,1778597805
382,casual,Malaysia,2025-11-05,20.0,Jacket,Zara,Fashion,click,-200,1778597805
181,casual,Malaysia,2024-10-03,69.0,Business Strategy Book,Harvard Press,Books,click,60,1778597805
,browser,Singapore,2024-11-29,12.0,Wireless Mouse,Logitech,Electronics,view,80,1778597805
225,browser,Malaysia,2026-01-27,26.0,Backpack,Adidas,Fashion,view,100,1778597805
252,browser,Malaysia,2025-08-15,20.0,Jacket,Zara,Fashion,click,200,1778597805
479,buyer,Indonesia,2026-03-13,23.0,Cap,Nike,Fashion,purchase,30,1778597805
85,browser,Malaysia,2025-10-30,36.0,Electric Kettle,Tefal,,click,60,1778597805
82,browser,Singapore,2025-08-26,16.0,Running Shoes,Nike,Fashion,view,120,1778597805
unknown_user,browser,Malaysia,2025-04-07,46.0,Face Cleanser,Nivea,Beauty,click,30,1778597805
34,browser,Malaysia,2025-08-21,16.0,Running Shoes,Nike,,view,120,1778597805
164,browser,Thailand,2025-07-08,50.0,Shampoo,Dove,Beauty,view,20,1778597805
,casual,Vietnam,2025-03-11,26.0,Backpack,Adidas,Fashion,view,100,1778597805
471,casual,Malaysia,2024-06-29,22.0,Hoodie,Puma,Fashion,view,90,1778597805
424,casual,Malaysia,2025-07-13,49.0,Perfume,Dior,Beauty,click,150,1778597805
278,browser,Malaysia,2025-08-31,2342.0,Bluetooth Speaker,JBL,,view,-120,1778597805
331,buyer,Malaysia,2024-11-30,66.0,Python Programming Book,O'Reilly,Books,purchase,100,1778597805
272,browser,Malaysia,2025-05-02,37.0,Microwave Oven,Samsung,Home,purchase,250,1778597805
383,buyer,Thailand,2026-01-20,67.0,Data Science Handbook,Packt,Books,purchase,-70,1778597805
47,browser,Malaysia,2025-04-21,54.0,Body Lotion,Dove,Beauty,view,25,1778597805
unknown_user,casual,Malaysia,2025-07-16,,Smart Watch,Fitbit,Electronics,view,400,1778597805
unknown_user,browser,Malaysia,2026-03-15,68.0,Machine Learning Guide,O'Reilly,,view,80,1778597805
318,browser,Malaysia,2024-10-10,69.0,Business Strategy Book,Harvard Press,Books,click,60,1778597805
,casual,Malaysia,2025-11-17,,Dining Table,Ikea,Home,invalid,2400,1778597805
63,browser,Singapore,2025-03-17,4.0,Dell XPS 13,Dell,Electronics,view,1800,1778597805
354,buyer,Thailand,2024-09-10,6.0,Samsung Tablet,Samsung,Electronics,click,700,1778597805
334,browser,Malaysia,2024-11-26,,Lipstick,Maybelline,Beauty,view,25,1778597805
424,browser,Indonesia,2025-03-02,36.0,Electric Kettle,Tefal,Home,click,60,1778597805
466,buyer,Malaysia,2024-11-26,48.0,Lipstick,Maybelline,Beauty,click,25,1778597805
406,browser,Philippines,2025-06-23,32.0,Air Fryer,Xiaomi,Home,view,1260,1778597805
447,browser,Indonesia,2025-09-09,63.0,Skipping Rope,Decathlon,Sports,invalid,20,1778597805
,browser,Malaysia,2025-11-20,51.0,Hair Dryer,Philips,Beauty,view,-80,1778597805
,browser,Indonesia,2025-01-22,70.0,Self Development Book,Penguin,Books,view,40,1778597805
455,buyer,Indonesia,2024-10-19,11.0,Mechanical Keyboard,Logitech,Electronics,invalid,150,1778597805
,browser,Malaysia,2024-12-22,45.0,Wall Clock,Generic,Home,click,40,1778597805
104,browser,Malaysia,2025-04-12,59.0,Yoga Mat,Decathlon,Sports,purchase,540,1778597805
108,buyer,Malaysia,2025-02-10,32.0,Air Fryer,Xiaomi,Home,purchase,180,1778597805
465,browser,Malaysia,2025-08-27,,Cycling Helmet,Giro,Sports,view,800,1778597805
431,browser,Malaysia,2025-07-22,48.0,Lipstick,Maybelline,Beauty,view,25,1778597805
223,buyer,Malaysia,2026-01-25,68.0,Machine Learning Guide,O'Reilly,Books,purchase,640,1778597805
107,casual,Malaysia,2025-10-16,11.0,Mechanical Keyboard,Logitech,Electronics,view,150,1778597805
57,browser,Thailand,2025-12-26,59.0,Yoga Mat,Decathlon,Sports,click,60,1778597805
,browser,Malaysia,2024-09-23,9.0,Smart Watch,Fitbit,Electronics,view,400,1778597805
421,browser,Singapore,2025-10-23,52.0,Makeup Kit,Maybelline,Beauty,view,120,1778597805
483,casual,Singapore,2024-08-04,63.0,Skipping Rope,Decathlon,Sports,invalid,20,1778597805
434,casual,Malaysia,2025-02-05,10.0,Gaming Laptop,Asus,Electronics,invalid,2200,1778597805
,buyer,Malaysia,2025-11-21,34.0,Blender,Philips,,view,100,1778597805
192,buyer,Singapore,2026-05-06,9.0,Smart Watch,Fitbit,Electronics,purchase,400,1778597805
160,casual,Thailand,2025-06-18,18.0,Jeans,Levi's,Fashion,view,80,1778597805
2,buyer,Indonesia,2025-09-20,,Moisturizer,Nivea,Beauty,view,40,1778597805
43,buyer,Indonesia,2024-10-08,2612.0,Lipstick,Maybelline,Beauty,view,25,1778597805
139,browser,Malaysia,2025-09-09,4.0,Dell XPS 13,Dell,Electronics,view,1800,1778597805
99,browser,Malaysia,2025-01-02,34.0,Blender,Philips,Home,click,600,1778597805
69,browser,Singapore,2025-05-16,1478.0,Sunglasses,Ray-Ban,Fashion,view,180,1778597805
27,browser,Indonesia,2025-07-11,61.0,Treadmill,Technogym,Sports,view,1500,1778597805
452,buyer,Thailand,2025-01-31,42.0,Sofa,Ikea,Home,purchase,10800,1778597805
4,browser,Indonesia,2024-06-07,,Samsung Galaxy S23,Samsung,Electronics,view,2000,1778597805
56,casual,Malaysia,2025-05-25,50.0,Shampoo,Dove,Beauty,purchase,20,1778597805
unknown_user,buyer,Malaysia,2026-03-18,57.0,Basketball,Nike,,invalid,50,1778597805
286,casual,Singapore,2026-05-08,58.0,Tennis Racket,Wilson,,view,200,1778597805
361,casual,Philippines,2025-07-03,30.0,Watch,Casio,Fashion,view,250,1778597805
,browser,Indonesia,2025-12-01,17.0,Sneakers,Adidas,Fashion,view,150,1778597805
209,browser,Malaysia,2025-07-20,64.0,Gym Bag,Nike,Sports,view,90,1778597805
469,buyer,Singapore,2024-11-04,,iPhone 15,Apple,Electronics,click,1200,1778597805
,browser,Thailand,2024-10-31,28.0,Formal Shirt,Zara,Fashion,view,90,1778597805
,browser,Malaysia,2025-02-13,44.0,Curtains,Ikea,Home,click,120,1778597805
,browser,Singapore,2025-06-30,3129.0,Sony Headphones,Sony,Electronics,view,300,1778597805
468,browser,Malaysia,2026-04-18,58.0,Tennis Racket,Wilson,,view,200,1778597805
381,buyer,Indonesia,2024-08-31,57.0,Basketball,Nike,Sports,click,50,1778597805
unknown_user,browser,Thailand,2026-03-13,42.0,Sofa,Ikea,,click,1200,1778597805
379,casual,Malaysia,2024-05-24,50.0,Shampoo,Dove,Beauty,click,20,1778597805
unknown_user,buyer,Indonesia,2024-09-08,18.0,Jeans,Levi's,Fashion,purchase,80,1778597805
330,browser,Malaysia,2025-04-25,45.0,Wall Clock,Generic,Home,view,40,1778597805
276,casual,Malaysia,2026-02-06,28.0,Formal Shirt,Zara,Fashion,purchase,90,1778597805
unknown_user,casual,Malaysia,2025-09-15,4.0,Dell XPS 13,Dell,Electronics,invalid,1800,1778597805
447,buyer,Indonesia,2026-02-14,1742.0,Dining Table,Ikea,Home,purchase,800,1778597805
56,browser,Vietnam,2024-07-03,54.0,Body Lotion,Dove,Beauty,purchase,25,1778597805
449,browser,Philippines,2025-09-17,2.0,Samsung Galaxy S23,Samsung,Electronics,view,1000,1778597805
,buyer,Singapore,2025-07-19,6.0,Samsung Tablet,Samsung,Electronics,purchase,700,1778597805
310,browser,Thailand,2024-10-24,66.0,Python Programming Book,O'Reilly,Books,invalid,50,1778597805
489,browser,Malaysia,2024-10-25,2.0,Samsung Galaxy S23,Samsung,Electronics,view,-1000,1778597805
29,browser,Malaysia,2025-10-14,25.0,Leather Belt,Levi's,Fashion,click,-60,1778597805
180,buyer,Malaysia,2024-07-02,63.0,Skipping Rope,Decathlon,Sports,view,40,1778597805
389,casual,Thailand,2024-07-08,5.0,iPad Air,Apple,Electronics,purchase,900,1778597805
151,buyer,Singapore,2024-11-18,50.0,Shampoo,Dove,Beauty,purchase,20,1778597805
180,casual,Malaysia,2024-09-22,,Mechanical Keyboard,Logitech,Electronics,invalid,150,1778597805
130,browser,Thailand,2024-09-30,47.0,Moisturizer,Nivea,Beauty,invalid,80,1778597805
360,buyer,Malaysia,2024-07-15,40.0,Office Chair,Ikea,Home,click,1800,1778597805
unknown_user,browser,Singapore,2025-07-11,34.0,Blender,Philips,Home,view,100,1778597805
148,casual,Indonesia,2025-06-19,56.0,Football,Adidas,Sports,view,80,1778597805
393,browser,Thailand,2025-05-21,,Skipping Rope,Decathlon,Sports,invalid,-20,1778597805
66,buyer,Vietnam,2025-08-13,59.0,Yoga Mat,Decathlon,Sports,purchase,60,1778597805
291,casual,Malaysia,2025-07-08,14.0,External SSD,Samsung,Electronics,click,200,1778597805
64,buyer,Singapore,2024-09-12,31.0,Coffee Maker,Philips,Home,view,600,1778597805
104,buyer,Thailand,2024-05-19,42.0,Sofa,Ikea,Home,click,1200,1778597805
345,browser,Indonesia,2025-03-13,61.0,Treadmill,Technogym,Sports,view,15000,1778597805
404,browser,Thailand,2024-08-21,56.0,Football,Adidas,Sports,click,40,1778597805
15,browser,Indonesia,2026-04-04,44.0,Curtains,Ikea,Home,invalid,120,1778597805
,browser,Malaysia,2025-11-03,13.0,4K Monitor,LG,Electronics,view,600,1778597805
406,browser,Malaysia,2025-01-16,34.0,Blender,Philips,,click,100,1778597805
unknown_user,casual,Malaysia,2024-08-09,68.0,Machine Learning Guide,O'Reilly,Books,purchase,80,1778597805
485,browser,Singapore,2024-09-16,,Dumbbells,Decathlon,Sports,invalid,1350,1778597805
200,browser,Malaysia,2024-12-01,3877.0,Data Science Handbook,Packt,Books,view,70,1778597805
178,browser,Malaysia,2025-12-13,,Sneakers,Adidas,Fashion,view,-150,1778597805
unknown_user,browser,Singapore,2025-05-04,30.0,Watch,Casio,Fashion,view,250,1778597805
438,casual,Thailand,2025-05-26,49.0,Perfume,Dior,Beauty,view,1500,1778597805
234,browser,Singapore,2025-08-18,39.0,Dining Table,Ikea,Home,view,7200,1778597805
181,casual,Indonesia,2024-08-26,59.0,Yoga Mat,Decathlon,Sports,view,60,1778597805
403,casual,Malaysia,2025-09-23,1596.0,Watch,Casio,Fashion,purchase,250,1778597805
19,buyer,Thailand,2025-09-25,15.0,Bluetooth Speaker,JBL,Electronics,view,120,1778597805
269,browser,Indonesia,2025-05-17,62.0,Cycling Helmet,Giro,,view,80,1778597805
42,browser,Singapore,2025-06-19,61.0,Treadmill,Technogym,,view,1500,1778597805
unknown_user,casual,Malaysia,2025-12-07,2071.0,Office Chair,Ikea,Home,view,200,1778597805
77,browser,Malaysia,2025-04-13,1.0,iPhone 15,Apple,Electronics,view,1200,1778597805
191,browser,Malaysia,2025-03-03,,Yoga Mat,Decathlon,Sports,click,360,1778597805
362,casual,Indonesia,2026-05-12,37.0,Microwave Oven,Samsung,Home,view,1500,1778597805
132,browser,Thailand,2026-04-18,1877.0,Microwave Oven,Samsung,Home,view,250,1778597805
301,buyer,Vietnam,2025-06-04,2460.0,Running Shoes,Nike,Fashion,purchase,120,1778597805
unknown_user,casual,Indonesia,2024-11-23,5.0,iPad Air,Apple,Electronics,purchase,-900,1778597805
430,buyer,Malaysia,2025-07-28,,Water Bottle,Stanley,Sports,view,25,1778597805
unknown_user,browser,Malaysia,2025-02-01,3891.0,Watch,Casio,Fashion,view,250,1778597805
209,browser,Malaysia,2025-04-07,51.0,Hair Dryer,Philips,Beauty,click,80,1778597805
,buyer,Vietnam,2025-06-10,,Hair Dryer,Philips,Beauty,purchase,80,1778597805
446,casual,Singapore,2025-12-21,13.0,4K Monitor,LG,Electronics,click,-600,1778597805
,buyer,Indonesia,2026-02-16,,4K Monitor,LG,,purchase,6000,1778597805
497,casual,Malaysia,2024-12-10,36.0,Electric Kettle,Tefal,,click,60,1778597805
223,browser,Malaysia,2025-06-22,2289.0,Dell XPS 13,Dell,,invalid,18000,1778597805
368,casual,Thailand,2025-02-02,17.0,Sneakers,Adidas,Fashion,click,150,1778597805
55,browser,Thailand,2025-08-31,29.0,Sandals,Havaianas,Fashion,view,-70,1778597805
,buyer,Thailand,2026-03-05,66.0,Python Programming Book,O'Reilly,Books,purchase,50,1778597805
128,browser,Indonesia,2024-08-09,44.0,Curtains,Ikea,Home,purchase,840,1778597805
6,browser,Malaysia,2025-04-03,33.0,Vacuum Cleaner,Dyson,Home,view,300,1778597805
462,casual,Malaysia,2026-01-19,3.0,MacBook Pro,Apple,Electronics,purchase,2500,1778597805
217,casual,Thailand,2025-02-26,16.0,Running Shoes,Nike,Fashion,purchase,120,1778597805
,browser,Indonesia,2024-09-08,25.0,Leather Belt,Levi's,,view,60,1778597805
68,buyer,Thailand,2024-06-14,70.0,Self Development Book,Penguin,Books,purchase,40,1778597805
unknown_user,casual,Indonesia,2024-05-24,37.0,Microwave Oven,Samsung,Home,click,250,1778597805
371,browser,Thailand,2025-04-30,,Dell XPS 13,Dell,,view,1800,1778597805
296,casual,Indonesia,2025-08-25,30.0,Watch,Casio,Fashion,view,250,1778597805
118,buyer,Malaysia,2024-10-05,1547.0,Running Shoes,Nike,Fashion,purchase,-480,1778597805
191,casual,Singapore,2026-04-26,52.0,Makeup Kit,Maybelline,Beauty,view,120,1778597805
422,browser,Malaysia,2025-01-15,37.0,Microwave Oven,Samsung,Home,view,250,1778597805
170,casual,Malaysia,2025-09-09,29.0,Sandals,Havaianas,Fashion,view,70,1778597805
unknown_user,casual,Malaysia,2026-02-12,7.0,Sony Headphones,Sony,Electronics,click,300,1778597805
249,browser,Singapore,2024-12-30,25.0,Leather Belt,Levi's,Fashion,click,60,1778597805
193,browser,Thailand,2024-11-23,1218.0,iPad Air,Apple,Electronics,view,6300,1778597805
410,casual,Malaysia,2026-01-28,52.0,Makeup Kit,Maybelline,Beauty,view,120,1778597805
261,browser,Malaysia,2025-10-23,43.0,Desk Lamp,Philips,Home,view,50,1778597805
115,buyer,Thailand,2025-04-06,,Dress,H&M,Fashion,purchase,1200,1778597805
49,browser,Malaysia,2026-02-08,39.0,Dining Table,Ikea,Home,view,800,1778597805
,casual,Malaysia,2024-08-31,68.0,Machine Learning Guide,O'Reilly,Books,click,-80,1778597805
338,browser,Singapore,2025-06-23,46.0,Face Cleanser,Nivea,Beauty,invalid,30,1778597805
236,browser,Malaysia,2024-10-16,23.0,Cap,Nike,Fashion,view,30,1778597805
394,browser,Malaysia,2026-03-09,65.0,Water Bottle,Stanley,Sports,view,25,1778597805
,browser,Indonesia,2026-04-01,52.0,Makeup Kit,Maybelline,Beauty,invalid,120,1778597805
229,casual,Malaysia,2025-12-07,15.0,Bluetooth Speaker,JBL,Electronics,click,120,1778597805
65,browser,Malaysia,2026-01-15,10.0,Gaming Laptop,Asus,Electronics,view,15400,1778597805
336,browser,Indonesia,2024-08-26,1.0,iPhone 15,Apple,Electronics,view,3600,1778597805
113,casual,Malaysia,2026-01-11,17.0,Sneakers,Adidas,Fashion,purchase,150,1778597805
unknown_user,browser,Malaysia,2025-02-27,28.0,Formal Shirt,Zara,Fashion,view,90,1778597805
,browser,Malaysia,2026-03-02,16.0,Running Shoes,Nike,Fashion,view,360,1778597805
342,buyer,Malaysia,2024-09-23,27.0,Sports Shorts,Nike,Fashion,invalid,-50,1778597805
431,browser,Malaysia,2025-04-03,61.0,Treadmill,Technogym,Sports,invalid,10500,1778597805
,casual,Vietnam,2024-07-23,3034.0,4K Monitor,LG,Electronics,click,600,1778597805
371,buyer,Malaysia,2026-04-01,41.0,Bed Frame,Ikea,Home,purchase,900,1778597805
unknown_user,browser,Malaysia,2025-12-09,1757.0,Office Chair,Ikea,Home,view,200,1778597805
405,browser,Singapore,2024-12-20,36.0,Electric Kettle,Tefal,Home,click,60,1778597805
272,buyer,Singapore,2024-08-17,65.0,Water Bottle,Stanley,Sports,purchase,25,1778597805
338,browser,Singapore,2024-06-23,42.0,Sofa,Ikea,Home,invalid,1200,1778597805
60,casual,Thailand,2024-12-22,36.0,Electric Kettle,Tefal,Home,click,-60,1778597805
88,browser,Singapore,2026-02-22,28.0,Formal Shirt,Zara,Fashion,click,90,1778597805
395,casual,Singapore,2026-05-09,65.0,Water Bottle,Stanley,Sports,click,-25,1778597805
325,buyer,Malaysia,2025-12-12,39.0,Dining Table,Ikea,Home,view,800,1778597805
,buyer,Singapore,2025-07-10,20.0,Jacket,Zara,Fashion,click,800,1778597805
unknown_user,browser,Thailand,2025-03-08,,Wall Clock,Generic,Home,view,40,1778597805
,browser,Singapore,2026-03-25,5.0,iPad Air,Apple,,click,900,1778597805
unknown_user,browser,Malaysia,2025-03-11,49.0,Perfume,Dior,,click,1050,1778597805
50,browser,Malaysia,2025-10-16,,Makeup Kit,Maybelline,Beauty,view,600,1778597805
42,casual,Malaysia,2025-07-16,27.0,Sports Shorts,Nike,Fashion,view,50,1778597805
470,browser,Thailand,2025-06-21,1193.0,Dining Table,Ikea,Home,view,-4800,1778597805
498,browser,Singapore,2024-10-05,3377.0,Jacket,Zara,Fashion,view,200,1778597805
454,buyer,Malaysia,2026-03-28,3254.0,Gym Bag,Nike,Sports,purchase,90,1778597805
178,casual,Thailand,2025-08-22,32.0,Air Fryer,Xiaomi,Home,click,180,1778597805
111,casual,Malaysia,2025-03-21,37.0,Microwave Oven,Samsung,Home,invalid,250,1778597805
449,casual,Thailand,2024-08-12,58.0,Tennis Racket,Wilson,Sports,view,200,1778597805
375,buyer,Singapore,2024-09-05,70.0,Self Development Book,Penguin,,purchase,40,1778597805
unknown_user,browser,Indonesia,2026-04-25,25.0,Leather Belt,Levi's,Fashion,view,60,1778597805
97,buyer,Malaysia,2024-09-03,2599.0,Samsung Galaxy S23,Samsung,Electronics,click,1000,1778597805
374,browser,Vietnam,2024-10-27,4.0,Dell XPS 13,Dell,Electronics,view,1800,1778597805
121,browser,Singapore,2025-09-06,16.0,Running Shoes,Nike,,view,-120,1778597805
151,casual,Thailand,2024-09-14,20.0,Jacket,Zara,Fashion,view,200,1778597805
277,browser,Malaysia,2024-12-25,70.0,Self Development Book,Penguin,Books,click,40,1778597805
unknown_user,buyer,Malaysia,2025-09-04,54.0,Body Lotion,Dove,Beauty,view,25,1778597805
,browser,Indonesia,2025-04-25,,Sneakers,Adidas,Fashion,view,150,1778597805
,browser,Philippines,2025-02-08,,Treadmill,Technogym,Sports,click,4500,1778597805
462,buyer,Vietnam,2025-05-15,16.0,Running Shoes,Nike,Fashion,view,120,1778597805
,casual,Singapore,2026-03-16,62.0,Cycling Helmet,Giro,,purchase,80,1778597805
310,browser,Singapore,2024-08-20,6.0,Samsung Tablet,Samsung,Electronics,view,700,1778597805
unknown_user,buyer,Thailand,2026-03-14,22.0,Hoodie,Puma,Fashion,view,720,1778597805
267,casual,Indonesia,2025-01-15,64.0,Gym Bag,Nike,Sports,purchase,90,1778597805
462,browser,Singapore,2025-05-19,,Sunglasses,Ray-Ban,Fashion,view,180,1778597805
474,casual,Thailand,2026-03-30,47.0,Moisturizer,Nivea,Beauty,click,40,1778597805
297,browser,Malaysia,2025-04-16,16.0,Running Shoes,Nike,Fashion,view,120,1778597805
158,casual,Singapore,2025-07-08,3.0,MacBook Pro,Apple,Electronics,click,2500,1778597805
233,browser,Malaysia,2025-06-14,65.0,Water Bottle,Stanley,Sports,click,25,1778597805
19,browser,Thailand,2025-05-04,2.0,Samsung Galaxy S23,Samsung,Electronics,view,1000,1778597805
275,browser,Indonesia,2024-09-07,1734.0,Running Shoes,Nike,Fashion,view,120,1778597805
329,buyer,Malaysia,2024-06-01,3674.0,Lipstick,Maybelline,Beauty,purchase,25,1778597805
,browser,Malaysia,2025-12-15,9.0,Smart Watch,Fitbit,Electronics,purchase,400,1778597805
,browser,Malaysia,2025-10-10,31.0,Coffee Maker,Philips,Home,click,1050,1778597805
456,casual,Malaysia,2025-06-26,49.0,Perfume,Dior,Beauty,purchase,-600,1778597805
unknown_user,buyer,Thailand,2025-12-20,1.0,iPhone 15,Apple,Electronics,view,1200,1778597805
353,casual,Singapore,2024-09-15,26.0,Backpack,Adidas,Fashion,view,100,1778597805
118,buyer,Indonesia,2025-04-04,65.0,Water Bottle,Stanley,Sports,invalid,25,1778597805
299,browser,Indonesia,2024-09-04,14.0,External SSD,Samsung,Electronics,invalid,200,1778597805
61,browser,Malaysia,2026-03-20,1019.0,Electric Kettle,Tefal,Home,purchase,60,1778597805
,casual,Malaysia,2025-08-05,33.0,Vacuum Cleaner,Dyson,Home,click,300,1778597805
69,browser,Singapore,2025-04-20,1111.0,Dress,H&M,Fashion,view,120,1778597805
53,browser,Malaysia,2024-08-08,20.0,Jacket,Zara,Fashion,view,200,1778597805
343,browser,Thailand,2025-06-05,1084.0,Tennis Racket,Wilson,Sports,view,200,1778597805
361,browser,Malaysia,2025-02-14,12.0,Wireless Mouse,Logitech,,view,-80,1778597805
210,casual,Thailand,2026-03-08,70.0,Self Development Book,Penguin,Books,click,40,1778597805
292,buyer,Malaysia,2025-09-26,49.0,Perfume,Dior,Beauty,click,900,1778597805
,buyer,Vietnam,2024-09-09,61.0,Treadmill,Technogym,Sports,view,1500,1778597805
453,browser,Singapore,2026-04-11,11.0,Mechanical Keyboard,Logitech,Electronics,view,150,1778597805
224,browser,Vietnam,2025-07-24,40.0,Office Chair,Ikea,Home,invalid,200,1778597805
174,browser,Malaysia,2026-02-18,4.0,Dell XPS 13,Dell,Electronics,view,10800,1778597805
484,buyer,Malaysia,2024-12-06,3.0,MacBook Pro,Apple,Electronics,view,2500,1778597805
289,casual,Malaysia,2024-10-28,69.0,Business Strategy Book,Harvard Press,Books,purchase,360,1778597805
82,buyer,Thailand,2024-11-16,23.0,Cap,Nike,Fashion,purchase,30,1778597805
447,browser,Singapore,2024-11-04,65.0,Water Bottle,Stanley,Sports,view,25,1778597805
160,browser,Malaysia,2025-11-27,25.0,Leather Belt,Levi's,Fashion,purchase,420,1778597805
73,browser,Thailand,2026-04-22,3012.0,Watch,Casio,Fashion,view,250,1778597805
153,buyer,Thailand,2026-03-18,4038.0,Jeans,Levi's,Fashion,view,80,1778597805
,browser,Singapore,2025-12-06,,Gaming Laptop,Asus,Electronics,click,2200,1778597805
485,browser,Thailand,2026-04-28,17.0,Sneakers,Adidas,Fashion,view,150,1778597805
228,casual,Malaysia,2025-11-15,39.0,Dining Table,Ikea,Home,view,800,1778597805
183,casual,Malaysia,2026-03-08,14.0,External SSD,Samsung,Electronics,click,200,1778597805
375,browser,Indonesia,2025-10-14,53.0,Sunscreen,Nivea,Beauty,view,35,1778597805
266,buyer,Malaysia,2025-11-08,67.0,Data Science Handbook,Packt,Books,invalid,70,1778597805
217,buyer,Singapore,2025-07-16,19.0,T-Shirt,Uniqlo,Fashion,click,40,1778597805
,buyer,Thailand,2026-03-14,10.0,Gaming Laptop,Asus,Electronics,view,-2200,1778597805
360,browser,Malaysia,2025-02-10,29.0,Sandals,Havaianas,Fashion,view,700,1778597805
323,browser,Malaysia,2026-03-02,18.0,Jeans,Levi's,Fashion,view,80,1778597805
493,browser,Malaysia,2025-03-25,2380.0,Coffee Maker,Philips,Home,view,150,1778597805
380,casual,Malaysia,2024-08-10,23.0,Cap,Nike,Fashion,view,30,1778597805
488,browser,Malaysia,2025-01-09,33.0,Vacuum Cleaner,Dyson,Home,view,300,1778597805
368,browser,Thailand,2026-03-27,3343.0,Samsung Tablet,Samsung,Electronics,view,700,1778597805
,casual,Malaysia,2024-06-16,18.0,Jeans,Levi's,Fashion,click,80,1778597805
123,browser,Malaysia,2025-11-11,44.0,Curtains,Ikea,,view,120,1778597805
,browser,Malaysia,2024-07-09,4087.0,Rice Cooker,Panasonic,Home,view,120,1778597805
,browser,Singapore,2026-03-01,41.0,Bed Frame,Ikea,Home,purchase,900,1778597805
85,casual,Malaysia,2024-08-12,64.0,Gym Bag,Nike,Sports,click,90,1778597805
,browser,Malaysia,2024-05-25,3154.0,Wireless Mouse,Logitech,Electronics,view,80,1778597805
41,browser,Thailand,2024-11-21,31.0,Coffee Maker,Philips,Home,view,150,1778597805
108,browser,Malaysia,2026-05-06,3731.0,Dumbbells,Decathlon,Sports,view,150,1778597805
,buyer,Malaysia,2025-01-13,65.0,Water Bottle,Stanley,Sports,purchase,25,1778597805
166,buyer,Singapore,2025-11-12,45.0,Wall Clock,Generic,Home,view,40,1778597805
243,casual,Malaysia,2026-05-03,31.0,Coffee Maker,Philips,Home,click,150,1778597805
414,buyer,Singapore,2025-11-09,4422.0,Basketball,Nike,Sports,view,50,1778597805
,buyer,Thailand,2024-08-11,16.0,Running Shoes,Nike,Fashion,purchase,120,1778597805
392,casual,Thailand,2024-05-17,57.0,Basketball,Nike,Sports,purchase,50,1778597805
49,browser,Singapore,2024-10-12,56.0,Football,Adidas,Sports,view,40,1778597805
356,browser,Thailand,2025-12-09,40.0,Office Chair,Ikea,,invalid,200,1778597805
403,browser,Malaysia,2025-03-14,,Gaming Laptop,Asus,Electronics,view,6600,1778597805
136,casual,Indonesia,2026-01-28,26.0,Backpack,Adidas,Fashion,view,400,1778597805
unknown_user,casual,Philippines,2024-10-14,3707.0,Bluetooth Speaker,JBL,Electronics,purchase,120,1778597805
unknown_user,browser,Vietnam,2026-01-08,35.0,Rice Cooker,Panasonic,Home,click,120,1778597805
420,browser,Malaysia,2025-05-12,5.0,iPad Air,Apple,Electronics,invalid,900,1778597805
443,buyer,Singapore,2024-10-27,51.0,Hair Dryer,Philips,Beauty,purchase,80,1778597805
297,browser,Malaysia,2024-07-04,63.0,Skipping Rope,Decathlon,Sports,view,-20,1778597805
98,casual,Singapore,2025-06-06,16.0,Running Shoes,Nike,Fashion,view,120,1778597805
495,buyer,Thailand,2024-07-30,2067.0,Hair Dryer,Philips,Beauty,purchase,80,1778597805
336,buyer,Malaysia,2025-01-22,3071.0,External SSD,Samsung,Electronics,invalid,200,1778597805
176,casual,Malaysia,2025-11-16,2.0,Samsung Galaxy S23,Samsung,Electronics,invalid,-1000,1778597805
382,buyer,Indonesia,2025-04-27,,Curtains,Ikea,,click,360,1778597805
unknown_user,casual,Malaysia,2024-09-22,23.0,Cap,Nike,Fashion,view,30,1778597805
,casual,Malaysia,2025-04-03,30.0,Watch,Casio,Fashion,view,2500,1778597805
unknown_user,buyer,Thailand,2026-02-01,26.0,Backpack,Adidas,Fashion,purchase,100,1778597805
312,browser,Singapore,2025-06-10,3886.0,Wireless Mouse,Logitech,Electronics,view,80,1778597805
448,casual,Malaysia,2024-11-08,39.0,Dining Table,Ikea,Home,invalid,-800,1778597805
145,browser,Malaysia,2026-01-19,32.0,Air Fryer,Xiaomi,,view,180,1778597805
413,casual,Thailand,2025-04-13,3.0,MacBook Pro,Apple,Electronics,view,2500,1778597805
430,browser,Malaysia,2024-07-13,4.0,Dell XPS 13,Dell,Electronics,purchase,1800,1778597805
479,browser,Singapore,2025-05-11,56.0,Football,Adidas,Sports,view,40,1778597805
380,buyer,Malaysia,2024-12-20,53.0,Sunscreen,Nivea,Beauty,purchase,35,1778597805
137,casual,Thailand,2026-03-26,41.0,Bed Frame,Ikea,Home,view,900,1778597805
,casual,Indonesia,2026-01-16,53.0,Sunscreen,Nivea,Beauty,click,315,1778597805
unknown_user,buyer,Singapore,2024-07-30,,Electric Kettle,Tefal,Home,purchase,60,1778597805
108,casual,Thailand,2026-02-18,60.0,Dumbbells,Decathlon,Sports,purchase,150,1778597805
237,casual,Thailand,2025-06-15,43.0,Desk Lamp,Philips,,invalid,50,1778597805
286,browser,Vietnam,2026-02-20,50.0,Shampoo,Dove,Beauty,view,20,1778597805
376,browser,Indonesia,2026-02-25,56.0,Football,Adidas,Sports,view,40,1778597805
436,casual,Thailand,2025-06-08,1431.0,Sunglasses,Ray-Ban,Fashion,view,-180,1778597805
43,casual,Thailand,2026-03-30,39.0,Dining Table,Ikea,Home,click,800,1778597805
306,browser,Singapore,2025-03-08,4.0,Dell XPS 13,Dell,Electronics,view,-9000,1778597805
,casual,Malaysia,2026-02-25,,Toaster,Philips,Home,view,-70,1778597805
unknown_user,browser,Singapore,2024-08-23,43.0,Desk Lamp,Philips,Home,view,50,1778597805
337,browser,Singapore,2025-04-08,30.0,Watch,Casio,Fashion,click,250,1778597805
unknown_user,buyer,Thailand,2025-12-01,1512.0,Office Chair,Ikea,Home,purchase,200,1778597805
,casual,Malaysia,2024-07-03,10.0,Gaming Laptop,Asus,,view,2200,1778597805
347,casual,Indonesia,2025-03-28,55.0,Nail Polish,O.P.I,,purchase,15,1778597805
273,browser,Thailand,2025-03-17,16.0,Running Shoes,Nike,Fashion,invalid,120,1778597805
114,browser,Singapore,2025-01-16,24.0,Sunglasses,Ray-Ban,Fashion,view,180,1778597805
unknown_user,browser,Malaysia,2025-06-12,48.0,Lipstick,Maybelline,Beauty,view,25,1778597805
,browser,Thailand,2025-10-28,42.0,Sofa,Ikea,,view,-1200,1778597805
469,casual,Malaysia,2024-05-23,14.0,External SSD,Samsung,Electronics,view,400,1778597805
,browser,Malaysia,2025-04-01,60.0,Dumbbells,Decathlon,Sports,view,150,1778597805
379,casual,Indonesia,2026-03-11,54.0,Body Lotion,Dove,,click,25,1778597805
281,casual,Thailand,2025-01-25,33.0,Vacuum Cleaner,Dyson,Home,purchase,300,1778597805
68,casual,Malaysia,2025-03-26,13.0,4K Monitor,LG,,invalid,600,1778597805
30,browser,Indonesia,2025-01-26,21.0,Dress,H&M,Fashion,view,-120,1778597805
131,browser,Thailand,2024-05-30,5.0,iPad Air,Apple,,view,-900,1778597805
15,buyer,Malaysia,2024-10-27,36.0,Electric Kettle,Tefal,Home,purchase,-60,1778597805
473,browser,Thailand,2025-06-12,17.0,Sneakers,Adidas,Fashion,click,-150,1778597805
422,casual,Malaysia,2025-09-16,54.0,Body Lotion,Dove,Beauty,click,25,1778597805
179,browser,Philippines,2025-07-06,7.0,Sony Headphones,Sony,Electronics,view,300,1778597805
125,browser,Malaysia,2024-08-13,62.0,Cycling Helmet,Giro,Sports,view,80,1778597805
,browser,Malaysia,2024-10-28,47.0,Moisturizer,Nivea,Beauty,view,40,1778597805
262,browser,Singapore,2025-08-12,70.0,Self Development Book,Penguin,Books,click,40,1778597805
unknown_user,browser,Philippines,2024-09-29,14.0,External SSD,Samsung,Electronics,view,200,1778597805
469,browser,Indonesia,2025-07-02,69.0,Business Strategy Book,Harvard Press,Books,purchase,60,1778597805
440,browser,Malaysia,2024-09-22,59.0,Yoga Mat,Decathlon,Sports,view,60,1778597805
309,browser,Singapore,2025-04-16,47.0,Moisturizer,Nivea,Beauty,view,40,1778597805
361,casual,Indonesia,2024-05-19,31.0,Coffee Maker,Philips,Home,view,150,1778597805
285,browser,Vietnam,2025-05-14,49.0,Perfume,Dior,,view,150,1778597805
138,browser,Malaysia,2025-10-16,44.0,Curtains,Ikea,Home,view,120,1778597805
,casual,Vietnam,2024-08-07,59.0,Yoga Mat,Decathlon,Sports,click,60,1778597805
,browser,Malaysia,2026-02-24,45.0,Wall Clock,Generic,Home,purchase,40,1778597805
360,browser,Thailand,2025-01-20,30.0,Watch,Casio,Fashion,invalid,250,1778597805
unknown_user,browser,Malaysia,2025-11-29,26.0,Backpack,Adidas,,view,100,1778597805
,browser,Malaysia,2025-07-29,53.0,Sunscreen,Nivea,Beauty,view,35,1778597805
230,browser,Malaysia,2024-11-11,56.0,Football,Adidas,Sports,click,120,1778597805
,buyer,Malaysia,2025-08-14,30.0,Watch,Casio,Fashion,purchase,250,1778597805
497,browser,Malaysia,2024-11-02,49.0,Perfume,Dior,Beauty,view,150,1778597805
129,buyer,Philippines,2025-03-14,49.0,Perfume,Dior,Beauty,view,150,1778597805
254,browser,Malaysia,2025-11-21,17.0,Sneakers,Adidas,,view,150,1778597805
367,buyer,Singapore,2025-11-09,63.0,Skipping Rope,Decathlon,Sports,purchase,20,1778597805
,casual,Malaysia,2024-06-11,63.0,Skipping Rope,Decathlon,Sports,view,20,1778597805
249,browser,Philippines,2025-06-24,23.0,Cap,Nike,Fashion,view,-30,1778597805
220,browser,Malaysia,2025-09-10,4313.0,Wireless Mouse,Logitech,,view,240,1778597805
,buyer,Malaysia,2026-03-29,62.0,Cycling Helmet,Giro,Sports,purchase,80,1778597805
355,browser,Singapore,2025-11-16,63.0,Skipping Rope,Decathlon,Sports,view,140,1778597805
352,browser,Thailand,2024-09-11,,Moisturizer,Nivea,Beauty,view,40,1778597805
323,casual,Thailand,2025-12-18,4.0,Dell XPS 13,Dell,Electronics,view,1800,1778597805
,browser,Singapore,2025-02-11,38.0,Toaster,Philips,,view,70,1778597805
345,browser,Singapore,2024-10-22,17.0,Sneakers,Adidas,Fashion,invalid,150,1778597805
400,casual,Thailand,2025-02-20,,Formal Shirt,Zara,Fashion,invalid,90,1778597805
unknown_user,casual,Malaysia,2025-12-31,20.0,Jacket,Zara,Fashion,view,200,1778597805
149,casual,Malaysia,2024-09-24,17.0,Sneakers,Adidas,Fashion,view,150,1778597805
,buyer,Philippines,2024-05-30,4.0,Dell XPS 13,Dell,Electronics,click,3600,1778597805
469,casual,Singapore,2026-03-28,54.0,Body Lotion,Dove,Beauty,view,200,1778597805
483,browser,Indonesia,2025-04-04,22.0,Hoodie,Puma,Fashion,click,-90,1778597805
181,casual,Singapore,2024-11-24,53.0,Sunscreen,Nivea,Beauty,click,-35,1778597805
,browser,Malaysia,2024-09-04,48.0,Lipstick,Maybelline,Beauty,purchase,-25,1778597805
260,buyer,Malaysia,2026-03-19,34.0,Blender,Philips,Home,view,100,1778597805
unknown_user,casual,Singapore,2024-11-21,11.0,Mechanical Keyboard,Logitech,Electronics,invalid,150,1778597805
427,buyer,Indonesia,2024-07-01,64.0,Gym Bag,Nike,Sports,click,90,1778597805
459,buyer,Malaysia,2026-01-21,32.0,Air Fryer,Xiaomi,Home,invalid,180,1778597805
313,casual,Malaysia,2026-01-11,45.0,Wall Clock,Generic,Home,click,40,1778597805
499,casual,Indonesia,2026-04-26,36.0,Electric Kettle,Tefal,Home,purchase,60,1778597805
130,browser,Malaysia,2024-12-25,58.0,Tennis Racket,Wilson,,view,200,1778597805
353,browser,Singapore,2025-04-09,2.0,Samsung Galaxy S23,Samsung,Electronics,view,7000,1778597805
112,casual,Indonesia,2025-03-23,13.0,4K Monitor,LG,,view,-600,1778597805
84,casual,Singapore,2024-12-07,18.0,Jeans,Levi's,Fashion,click,80,1778597805
193,browser,Malaysia,2024-11-23,66.0,Python Programming Book,O'Reilly,Books,view,50,1778597805
211,casual,Singapore,2025-02-17,44.0,Curtains,Ikea,Home,view,120,1778597805
404,buyer,Singapore,2024-09-19,62.0,Cycling Helmet,Giro,Sports,purchase,-80,1778597805
,buyer,Philippines,2026-03-04,51.0,Hair Dryer,Philips,Beauty,purchase,80,1778597805
361,casual,Thailand,2025-09-19,,Sofa,Ikea,Home,view,1200,1778597805
438,browser,Philippines,2024-09-23,27.0,Sports Shorts,Nike,Fashion,view,50,1778597805
240,casual,Singapore,2024-11-05,31.0,Coffee Maker,Philips,Home,click,150,1778597805
173,browser,Singapore,2024-09-02,,T-Shirt,Uniqlo,Fashion,click,40,1778597805
,casual,Singapore,2025-08-24,,Blender,Philips,Home,view,100,1778597805
21,casual,Singapore,2025-10-15,40.0,Office Chair,Ikea,Home,view,200,1778597805
416,buyer,Malaysia,2025-01-21,4927.0,Gaming Laptop,Asus,Electronics,view,2200,1778597805
66,casual,Singapore,2024-07-28,26.0,Backpack,Adidas,Fashion,click,100,1778597805
271,browser,Singapore,2026-05-05,,Machine Learning Guide,O'Reilly,Books,view,80,1778597805
unknown_user,casual,Thailand,2024-09-24,49.0,Perfume,Dior,Beauty,view,1500,1778597805
59,browser,Singapore,2026-03-19,60.0,Dumbbells,Decathlon,,click,150,1778597805
311,browser,Thailand,2024-07-24,55.0,Nail Polish,O.P.I,Beauty,view,15,1778597805
234,browser,Singapore,2025-09-18,,Sony Headphones,Sony,Electronics,view,300,1778597805
,casual,Malaysia,2025-01-21,,Lipstick,Maybelline,Beauty,invalid,25,1778597805
105,browser,Philippines,2025-03-15,62.0,Cycling Helmet,Giro,Sports,view,80,1778597805
69,casual,Singapore,2026-02-25,1.0,iPhone 15,Apple,Electronics,view,1200,1778597805
unknown_user,browser,Thailand,2025-07-31,53.0,Sunscreen,Nivea,Beauty,invalid,35,1778597805
446,browser,Malaysia,2026-01-16,6.0,Samsung Tablet,Samsung,Electronics,click,700,1778597805
unknown_user,casual,Malaysia,2025-06-03,22.0,Hoodie,Puma,Fashion,invalid,900,1778597805
289,buyer,Singapore,2024-08-19,64.0,Gym Bag,Nike,Sports,click,90,1778597805
385,browser,Malaysia,2025-01-21,66.0,Python Programming Book,O'Reilly,Books,view,50,1778597805
70,browser,Singapore,2026-03-10,63.0,Skipping Rope,Decathlon,Sports,purchase,20,1778597805
406,browser,Singapore,2025-04-21,24.0,Sunglasses,Ray-Ban,Fashion,view,180,1778597805
15,casual,Singapore,2024-11-13,54.0,Body Lotion,Dove,Beauty,click,-25,1778597805
279,buyer,Vietnam,2024-06-11,21.0,Dress,H&M,Fashion,purchase,-120,1778597805
291,browser,Malaysia,2025-07-25,30.0,Watch,Casio,Fashion,view,250,1778597805
,casual,Thailand,2025-09-29,8.0,AirPods Pro,Apple,Electronics,view,250,1778597805
10,browser,Malaysia,2026-03-23,33.0,Vacuum Cleaner,Dyson,Home,view,300,1778597805
466,casual,Singapore,2024-08-02,3807.0,Business Strategy Book,Harvard Press,Books,view,60,1778597805
215,browser,Indonesia,2026-04-24,12.0,Wireless Mouse,Logitech,Electronics,purchase,80,1778597805
362,buyer,Thailand,2026-01-21,1479.0,Dell XPS 13,Dell,Electronics,purchase,1800,1778597805
1,casual,Malaysia,2026-01-16,54.0,Body Lotion,Dove,Beauty,click,25,1778597805
40,casual,Singapore,2024-10-24,6.0,Samsung Tablet,Samsung,Electronics,view,4200,1778597805
475,browser,Malaysia,2025-10-13,40.0,Office Chair,Ikea,Home,invalid,200,1778597805
unknown_user,browser,Malaysia,2024-09-01,25.0,Leather Belt,Levi's,Fashion,view,60,1778597805
1,buyer,Thailand,2025-05-11,38.0,Toaster,Philips,Home,click,70,1778597805
unknown_user,casual,Malaysia,2025-10-07,,Moisturizer,Nivea,Beauty,invalid,40,1778597805
266,browser,Thailand,2025-10-13,22.0,Hoodie,Puma,Fashion,invalid,-90,1778597805
unknown_user,browser,Singapore,2025-09-22,22.0,Hoodie,Puma,Fashion,click,90,1778597805
15,buyer,Philippines,2026-04-21,20.0,Jacket,Zara,Fashion,purchase,200,1778597805
31,browser,Singapore,2025-08-06,17.0,Sneakers,Adidas,Fashion,view,150,1778597805
,casual,Malaysia,2025-01-12,66.0,Python Programming Book,O'Reilly,Books,click,50,1778597805
unknown_user,browser,Singapore,2024-06-17,18.0,Jeans,Levi's,Fashion,purchase,80,1778597805
149,browser,Singapore,2025-04-23,35.0,Rice Cooker,Panasonic,Home,click,240,1778597805
306,buyer,Indonesia,2025-09-18,3414.0,Formal Shirt,Zara,Fashion,click,90,1778597805
196,browser,Malaysia,2025-01-14,29.0,Sandals,Havaianas,Fashion,view,70,1778597805
11,browser,Indonesia,2025-09-15,,Microwave Oven,Samsung,Home,view,250,1778597805
75,casual,Thailand,2024-06-29,47.0,Moisturizer,Nivea,Beauty,click,40,1778597805
74,casual,Malaysia,2024-05-20,6.0,Samsung Tablet,Samsung,Electronics,view,700,1778597805
180,browser,Indonesia,2025-06-12,8.0,AirPods Pro,Apple,Electronics,view,-250,1778597805
91,browser,Singapore,2026-03-04,57.0,Basketball,Nike,Sports,view,50,1778597805
238,browser,Singapore,2025-05-26,49.0,Perfume,Dior,Beauty,invalid,150,1778597805
284,browser,Singapore,2024-08-25,56.0,Football,Adidas,,view,400,1778597805
259,casual,Indonesia,2024-09-25,4565.0,Bed Frame,Ikea,Home,view,5400,1778597805
unknown_user,browser,Malaysia,2025-06-02,52.0,Makeup Kit,Maybelline,Beauty,click,120,1778597805
55,casual,Singapore,2025-10-23,6.0,Samsung Tablet,Samsung,Electronics,click,700,1778597805
322,buyer,Singapore,2025-03-25,38.0,Toaster,Philips,Home,click,70,1778597805
309,browser,Malaysia,2025-01-03,,Dumbbells,Decathlon,,invalid,150,1778597805
1,buyer,Indonesia,2025-05-24,47.0,Moisturizer,Nivea,Beauty,purchase,40,1778597805
,browser,Philippines,2025-09-14,10.0,Gaming Laptop,Asus,Electronics,view,2200,1778597805
111,browser,Malaysia,2025-03-12,39.0,Dining Table,Ikea,,view,-800,1778597805
unknown_user,casual,Singapore,2024-10-12,13.0,4K Monitor,LG,Electronics,view,600,1778597805
472,browser,Malaysia,2026-03-23,,Sofa,Ikea,Home,view,1200,1778597805
unknown_user,buyer,Indonesia,2024-07-27,,Hoodie,Puma,Fashion,invalid,-90,1778597805
163,casual,Philippines,2025-08-06,44.0,Curtains,Ikea,,view,120,1778597805
133,casual,Malaysia,2025-10-30,37.0,Microwave Oven,Samsung,,invalid,250,1778597805
6,casual,Malaysia,2024-09-08,25.0,Leather Belt,Levi's,Fashion,click,60,1778597805
85,buyer,Singapore,2024-08-01,25.0,Leather Belt,Levi's,Fashion,purchase,60,1778597805
397,browser,Malaysia,2026-03-06,65.0,Water Bottle,Stanley,Sports,view,25,1778597805
193,browser,Malaysia,2026-05-01,15.0,Bluetooth Speaker,JBL,Electronics,view,120,1778597805
,buyer,Vietnam,2026-03-12,1505.0,Office Chair,Ikea,Home,click,1200,1778597805
437,browser,Malaysia,2025-04-22,9.0,Smart Watch,Fitbit,Electronics,view,400,1778597805
475,browser,Malaysia,2025-09-01,61.0,Treadmill,Technogym,Sports,view,1500,1778597805
13,browser,Malaysia,2026-03-03,48.0,Lipstick,Maybelline,,purchase,25,1778597805
332,browser,Thailand,2025-09-11,,iPhone 15,Apple,Electronics,view,10800,1778597805
112,browser,Malaysia,2024-12-18,33.0,Vacuum Cleaner,Dyson,Home,click,300,1778597805
unknown_user,browser,Malaysia,2025-07-06,32.0,Air Fryer,Xiaomi,Home,click,1800,1778597805
340,browser,Indonesia,2024-12-31,2879.0,Football,Adidas,Sports,view,80,1778597805
496,browser,Singapore,2025-09-04,24.0,Sunglasses,Ray-Ban,Fashion,view,180,1778597805
387,browser,Malaysia,2025-03-21,21.0,Dress,H&M,Fashion,click,120,1778597805
378,buyer,Malaysia,2025-03-06,50.0,Shampoo,Dove,Beauty,purchase,20,1778597805
2,browser,Philippines,2025-01-29,11.0,Mechanical Keyboard,Logitech,Electronics,view,-150,1778597805
332,buyer,Malaysia,2026-05-02,56.0,Football,Adidas,,click,40,1778597805
331,buyer,Thailand,2026-02-20,42.0,Sofa,Ikea,Home,click,1200,1778597805
128,buyer,Thailand,2024-12-06,52.0,Makeup Kit,Maybelline,Beauty,view,120,1778597805
214,browser,Philippines,2024-06-07,1628.0,Gaming Laptop,Asus,Electronics,view,2200,1778597805
266,browser,Malaysia,2024-10-01,11.0,Mechanical Keyboard,Logitech,Electronics,view,600,1778597805
,browser,Singapore,2026-02-07,57.0,Basketball,Nike,Sports,view,50,1778597805
274,buyer,Malaysia,2025-06-25,45.0,Wall Clock,Generic,Home,purchase,40,1778597805
367,browser,Indonesia,2024-08-25,56.0,Football,Adidas,Sports,invalid,40,1778597805
434,casual,Singapore,2024-10-22,69.0,Business Strategy Book,Harvard Press,Books,purchase,60,1778597805
324,browser,Thailand,2025-03-03,64.0,Gym Bag,Nike,Sports,view,90,1778597805
,browser,Indonesia,2025-10-02,55.0,Nail Polish,O.P.I,Beauty,view,15,1778597805
221,casual,Indonesia,2024-05-26,51.0,Hair Dryer,Philips,Beauty,click,320,1778597805
477,buyer,Singapore,2025-07-03,65.0,Water Bottle,Stanley,Sports,purchase,25,1778597805
,browser,Thailand,2026-03-21,24.0,Sunglasses,Ray-Ban,Fashion,view,180,1778597805
351,browser,Vietnam,2025-01-13,66.0,Python Programming Book,O'Reilly,,view,50,1778597805
361,casual,Malaysia,2025-03-07,,Machine Learning Guide,O'Reilly,Books,view,80,1778597805
142,browser,Malaysia,2025-07-14,6.0,Samsung Tablet,Samsung,Electronics,view,700,1778597805
299,buyer,Singapore,2025-03-14,45.0,Wall Clock,Generic,Home,view,-40,1778597805
220,buyer,Singapore,2026-04-09,9.0,Smart Watch,Fitbit,Electronics,click,-400,1778597805
320,buyer,Singapore,2025-08-29,28.0,Formal Shirt,Zara,Fashion,view,90,1778597805
,browser,Singapore,2025-10-28,39.0,Dining Table,Ikea,Home,view,4800,1778597805
157,buyer,Indonesia,2025-12-01,,Wall Clock,Generic,Home,click,-40,1778597805
91,browser,Thailand,2025-04-25,59.0,Yoga Mat,Decathlon,Sports,view,60,1778597805
408,browser,Malaysia,2025-01-23,70.0,Self Development Book,Penguin,Books,purchase,40,1778597805
123,browser,Singapore,2026-03-16,1.0,iPhone 15,Apple,Electronics,view,1200,1778597805
285,casual,Malaysia,2025-01-30,36.0,Electric Kettle,Tefal,Home,invalid,60,1778597805
395,browser,Indonesia,2025-09-04,43.0,Desk Lamp,Philips,Home,click,50,1778597805
184,buyer,Malaysia,2025-04-30,55.0,Nail Polish,O.P.I,,invalid,15,1778597805
165,browser,Indonesia,2025-12-05,29.0,Sandals,Havaianas,Fashion,view,70,1778597805
116,buyer,Malaysia,2025-01-25,53.0,Sunscreen,Nivea,Beauty,purchase,35,1778597805
,casual,Malaysia,2025-05-24,56.0,Football,Adidas,Sports,purchase,240,1778597805
unknown_user,buyer,Singapore,2024-07-03,3.0,MacBook Pro,Apple,Electronics,purchase,7500,1778597805
190,casual,Malaysia,2024-06-17,47.0,Moisturizer,Nivea,Beauty,invalid,-40,1778597805
467,browser,Malaysia,2025-10-01,,Bed Frame,Ikea,,view,900,1778597805
135,browser,Philippines,2025-07-22,41.0,Bed Frame,Ikea,Home,view,900,1778597805
unknown_user,buyer,Malaysia,2025-01-18,1168.0,Jacket,Zara,Fashion,view,200,1778597805
439,browser,Malaysia,2025-05-25,45.0,Wall Clock,Generic,Home,view,320,1778597805
,casual,Singapore,2026-04-17,35.0,Rice Cooker,Panasonic,Home,view,120,1778597805
377,casual,Indonesia,2025-02-25,44.0,Curtains,Ikea,,view,120,1778597805
120,browser,Singapore,2025-09-18,3.0,MacBook Pro,Apple,Electronics,view,2500,1778597805
459,casual,Indonesia,2025-02-16,12.0,Wireless Mouse,Logitech,,invalid,-80,1778597805
488,browser,Malaysia,2024-08-02,,Perfume,Dior,Beauty,view,150,1778597805
331,browser,Malaysia,2024-08-03,29.0,Sandals,Havaianas,Fashion,view,70,1778597805
,buyer,Malaysia,2025-02-09,13.0,4K Monitor,LG,Electronics,click,600,1778597805
409,browser,Malaysia,2025-07-22,38.0,Toaster,Philips,Home,view,70,1778597805
unknown_user,buyer,Malaysia,2025-03-29,2835.0,Microwave Oven,Samsung,Home,view,250,1778597805
,casual,Indonesia,2024-09-16,32.0,Air Fryer,Xiaomi,,purchase,180,1778597805
300,buyer,Indonesia,2025-10-05,39.0,Dining Table,Ikea,,purchase,800,1778597805
164,browser,Singapore,2025-03-21,,Cycling Helmet,Giro,,view,80,1778597805
373,buyer,Malaysia,2025-02-08,61.0,Treadmill,Technogym,Sports,click,1500,1778597805
335,casual,Indonesia,2025-06-11,22.0,Hoodie,Puma,Fashion,view,90,1778597805
482,casual,Indonesia,2025-06-24,52.0,Makeup Kit,Maybelline,Beauty,view,840,1778597805
12,buyer,Indonesia,2024-12-08,44.0,Curtains,Ikea,Home,invalid,120,1778597805
,browser,Malaysia,2025-10-17,30.0,Watch,Casio,Fashion,view,250,1778597805
10,buyer,Philippines,2025-05-27,18.0,Jeans,Levi's,Fashion,purchase,80,1778597805
156,browser,Singapore,2025-08-26,45.0,Wall Clock,Generic,Home,view,40,1778597805
unknown_user,casual,Indonesia,2025-05-10,,Nail Polish,O.P.I,Beauty,purchase,30,1778597805
unknown_user,casual,Singapore,2025-05-29,69.0,Business Strategy Book,Harvard Press,Books,click,540,1778597805
165,casual,Singapore,2025-07-31,2032.0,Curtains,Ikea,Home,purchase,120,1778597805
284,buyer,Thailand,2024-08-07,67.0,Data Science Handbook,Packt,Books,view,70,1778597805
,casual,Singapore,2024-06-19,2235.0,Office Chair,Ikea,,click,200,1778597805
470,browser,Thailand,2026-04-17,34.0,Blender,Philips,Home,click,100,1778597805
141,browser,Philippines,2024-06-19,31.0,Coffee Maker,Philips,Home,view,150,1778597805
88,buyer,Philippines,2026-01-09,45.0,Wall Clock,Generic,Home,purchase,40,1778597805
335,browser,Malaysia,2024-08-04,69.0,Business Strategy Book,Harvard Press,Books,view,-60,1778597805
415,casual,Malaysia,2024-08-01,31.0,Coffee Maker,Philips,Home,view,150,1778597805
138,casual,Malaysia,2025-10-27,46.0,Face Cleanser,Nivea,,view,30,1778597805
unknown_user,browser,Indonesia,2025-03-14,12.0,Wireless Mouse,Logitech,Electronics,view,-80,1778597805
26,casual,Malaysia,2025-07-01,12.0,Wireless Mouse,Logitech,Electronics,click,80,1778597805
189,buyer,Indonesia,2025-02-06,43.0,Desk Lamp,Philips,,invalid,50,1778597805
unknown_user,browser,Malaysia,2024-10-04,7.0,Sony Headphones,Sony,Electronics,view,300,1778597805
178,casual,Malaysia,2026-04-27,19.0,T-Shirt,Uniqlo,Fashion,view,40,1778597805
292,browser,Malaysia,2025-11-08,41.0,Bed Frame,Ikea,Home,view,900,1778597805
unknown_user,casual,Malaysia,2024-07-28,3910.0,Office Chair,Ikea,Home,invalid,200,1778597805
213,browser,Malaysia,2024-05-25,66.0,Python Programming Book,O'Reilly,Books,view,-50,1778597805
unknown_user,browser,Malaysia,2026-04-19,52.0,Makeup Kit,Maybelline,Beauty,view,120,1778597805
106,casual,Malaysia,2024-06-17,22.0,Hoodie,Puma,Fashion,view,90,1778597805
420,browser,Malaysia,2025-09-17,62.0,Cycling Helmet,Giro,Sports,view,80,1778597805
213,casual,Malaysia,2024-08-02,4954.0,Backpack,Adidas,Fashion,click,100,1778597805
476,buyer,Singapore,2024-06-12,64.0,Gym Bag,Nike,Sports,click,90,1778597805
296,buyer,Malaysia,2026-05-10,38.0,Toaster,Philips,Home,click,420,1778597805
428,browser,Malaysia,2025-07-16,43.0,Desk Lamp,Philips,Home,view,50,1778597805
412,casual,Malaysia,2026-01-26,66.0,Python Programming Book,O'Reilly,Books,purchase,-150,1778597805
61,casual,Malaysia,2025-03-24,49.0,Perfume,Dior,Beauty,invalid,1500,1778597805
477,browser,Singapore,2025-09-08,42.0,Sofa,Ikea,Home,click,-1200,1778597805
,buyer,Malaysia,2025-12-30,15.0,Bluetooth Speaker,JBL,Electronics,view,120,1778597805
289,buyer,Singapore,2024-10-03,3.0,MacBook Pro,Apple,Electronics,view,12500,1778597805
497,casual,Malaysia,2025-04-08,8.0,AirPods Pro,Apple,Electronics,click,250,1778597805
482,casual,Thailand,2025-06-11,11.0,Mechanical Keyboard,Logitech,Electronics,purchase,150,1778597805
254,buyer,Malaysia,2026-04-05,,Sports Shorts,Nike,Fashion,purchase,50,1778597805
419,browser,Singapore,2025-09-24,3.0,MacBook Pro,Apple,Electronics,view,2500,1778597805
unknown_user,casual,Malaysia,2025-03-11,50.0,Shampoo,Dove,Beauty,purchase,60,1778597805
322,casual,Philippines,2025-09-04,1146.0,Sofa,Ikea,Home,click,6000,1778597805
290,browser,Vietnam,2025-05-16,58.0,Tennis Racket,Wilson,Sports,view,200,1778597805
469,casual,Thailand,2025-05-05,24.0,Sunglasses,Ray-Ban,Fashion,purchase,180,1778597805
unknown_user,casual,Malaysia,2024-08-20,55.0,Nail Polish,O.P.I,Beauty,view,15,1778597805
,casual,Singapore,2025-06-10,2.0,Samsung Galaxy S23,Samsung,Electronics,view,1000,1778597805
230,buyer,Indonesia,2024-08-16,23.0,Cap,Nike,Fashion,purchase,-30,1778597805
380,browser,Malaysia,2025-10-10,3580.0,Yoga Mat,Decathlon,Sports,view,60,1778597805
456,browser,Thailand,2024-09-03,2488.0,MacBook Pro,Apple,,view,2500,1778597805
,buyer,Singapore,2024-09-09,51.0,Hair Dryer,Philips,Beauty,purchase,80,1778597805
421,browser,Malaysia,2026-03-29,5.0,iPad Air,Apple,Electronics,view,900,1778597805
60,casual,Thailand,2024-05-14,8.0,AirPods Pro,Apple,Electronics,view,250,1778597805
67,browser,Malaysia,2024-10-12,2580.0,T-Shirt,Uniqlo,Fashion,click,40,1778597805
356,browser,Vietnam,2024-06-06,8.0,AirPods Pro,Apple,Electronics,view,250,1778597805
391,casual,Malaysia,2025-06-24,37.0,Microwave Oven,Samsung,Home,purchase,250,1778597805
399,buyer,Philippines,2024-08-27,22.0,Hoodie,Puma,Fashion,purchase,90,1778597805
unknown_user,browser,Thailand,2025-09-05,48.0,Lipstick,Maybelline,Beauty,click,25,1778597805
387,buyer,Thailand,2024-06-08,3500.0,Tennis Racket,Wilson,Sports,click,-200,1778597805
145,casual,Singapore,2025-04-21,48.0,Lipstick,Maybelline,Beauty,click,25,1778597805
,browser,Philippines,2025-11-10,1.0,iPhone 15,Apple,Electronics,view,1200,1778597805
362,browser,Singapore,2024-10-04,15.0,Bluetooth Speaker,JBL,Electronics,click,120,1778597805
215,buyer,Singapore,2025-12-15,21.0,Dress,H&M,Fashion,purchase,120,1778597805
81,browser,Thailand,2026-01-27,28.0,Formal Shirt,Zara,Fashion,view,90,1778597805
,browser,Vietnam,2025-06-22,57.0,Basketball,Nike,Sports,view,50,1778597805
106,browser,Thailand,2025-02-28,11.0,Mechanical Keyboard,Logitech,Electronics,view,-900,1778597805
,casual,Singapore,2025-04-18,40.0,Office Chair,Ikea,Home,view,200,1778597805
350,buyer,Malaysia,2026-01-27,6.0,Samsung Tablet,Samsung,Electronics,invalid,700,1778597805
351,casual,Malaysia,2025-08-31,15.0,Bluetooth Speaker,JBL,Electronics,view,120,1778597805
,casual,Malaysia,2024-10-21,33.0,Vacuum Cleaner,Dyson,Home,purchase,300,1778597805
unknown_user,browser,Thailand,2026-05-12,,Smart Watch,Fitbit,Electronics,view,400,1778597805
,casual,Indonesia,2026-03-07,16.0,Running Shoes,Nike,Fashion,click,120,1778597805
215,browser,Indonesia,2025-09-14,56.0,Football,Adidas,Sports,click,200,1778597805
384,browser,Indonesia,2025-11-19,1737.0,Coffee Maker,Philips,Home,view,150,1778597805
,browser,Malaysia,2026-03-02,4.0,Dell XPS 13,Dell,Electronics,view,16200,1778597805
,casual,Singapore,2025-03-02,64.0,Gym Bag,Nike,Sports,purchase,900,1778597805
401,casual,Thailand,2025-12-25,61.0,Treadmill,Technogym,Sports,purchase,1500,1778597805
32,browser,Malaysia,2024-07-31,49.0,Perfume,Dior,Beauty,click,150,1778597805
434,browser,Singapore,2025-09-14,68.0,Machine Learning Guide,O'Reilly,Books,view,80,1778597805
112,casual,Indonesia,2026-04-06,35.0,Rice Cooker,Panasonic,Home,view,120,1778597805
426,browser,Malaysia,2024-07-31,58.0,Tennis Racket,Wilson,Sports,view,200,1778597805
134,casual,Thailand,2025-10-15,34.0,Blender,Philips,,view,100,1778597805
unknown_user,buyer,Thailand,2024-07-02,,Sports Shorts,Nike,Fashion,purchase,50,1778597805
338,browser,Malaysia,2026-01-09,45.0,Wall Clock,Generic,Home,purchase,-40,1778597805
188,browser,Indonesia,2025-12-02,3784.0,Backpack,Adidas,Fashion,purchase,100,1778597805
7,browser,Malaysia,2025-12-28,19.0,T-Shirt,Uniqlo,Fashion,invalid,40,1778597805
349,casual,Indonesia,2025-10-24,42.0,Sofa,Ikea,Home,purchase,2400,1778597805
unknown_user,browser,Vietnam,2025-11-20,10.0,Gaming Laptop,Asus,Electronics,view,2200,1778597805
unknown_user,browser,Thailand,2025-06-04,36.0,Electric Kettle,Tefal,Home,view,60,1778597805
5,browser,Malaysia,2025-06-24,52.0,Makeup Kit,Maybelline,,invalid,120,1778597805
402,browser,Malaysia,2025-12-31,8.0,AirPods Pro,Apple,Electronics,view,250,1778597805
,browser,Indonesia,2026-01-15,13.0,4K Monitor,LG,Electronics,view,600,1778597805
76,casual,Malaysia,2025-06-25,36.0,Electric Kettle,Tefal,Home,purchase,180,1778597805
294,browser,Malaysia,2025-01-28,70.0,Self Development Book,Penguin,Books,view,40,1778597805
,casual,Malaysia,2024-09-06,59.0,Yoga Mat,Decathlon,Sports,purchase,60,1778597805
441,browser,Thailand,2025-12-26,63.0,Skipping Rope,Decathlon,Sports,view,20,1778597805
58,casual,Malaysia,2026-03-20,21.0,Dress,H&M,Fashion,view,-120,1778597805
303,browser,Malaysia,2025-03-18,22.0,Hoodie,Puma,Fashion,view,90,1778597805
390,browser,Indonesia,2024-11-12,4.0,Dell XPS 13,Dell,Electronics,view,12600,1778597805
278,casual,Malaysia,2024-10-03,7.0,Sony Headphones,Sony,Electronics,view,300,1778597805
18,browser,Singapore,2025-03-26,15.0,Bluetooth Speaker,JBL,Electronics,view,120,1778597805
459,browser,Singapore,2024-06-07,23.0,Cap,Nike,Fashion,view,30,1778597805
unknown_user,browser,Malaysia,2024-07-22,52.0,Makeup Kit,Maybelline,,view,-120,1778597805
242,browser,Thailand,2024-09-13,58.0,Tennis Racket,Wilson,Sports,view,200,1778597805
unknown_user,casual,Malaysia,2025-11-15,11.0,Mechanical Keyboard,Logitech,,click,150,1778597805
347,buyer,Thailand,2025-01-05,13.0,4K Monitor,LG,Electronics,view,600,1778597805
74,casual,Singapore,2024-07-22,,Coffee Maker,Philips,Home,click,150,1778597805
270,casual,Philippines,2025-03-30,36.0,Electric Kettle,Tefal,,view,420,1778597805
,casual,Indonesia,2025-05-08,66.0,Python Programming Book,O'Reilly,Books,view,50,1778597805
,casual,Vietnam,2024-06-01,47.0,Moisturizer,Nivea,Beauty,view,40,1778597805
137,casual,Singapore,2026-02-17,,Jeans,Levi's,Fashion,view,80,1778597805
197,browser,Singapore,2026-04-01,22.0,Hoodie,Puma,Fashion,view,90,1778597805
408,buyer,Malaysia,2024-11-02,50.0,Shampoo,Dove,,invalid,20,1778597805
36,casual,Malaysia,2026-01-14,52.0,Makeup Kit,Maybelline,Beauty,view,120,1778597805
89,buyer,Malaysia,2025-08-30,70.0,Self Development Book,Penguin,Books,invalid,40,1778597805
unknown_user,browser,Malaysia,2025-12-28,4404.0,Sunscreen,Nivea,Beauty,click,35,1778597805
unknown_user,browser,Thailand,2024-09-20,15.0,Bluetooth Speaker,JBL,Electronics,click,120,1778597805
11,casual,Malaysia,2024-11-23,68.0,Machine Learning Guide,O'Reilly,Books,view,80,1778597805
unknown_user,buyer,Singapore,2024-06-12,5.0,iPad Air,Apple,Electronics,purchase,900,1778597805
289,buyer,Singapore,2024-11-04,4245.0,Sofa,Ikea,Home,purchase,1200,1778597805
54,casual,Thailand,2024-06-13,,Smart Watch,Fitbit,Electronics,view,400,1778597805
65,casual,Philippines,2025-02-07,3706.0,Face Cleanser,Nivea,Beauty,purchase,30,1778597805
7,buyer,Vietnam,2024-07-17,46.0,Face Cleanser,Nivea,Beauty,invalid,30,1778597805
492,browser,Indonesia,2024-06-03,64.0,Gym Bag,Nike,Sports,view,90,1778597805
unknown_user,browser,Philippines,2024-09-01,67.0,Data Science Handbook,Packt,,view,70,1778597805
376,browser,Philippines,2024-07-21,27.0,Sports Shorts,Nike,Fashion,view,50,1778597805
275,browser,Philippines,2025-11-12,63.0,Skipping Rope,Decathlon,Sports,click,20,1778597805
198,buyer,Vietnam,2024-11-02,14.0,External SSD,Samsung,,view,400,1778597805
297,browser,Thailand,2025-03-07,48.0,Lipstick,Maybelline,Beauty,view,125,1778597805
,buyer,Malaysia,2025-12-04,4.0,Dell XPS 13,Dell,Electronics,purchase,1800,1778597805
109,browser,Vietnam,2025-01-22,69.0,Business Strategy Book,Harvard Press,Books,view,60,1778597805
42,browser,Indonesia,2024-09-17,64.0,Gym Bag,Nike,Sports,view,90,1778597805
467,buyer,Singapore,2025-12-24,,Hoodie,Puma,Fashion,purchase,90,1778597805
175,browser,Malaysia,2026-04-05,2.0,Samsung Galaxy S23,Samsung,,view,1000,1778597805
343,buyer,Indonesia,2025-02-12,65.0,Water Bottle,Stanley,,purchase,25,1778597805
99,buyer,Malaysia,2024-06-12,51.0,Hair Dryer,Philips,Beauty,invalid,-80,1778597805
,buyer,Malaysia,2025-05-25,54.0,Body Lotion,Dove,Beauty,click,25,1778597805
224,browser,Malaysia,2024-11-12,12.0,Wireless Mouse,Logitech,Electronics,view,80,1778597805
25,casual,Singapore,2025-09-18,41.0,Bed Frame,Ikea,Home,view,900,1778597805
387,casual,Indonesia,2026-01-10,,Wireless Mouse,Logitech,Electronics,purchase,80,1778597805
164,casual,Malaysia,2024-07-23,4.0,Dell XPS 13,Dell,Electronics,click,12600,1778597805
,casual,Malaysia,2024-08-25,,Samsung Galaxy S23,Samsung,Electronics,view,1000,1778597805
285,casual,Malaysia,2025-03-02,27.0,Sports Shorts,Nike,Fashion,purchase,-250,1778597805
290,buyer,Singapore,2026-04-14,66.0,Python Programming Book,O'Reilly,Books,click,50,1778597805
83,browser,Singapore,2025-11-22,13.0,4K Monitor,LG,Electronics,view,600,1778597805
454,browser,Malaysia,2025-09-23,3.0,MacBook Pro,Apple,,click,2500,1778597805
297,browser,Indonesia,2025-10-10,45.0,Wall Clock,Generic,Home,view,-360,1778597805
148,buyer,Philippines,2026-04-08,44.0,Curtains,Ikea,Home,invalid,1200,1778597805
401,browser,Indonesia,2024-09-09,61.0,Treadmill,Technogym,Sports,click,1500,1778597805
431,browser,Malaysia,2025-09-24,42.0,Sofa,Ikea,Home,view,1200,1778597805
176,browser,Malaysia,2025-01-20,28.0,Formal Shirt,Zara,Fashion,view,90,1778597805
,browser,Malaysia,2024-09-29,32.0,Air Fryer,Xiaomi,Home,view,180,1778597805
439,buyer,Malaysia,2025-03-15,1.0,iPhone 15,Apple,Electronics,click,-1200,1778597805
278,buyer,Singapore,2025-04-29,46.0,Face Cleanser,Nivea,,click,30,1778597805
115,browser,Malaysia,2025-11-12,62.0,Cycling Helmet,Giro,Sports,view,640,1778597805
21,browser,Malaysia,2024-12-06,59.0,Yoga Mat,Decathlon,Sports,view,60,1778597805
,buyer,Thailand,2025-08-30,17.0,Sneakers,Adidas,,invalid,150,1778597805
191,casual,Malaysia,2026-01-08,38.0,Toaster,Philips,Home,view,70,1778597805
314,browser,Singapore,2025-02-14,6.0,Samsung Tablet,Samsung,Electronics,invalid,700,1778597805
249,browser,Thailand,2024-07-22,68.0,Machine Learning Guide,O'Reilly,Books,view,80,1778597805
145,casual,Malaysia,2024-10-28,52.0,Makeup Kit,Maybelline,Beauty,click,120,1778597805
275,browser,Indonesia,2026-02-14,55.0,Nail Polish,O.P.I,Beauty,view,15,1778597805
41,browser,Indonesia,2025-12-14,,Skipping Rope,Decathlon,Sports,view,60,1778597805
unknown_user,casual,Singapore,2024-11-29,44.0,Curtains,Ikea,Home,view,120,1778597805
268,casual,Indonesia,2024-06-23,2.0,Samsung Galaxy S23,Samsung,,purchase,4000,1778597805
328,casual,Thailand,2026-01-07,37.0,Microwave Oven,Samsung,Home,view,250,1778597805
404,browser,Malaysia,2024-11-24,39.0,Dining Table,Ikea,Home,view,800,1778597805
394,browser,Malaysia,2026-01-12,46.0,Face Cleanser,Nivea,Beauty,click,30,1778597805
206,casual,Indonesia,2026-01-02,2.0,Samsung Galaxy S23,Samsung,Electronics,view,-1000,1778597805
unknown_user,casual,Malaysia,2024-10-27,52.0,Makeup Kit,Maybelline,Beauty,invalid,120,1778597805
59,browser,Malaysia,2025-10-04,29.0,Sandals,Havaianas,Fashion,purchase,70,1778597805
359,browser,Indonesia,2024-11-19,61.0,Treadmill,Technogym,Sports,view,1500,1778597805
360,browser,Philippines,2026-01-19,30.0,Watch,Casio,Fashion,purchase,250,1778597805
unknown_user,browser,Indonesia,2024-12-19,51.0,Hair Dryer,Philips,Beauty,view,80,1778597805
463,casual,Singapore,2026-05-04,7.0,Sony Headphones,Sony,Electronics,purchase,300,1778597805
199,casual,Malaysia,2024-10-03,15.0,Bluetooth Speaker,JBL,Electronics,purchase,-120,1778597805
462,browser,Malaysia,2025-06-18,70.0,Self Development Book,Penguin,,invalid,40,1778597805
476,buyer,Singapore,2025-04-13,16.0,Running Shoes,Nike,Fashion,purchase,120,1778597805
39,browser,Malaysia,2024-09-13,62.0,Cycling Helmet,Giro,Sports,view,80,1778597805
181,browser,Thailand,2025-11-17,13.0,4K Monitor,LG,Electronics,view,600,1778597805
219,browser,Thailand,2024-09-16,32.0,Air Fryer,Xiaomi,Home,view,180,1778597805
24,casual,Malaysia,2025-07-26,36.0,Electric Kettle,Tefal,Home,view,60,1778597805
466,browser,Indonesia,2025-10-15,7.0,Sony Headphones,Sony,Electronics,view,300,1778597805
430,casual,Thailand,2026-04-03,43.0,Desk Lamp,Philips,Home,view,50,1778597805
267,buyer,Malaysia,2025-07-23,11.0,Mechanical Keyboard,Logitech,Electronics,click,750,1778597805
1,browser,Singapore,2026-04-20,34.0,Blender,Philips,Home,view,-800,1778597805
392,buyer,Malaysia,2026-01-14,35.0,Rice Cooker,Panasonic,Home,purchase,480,1778597805
,buyer,Singapore,2025-11-25,1189.0,Nail Polish,O.P.I,Beauty,click,15,1778597805
270,casual,Thailand,2026-04-26,4.0,Dell XPS 13,Dell,Electronics,click,1800,1778597805
345,casual,Indonesia,2025-12-15,69.0,Business Strategy Book,Harvard Press,Books,view,60,1778597805
10,casual,Indonesia,2025-07-05,50.0,Shampoo,Dove,Beauty,view,20,1778597805
unknown_user,buyer,Malaysia,2024-10-30,4313.0,Football,Adidas,,purchase,40,1778597805
421,casual,Thailand,2024-08-13,50.0,Shampoo,Dove,Beauty,view,120,1778597805
483,browser,Malaysia,2025-09-01,44.0,Curtains,Ikea,Home,click,120,1778597805
unknown_user,browser,Singapore,2025-03-10,44.0,Curtains,Ikea,Home,click,120,1778597805
59,casual,Vietnam,2024-12-17,2.0,Samsung Galaxy S23,Samsung,Electronics,view,5000,1778597805
484,casual,Indonesia,2026-02-23,3.0,MacBook Pro,Apple,Electronics,purchase,2500,1778597805
150,browser,Malaysia,2026-03-05,21.0,Dress,H&M,Fashion,purchase,120,1778597805
380,browser,Philippines,2026-03-07,46.0,Face Cleanser,Nivea,,purchase,30,1778597805
181,casual,Thailand,2024-12-24,8.0,AirPods Pro,Apple,Electronics,click,250,1778597805
190,casual,Singapore,2026-02-23,27.0,Sports Shorts,Nike,Fashion,purchase,50,1778597805
90,browser,Indonesia,2024-09-05,8.0,AirPods Pro,Apple,Electronics,view,1250,1778597805
327,browser,Singapore,2024-07-10,,Sony Headphones,Sony,Electronics,view,300,1778597805
348,browser,Malaysia,2025-04-24,3980.0,Football,Adidas,Sports,view,200,1778597805
375,casual,Malaysia,2024-08-03,4959.0,Mechanical Keyboard,Logitech,Electronics,purchase,150,1778597805
96,browser,Vietnam,2024-11-24,41.0,Bed Frame,Ikea,Home,view,900,1778597805
66,browser,Malaysia,2025-01-31,52.0,Makeup Kit,Maybelline,Beauty,click,-120,1778597805
216,casual,Malaysia,2025-11-07,28.0,Formal Shirt,Zara,Fashion,click,90,1778597805
,casual,Indonesia,2025-11-06,68.0,Machine Learning Guide,O'Reilly,,click,80,1778597805
450,browser,Malaysia,2024-06-30,45.0,Wall Clock,Generic,Home,purchase,40,1778597805
487,buyer,Indonesia,2025-11-06,30.0,Watch,Casio,,view,250,1778597805
320,buyer,Philippines,2025-10-27,28.0,Formal Shirt,Zara,Fashion,click,-90,1778597805
204,browser,Malaysia,2024-05-15,63.0,Skipping Rope,Decathlon,Sports,view,160,1778597805
78,browser,Singapore,2025-06-15,12.0,Wireless Mouse,Logitech,,view,80,1778597805
261,browser,Malaysia,2025-10-12,60.0,Dumbbells,Decathlon,,view,150,1778597805
359,buyer,Malaysia,2025-06-12,47.0,Moisturizer,Nivea,Beauty,click,40,1778597805
301,buyer,Indonesia,2025-08-25,7.0,Sony Headphones,Sony,Electronics,click,300,1778597805
unknown_user,casual,Malaysia,2024-08-13,22.0,Hoodie,Puma,Fashion,view,90,1778597805
,buyer,Malaysia,2025-08-23,5.0,iPad Air,Apple,Electronics,view,900,1778597805
316,casual,Indonesia,2024-10-26,14.0,External SSD,Samsung,Electronics,view,-200,1778597805
215,browser,Thailand,2025-08-16,22.0,Hoodie,Puma,Fashion,view,90,1778597805
369,browser,Indonesia,2025-07-28,55.0,Nail Polish,O.P.I,Beauty,view,-15,1778597805
19,browser,Thailand,2025-05-19,54.0,Body Lotion,Dove,Beauty,view,-25,1778597805
8,casual,Singapore,2024-11-19,57.0,Basketball,Nike,Sports,view,50,1778597805
114,browser,Indonesia,2026-02-23,70.0,Self Development Book,Penguin,Books,view,40,1778597805
483,buyer,Malaysia,2025-06-14,52.0,Makeup Kit,Maybelline,Beauty,view,120,1778597805
119,browser,Philippines,2024-11-16,3997.0,Sunglasses,Ray-Ban,Fashion,view,180,1778597805
430,browser,Thailand,2024-08-04,17.0,Sneakers,Adidas,Fashion,click,150,1778597805
198,casual,Malaysia,2025-05-16,4239.0,Body Lotion,Dove,Beauty,invalid,50,1778597805
61,buyer,Malaysia,2024-11-25,34.0,Blender,Philips,Home,view,100,1778597805
180,browser,Vietnam,2025-04-07,2525.0,Sunscreen,Nivea,Beauty,invalid,35,1778597805
110,browser,Malaysia,2024-10-24,,Smart Watch,Fitbit,Electronics,view,400,1778597805
54,buyer,Philippines,2025-10-17,60.0,Dumbbells,Decathlon,,purchase,150,1778597805
329,buyer,Malaysia,2026-02-18,23.0,Cap,Nike,Fashion,invalid,30,1778597805
175,browser,Malaysia,2024-11-23,34.0,Blender,Philips,Home,view,700,1778597805
319,casual,Malaysia,2025-08-14,48.0,Lipstick,Maybelline,Beauty,purchase,150,1778597805
261,browser,Singapore,2025-11-23,59.0,Yoga Mat,Decathlon,Sports,view,60,1778597805
58,browser,Thailand,2024-07-24,64.0,Gym Bag,Nike,Sports,click,90,1778597805
unknown_user,casual,Singapore,2025-11-07,18.0,Jeans,Levi's,Fashion,view,80,1778597805
,browser,Malaysia,2024-12-22,40.0,Office Chair,Ikea,Home,view,200,1778597805
107,buyer,Indonesia,2024-06-09,3855.0,Moisturizer,Nivea,Beauty,click,40,1778597805
253,buyer,Singapore,2025-03-12,28.0,Formal Shirt,Zara,,view,90,1778597805
477,browser,Indonesia,2024-10-15,4713.0,AirPods Pro,Apple,,view,-250,1778597805
,buyer,Malaysia,2025-02-27,57.0,Basketball,Nike,,click,50,1778597805
unknown_user,browser,Malaysia,2026-03-16,8.0,AirPods Pro,Apple,Electronics,view,750,1778597805
,browser,Malaysia,2024-09-10,11.0,Mechanical Keyboard,Logitech,Electronics,purchase,150,1778597805
220,browser,Singapore,2025-09-13,4501.0,Backpack,Adidas,Fashion,click,300,1778597805
191,browser,Thailand,2024-11-26,36.0,Electric Kettle,Tefal,Home,invalid,60,1778597805
358,browser,Thailand,2026-03-20,65.0,Water Bottle,Stanley,Sports,purchase,25,1778597805
222,browser,Thailand,2026-03-31,11.0,Mechanical Keyboard,Logitech,Electronics,view,-150,1778597805
364,casual,Thailand,2025-06-08,6.0,Samsung Tablet,Samsung,Electronics,view,700,1778597805
287,browser,Singapore,2025-07-07,59.0,Yoga Mat,Decathlon,Sports,view,60,1778597805
367,casual,Malaysia,2025-06-23,7.0,Sony Headphones,Sony,Electronics,click,900,1778597805
unknown_user,casual,Thailand,2025-01-07,58.0,Tennis Racket,Wilson,Sports,view,200,1778597805
174,browser,Singapore,2025-03-27,34.0,Blender,Philips,Home,view,100,1778597805
259,browser,Thailand,2026-02-25,58.0,Tennis Racket,Wilson,Sports,view,200,1778597805
305,browser,Indonesia,2025-04-26,17.0,Sneakers,Adidas,Fashion,view,150,1778597805
269,browser,Vietnam,2025-11-06,29.0,Sandals,Havaianas,Fashion,view,70,1778597805
395,browser,Thailand,2025-08-02,20.0,Jacket,Zara,Fashion,click,-200,1778597805
,buyer,Thailand,2024-08-27,,Dining Table,Ikea,Home,view,800,1778597805
184,browser,Thailand,2025-08-08,31.0,Coffee Maker,Philips,Home,view,150,1778597805
,browser,Singapore,2026-03-15,29.0,Sandals,Havaianas,Fashion,view,70,1778597805
54,casual,Singapore,2024-05-30,17.0,Sneakers,Adidas,Fashion,invalid,150,1778597805
unknown_user,casual,Philippines,2025-04-07,61.0,Treadmill,Technogym,Sports,view,7500,1778597805
404,browser,Thailand,2024-09-24,34.0,Blender,Philips,Home,click,100,1778597805
230,browser,Philippines,2025-02-20,49.0,Perfume,Dior,Beauty,purchase,150,1778597805
244,browser,Indonesia,2025-11-06,14.0,External SSD,Samsung,Electronics,click,200,1778597805
351,browser,Malaysia,2024-06-30,1.0,iPhone 15,Apple,Electronics,click,1200,1778597805
,browser,Singapore,2025-01-25,70.0,Self Development Book,Penguin,Books,invalid,40,1778597805
118,casual,Singapore,2025-04-16,2844.0,Sneakers,Adidas,Fashion,purchase,150,1778597805
125,browser,Malaysia,2026-03-09,39.0,Dining Table,Ikea,Home,purchase,800,1778597805
106,browser,Vietnam,2024-09-06,54.0,Body Lotion,Dove,Beauty,view,150,1778597805
496,casual,Singapore,2026-03-29,9.0,Smart Watch,Fitbit,Electronics,view,400,1778597805
332,browser,Singapore,2025-10-24,47.0,Moisturizer,Nivea,Beauty,view,120,1778597805
44,browser,Malaysia,2026-02-16,3.0,MacBook Pro,Apple,,view,2500,1778597805
331,browser,Vietnam,2025-06-28,67.0,Data Science Handbook,Packt,Books,view,210,1778597805
180,browser,Philippines,2024-11-10,47.0,Moisturizer,Nivea,,invalid,160,1778597805
265,browser,Indonesia,2025-02-03,47.0,Moisturizer,Nivea,Beauty,view,-40,1778597805
479,casual,Malaysia,2025-07-26,30.0,Watch,Casio,,invalid,250,1778597805
228,casual,Indonesia,2024-11-06,,Hoodie,Puma,,click,90,1778597805
310,buyer,Malaysia,2025-02-13,10.0,Gaming Laptop,Asus,Electronics,purchase,2200,1778597805
192,browser,Malaysia,2025-07-19,,Smart Watch,Fitbit,Electronics,view,400,1778597805
unknown_user,browser,Indonesia,2025-06-20,57.0,Basketball,Nike,Sports,view,450,1778597805
,buyer,Thailand,2024-09-26,4.0,Dell XPS 13,Dell,Electronics,invalid,1800,1778597805
318,casual,Singapore,2024-12-16,47.0,Moisturizer,Nivea,Beauty,view,400,1778597805
412,browser,Malaysia,2024-06-02,28.0,Formal Shirt,Zara,Fashion,purchase,90,1778597805
403,browser,Singapore,2024-08-17,52.0,Makeup Kit,Maybelline,Beauty,view,120,1778597805
226,casual,Singapore,2024-06-09,54.0,Body Lotion,Dove,,invalid,25,1778597805
136,browser,Singapore,2024-07-21,3991.0,Rice Cooker,Panasonic,Home,view,120,1778597805
378,casual,Thailand,2024-12-26,24.0,Sunglasses,Ray-Ban,Fashion,click,540,1778597805
90,browser,Malaysia,2024-07-27,19.0,T-Shirt,Uniqlo,Fashion,view,40,1778597805
25,browser,Thailand,2024-10-08,18.0,Jeans,Levi's,Fashion,view,80,1778597805
unknown_user,browser,Singapore,2025-05-22,65.0,Water Bottle,Stanley,Sports,invalid,25,1778597805
,buyer,Singapore,2025-12-07,23.0,Cap,Nike,Fashion,purchase,30,1778597805
288,browser,Malaysia,2025-08-24,34.0,Blender,Philips,Home,view,100,1778597805
495,browser,Indonesia,2025-07-07,47.0,Moisturizer,Nivea,Beauty,view,40,1778597805
112,browser,Thailand,2025-05-17,11.0,Mechanical Keyboard,Logitech,Electronics,view,-150,1778597805
278,browser,Thailand,2025-05-15,61.0,Treadmill,Technogym,Sports,click,1500,1778597805
47,casual,Malaysia,2026-01-17,,Running Shoes,Nike,Fashion,click,360,1778597805
,browser,Malaysia,2024-12-09,56.0,Football,Adidas,Sports,click,40,1778597805
47,browser,Thailand,2024-12-13,28.0,Formal Shirt,Zara,Fashion,view,90,1778597805
226,browser,Thailand,2024-06-23,1.0,iPhone 15,Apple,Electronics,view,-1200,1778597805
20,browser,Philippines,2025-03-12,47.0,Moisturizer,Nivea,Beauty,view,40,1778597805
143,browser,Philippines,2024-09-30,1087.0,Body Lotion,Dove,Beauty,view,25,1778597805
54,buyer,Malaysia,2025-05-18,4311.0,Smart Watch,Fitbit,Electronics,click,400,1778597805
,buyer,Singapore,2024-05-16,34.0,Blender,Philips,,purchase,100,1778597805
228,browser,Thailand,2025-07-01,4062.0,Sandals,Havaianas,Fashion,view,70,1778597805
207,buyer,Indonesia,2025-01-03,10.0,Gaming Laptop,Asus,Electronics,click,2200,1778597805
473,casual,Thailand,2026-04-12,30.0,Watch,Casio,Fashion,click,500,1778597805
329,browser,Vietnam,2025-10-23,,Water Bottle,Stanley,Sports,view,-25,1778597805
487,casual,Malaysia,2024-06-23,66.0,Python Programming Book,O'Reilly,Books,view,50,1778597805
230,browser,Indonesia,2026-04-01,23.0,Cap,Nike,Fashion,view,30,1778597805
unknown_user,buyer,Singapore,2024-11-13,22.0,Hoodie,Puma,Fashion,view,90,1778597805
79,browser,Thailand,2025-11-26,23.0,Cap,Nike,Fashion,view,30,1778597805
390,casual,Vietnam,2024-06-10,66.0,Python Programming Book,O'Reilly,Books,click,50,1778597805
unknown_user,browser,Singapore,2024-06-03,7.0,Sony Headphones,Sony,Electronics,view,300,1778597805
474,casual,Malaysia,2026-01-24,21.0,Dress,H&M,Fashion,view,120,1778597805
466,buyer,Malaysia,2025-11-23,8.0,AirPods Pro,Apple,Electronics,purchase,250,1778597805
182,browser,Thailand,2025-05-12,53.0,Sunscreen,Nivea,,view,35,1778597805
159,browser,Malaysia,2024-09-25,63.0,Skipping Rope,Decathlon,Sports,view,60,1778597805
,buyer,Singapore,2024-10-26,68.0,Machine Learning Guide,O'Reilly,Books,purchase,80,1778597805
5,casual,Thailand,2025-10-16,66.0,Python Programming Book,O'Reilly,Books,purchase,50,1778597805
259,buyer,Malaysia,2025-10-17,32.0,Air Fryer,Xiaomi,Home,purchase,-180,1778597805
396,buyer,Malaysia,2025-11-18,27.0,Sports Shorts,Nike,,click,50,1778597805
unknown_user,casual,Singapore,2025-08-23,,iPad Air,Apple,Electronics,purchase,900,1778597805
185,buyer,Malaysia,2024-06-15,,iPhone 15,Apple,Electronics,click,1200,1778597805
81,buyer,Malaysia,2024-12-21,37.0,Microwave Oven,Samsung,Home,purchase,250,1778597805
277,buyer,Indonesia,2026-02-16,48.0,Lipstick,Maybelline,,click,25,1778597805
310,browser,Thailand,2024-10-03,6.0,Samsung Tablet,Samsung,Electronics,view,700,1778597805
133,browser,Thailand,2025-02-26,,4K Monitor,LG,Electronics,view,-600,1778597805
258,browser,Malaysia,2025-10-16,70.0,Self Development Book,Penguin,Books,invalid,40,1778597805
,browser,Malaysia,2024-10-10,,Office Chair,Ikea,Home,click,1800,1778597805
450,browser,Malaysia,2025-06-17,19.0,T-Shirt,Uniqlo,Fashion,view,40,1778597805
281,buyer,Thailand,2024-08-12,26.0,Backpack,Adidas,Fashion,purchase,200,1778597805
,browser,Thailand,2024-10-05,17.0,Sneakers,Adidas,,view,1350,1778597805
,browser,Singapore,2025-03-24,46.0,Face Cleanser,Nivea,Beauty,view,30,1778597805
445,browser,Singapore,2025-10-16,14.0,External SSD,Samsung,Electronics,view,400,1778597805
,buyer,Malaysia,2025-12-15,18.0,Jeans,Levi's,Fashion,purchase,80,1778597805
178,browser,Malaysia,2024-08-03,43.0,Desk Lamp,Philips,Home,view,50,1778597805
67,browser,Singapore,2024-12-16,39.0,Dining Table,Ikea,Home,view,-800,1778597805
345,browser,Singapore,2024-06-27,70.0,Self Development Book,Penguin,Books,view,40,1778597805
unknown_user,buyer,Singapore,2025-12-01,12.0,Wireless Mouse,Logitech,Electronics,click,80,1778597805
,casual,Malaysia,2025-11-26,61.0,Treadmill,Technogym,Sports,view,1500,1778597805
420,casual,Singapore,2025-03-12,55.0,Nail Polish,O.P.I,Beauty,view,15,1778597805
unknown_user,browser,Thailand,2025-01-26,1162.0,Basketball,Nike,Sports,view,500,1778597805
,buyer,Malaysia,2024-09-21,1960.0,MacBook Pro,Apple,Electronics,click,2500,1778597805
424,browser,Indonesia,2025-12-27,,Hoodie,Puma,,view,90,1778597805
296,browser,Thailand,2024-08-17,20.0,Jacket,Zara,Fashion,view,1600,1778597805
232,casual,Thailand,2025-04-24,49.0,Perfume,Dior,,purchase,150,1778597805
,browser,Vietnam,2024-08-18,47.0,Moisturizer,Nivea,Beauty,invalid,40,1778597805
130,browser,Singapore,2025-01-05,3455.0,T-Shirt,Uniqlo,Fashion,view,-120,1778597805
353,browser,Singapore,2024-07-08,53.0,Sunscreen,Nivea,Beauty,invalid,35,1778597805
401,buyer,Thailand,2026-03-03,2.0,Samsung Galaxy S23,Samsung,Electronics,purchase,1000,1778597805
270,casual,Malaysia,2025-03-26,27.0,Sports Shorts,Nike,Fashion,click,50,1778597805
,casual,Malaysia,2025-01-21,16.0,Running Shoes,Nike,Fashion,view,120,1778597805
unknown_user,casual,Singapore,2026-01-09,47.0,Moisturizer,Nivea,Beauty,click,40,1778597805
253,browser,Malaysia,2025-04-30,68.0,Machine Learning Guide,O'Reilly,Books,click,80,1778597805
236,browser,Malaysia,2025-09-26,22.0,Hoodie,Puma,Fashion,view,90,1778597805
16,casual,Malaysia,2025-06-01,55.0,Nail Polish,O.P.I,Beauty,invalid,15,1778597805
480,casual,Thailand,2026-05-04,,Gym Bag,Nike,Sports,view,90,1778597805
248,casual,Singapore,2024-10-25,37.0,Microwave Oven,Samsung,Home,purchase,250,1778597805
101,browser,Thailand,2025-06-23,41.0,Bed Frame,Ikea,Home,view,8100,1778597805
104,browser,Malaysia,2026-04-30,56.0,Football,Adidas,Sports,view,40,1778597805
470,browser,Singapore,2025-03-10,64.0,Gym Bag,Nike,Sports,view,180,1778597805
391,buyer,Malaysia,2025-01-16,52.0,Makeup Kit,Maybelline,Beauty,invalid,120,1778597805
76,casual,Singapore,2026-02-10,9.0,Smart Watch,Fitbit,Electronics,view,-400,1778597805
454,buyer,Malaysia,2026-02-08,31.0,Coffee Maker,Philips,Home,invalid,-150,1778597805
,buyer,Singapore,2025-08-19,68.0,Machine Learning Guide,O'Reilly,,purchase,80,1778597805
37,casual,Thailand,2025-12-27,24.0,Sunglasses,Ray-Ban,Fashion,view,180,1778597805
399,buyer,Thailand,2025-01-30,43.0,Desk Lamp,Philips,Home,purchase,50,1778597805
208,buyer,Singapore,2025-05-09,36.0,Electric Kettle,Tefal,Home,invalid,60,1778597805
407,browser,Singapore,2024-05-28,2211.0,Sony Headphones,Sony,Electronics,view,300,1778597805
unknown_user,browser,Thailand,2025-06-20,37.0,Microwave Oven,Samsung,Home,view,250,1778597805
179,casual,Philippines,2024-12-12,1836.0,Watch,Casio,Fashion,view,250,1778597805
unknown_user,browser,Malaysia,2024-11-30,48.0,Lipstick,Maybelline,Beauty,view,25,1778597805
109,casual,Indonesia,2024-09-30,,AirPods Pro,Apple,Electronics,click,250,1778597805
127,casual,Indonesia,2024-12-24,2844.0,Nail Polish,O.P.I,Beauty,view,15,1778597805
unknown_user,casual,Indonesia,2026-03-25,62.0,Cycling Helmet,Giro,Sports,invalid,80,1778597805
274,buyer,Thailand,2024-11-30,3.0,MacBook Pro,Apple,Electronics,click,2500,1778597805
unknown_user,casual,Singapore,2025-10-14,28.0,Formal Shirt,Zara,Fashion,view,90,1778597805
235,casual,Singapore,2025-01-29,3256.0,Leather Belt,Levi's,,invalid,60,1778597805
368,browser,Thailand,2025-02-16,4.0,Dell XPS 13,Dell,Electronics,view,-1800,1778597805
274,buyer,Singapore,2026-02-28,,Moisturizer,Nivea,Beauty,click,40,1778597805
372,buyer,Malaysia,2026-05-09,16.0,Running Shoes,Nike,Fashion,click,-120,1778597805
488,browser,Thailand,2026-01-30,23.0,Cap,Nike,Fashion,view,30,1778597805
,browser,Thailand,2024-06-19,50.0,Shampoo,Dove,Beauty,view,-20,1778597805
unknown_user,casual,Indonesia,2025-02-17,,Vacuum Cleaner,Dyson,Home,purchase,-300,1778597805
276,casual,Malaysia,2024-12-08,37.0,Microwave Oven,Samsung,Home,view,250,1778597805
,casual,Malaysia,2025-08-19,32.0,Air Fryer,Xiaomi,Home,view,720,1778597805
389,casual,Malaysia,2025-08-22,22.0,Hoodie,Puma,Fashion,view,90,1778597805
224,browser,Malaysia,2024-10-16,17.0,Sneakers,Adidas,Fashion,view,150,1778597805
,browser,Malaysia,2025-05-24,18.0,Jeans,Levi's,Fashion,view,-80,1778597805
21,casual,Indonesia,2025-10-14,8.0,AirPods Pro,Apple,Electronics,view,-250,1778597805
480,browser,Malaysia,2026-05-02,40.0,Office Chair,Ikea,Home,view,200,1778597805
unknown_user,casual,Singapore,2026-03-02,66.0,Python Programming Book,O'Reilly,,invalid,50,1778597805
17,browser,Malaysia,2024-07-06,,Nail Polish,O.P.I,,view,15,1778597805
243,buyer,Thailand,2025-10-22,29.0,Sandals,Havaianas,Fashion,click,630,1778597805
unknown_user,casual,Thailand,2024-08-09,40.0,Office Chair,Ikea,Home,view,200,1778597805
,casual,Malaysia,2025-01-19,15.0,Bluetooth Speaker,JBL,Electronics,purchase,120,1778597805
308,browser,Malaysia,2024-09-11,2550.0,Face Cleanser,Nivea,Beauty,click,30,1778597805
422,browser,Singapore,2025-04-21,4481.0,Vacuum Cleaner,Dyson,,view,300,1778597805
unknown_user,buyer,Singapore,2024-11-22,60.0,Dumbbells,Decathlon,Sports,view,150,1778597805
320,buyer,Singapore,2024-11-02,65.0,Water Bottle,Stanley,Sports,click,25,1778597805
,browser,Malaysia,2026-04-07,28.0,Formal Shirt,Zara,Fashion,view,90,1778597805
,casual,Malaysia,2025-03-12,64.0,Gym Bag,Nike,Sports,purchase,90,1778597805
unknown_user,browser,Singapore,2026-03-06,8.0,AirPods Pro,Apple,Electronics,purchase,250,1778597805
,buyer,Malaysia,2024-10-31,42.0,Sofa,Ikea,Home,view,1200,1778597805
4,browser,Thailand,2026-01-27,19.0,T-Shirt,Uniqlo,Fashion,view,40,1778597805
,casual,Thailand,2025-04-06,54.0,Body Lotion,Dove,Beauty,invalid,25,1778597805
88,browser,Thailand,2026-04-05,55.0,Nail Polish,O.P.I,Beauty,view,15,1778597805
165,buyer,Malaysia,2025-01-02,37.0,Microwave Oven,Samsung,Home,purchase,250,1778597805
449,casual,Thailand,2024-05-15,5.0,iPad Air,Apple,Electronics,view,3600,1778597805
240,casual,Malaysia,2024-08-07,19.0,T-Shirt,Uniqlo,Fashion,click,40,1778597805
253,buyer,Malaysia,2025-01-02,59.0,Yoga Mat,Decathlon,Sports,purchase,300,1778597805
176,browser,Singapore,2024-10-16,34.0,Blender,Philips,Home,invalid,-100,1778597805
195,buyer,Philippines,2025-08-16,34.0,Blender,Philips,Home,purchase,100,1778597805
unknown_user,buyer,Indonesia,2025-10-23,48.0,Lipstick,Maybelline,Beauty,purchase,25,1778597805
263,browser,Thailand,2025-09-10,53.0,Sunscreen,Nivea,Beauty,click,35,1778597805
79,buyer,Singapore,2025-07-09,69.0,Business Strategy Book,Harvard Press,,purchase,60,1778597805
491,browser,Thailand,2025-06-10,45.0,Wall Clock,Generic,Home,view,40,1778597805
unknown_user,browser,Indonesia,2025-11-08,,Moisturizer,Nivea,Beauty,click,40,1778597805
53,browser,Indonesia,2025-11-25,,Samsung Tablet,Samsung,Electronics,view,-700,1778597805
,browser,Malaysia,2025-10-25,37.0,Microwave Oven,Samsung,Home,view,250,1778597805
,browser,Indonesia,2025-11-06,26.0,Backpack,Adidas,Fashion,click,100,1778597805
317,browser,Singapore,2025-08-28,15.0,Bluetooth Speaker,JBL,Electronics,view,120,1778597805
257,browser,Malaysia,2026-02-15,4541.0,Smart Watch,Fitbit,Electronics,click,400,1778597805
393,casual,Indonesia,2025-09-19,7.0,Sony Headphones,Sony,Electronics,click,-300,1778597805
311,buyer,Thailand,2024-06-22,45.0,Wall Clock,Generic,Home,view,40,1778597805
,buyer,Singapore,2026-01-13,5.0,iPad Air,Apple,Electronics,click,900,1778597805
205,browser,Thailand,2024-06-23,,Rice Cooker,Panasonic,Home,view,120,1778597805
,browser,Singapore,2025-03-22,3406.0,Electric Kettle,Tefal,Home,view,60,1778597805
279,casual,Malaysia,2025-06-23,1286.0,Tennis Racket,Wilson,Sports,view,1200,1778597805
27,browser,Malaysia,2025-05-28,6.0,Samsung Tablet,Samsung,Electronics,view,700,1778597805
,buyer,Malaysia,2025-01-16,4351.0,Yoga Mat,Decathlon,Sports,purchase,60,1778597805
62,browser,Thailand,2024-12-11,60.0,Dumbbells,Decathlon,Sports,click,150,1778597805
424,browser,Malaysia,2025-12-02,62.0,Cycling Helmet,Giro,Sports,view,80,1778597805
,buyer,Singapore,2024-11-21,53.0,Sunscreen,Nivea,Beauty,view,280,1778597805
245,browser,Malaysia,2026-01-05,23.0,Cap,Nike,Fashion,view,150,1778597805
60,browser,Indonesia,2024-08-05,,Dumbbells,Decathlon,Sports,view,450,1778597805
,browser,Malaysia,2025-05-22,59.0,Yoga Mat,Decathlon,Sports,view,240,1778597805
420,browser,Indonesia,2025-02-16,30.0,Watch,Casio,Fashion,view,250,1778597805
342,browser,Malaysia,2025-11-29,46.0,Face Cleanser,Nivea,Beauty,click,30,1778597805
58,browser,Thailand,2026-03-11,,Sneakers,Adidas,Fashion,view,150,1778597805
219,browser,Malaysia,2026-03-24,37.0,Microwave Oven,Samsung,Home,click,250,1778597805
217,browser,Philippines,2025-03-18,61.0,Treadmill,Technogym,Sports,view,1500,1778597805
416,browser,Malaysia,2024-06-03,3320.0,Sony Headphones,Sony,,view,1800,1778597805
407,browser,Thailand,2025-02-17,51.0,Hair Dryer,Philips,,click,80,1778597805
6,casual,Malaysia,2025-08-08,70.0,Self Development Book,Penguin,Books,click,40,1778597805
489,browser,Philippines,2026-03-07,22.0,Hoodie,Puma,Fashion,view,90,1778597805
134,browser,Indonesia,2024-10-07,45.0,Wall Clock,Generic,Home,invalid,40,1778597805
147,casual,Vietnam,2025-03-04,40.0,Office Chair,Ikea,,view,200,1778597805
375,browser,Malaysia,2026-01-12,27.0,Sports Shorts,Nike,Fashion,click,-50,1778597805
52,casual,Singapore,2026-02-12,60.0,Dumbbells,Decathlon,Sports,purchase,750,1778597805
2,buyer,Malaysia,2024-07-24,,Office Chair,Ikea,Home,invalid,200,1778597805
242,buyer,Singapore,2024-10-23,16.0,Running Shoes,Nike,,view,120,1778597805
,browser,Singapore,2024-09-12,57.0,Basketball,Nike,Sports,view,350,1778597805
32,casual,Indonesia,2026-03-21,51.0,Hair Dryer,Philips,Beauty,view,-80,1778597805
61,browser,Malaysia,2024-12-17,67.0,Data Science Handbook,Packt,Books,view,70,1778597805
104,browser,Indonesia,2025-07-15,17.0,Sneakers,Adidas,Fashion,view,450,1778597805
90,casual,Indonesia,2024-05-29,6.0,Samsung Tablet,Samsung,Electronics,view,700,1778597805
130,buyer,Singapore,2025-12-31,28.0,Formal Shirt,Zara,Fashion,purchase,-90,1778597805
4,casual,Malaysia,2024-10-11,2.0,Samsung Galaxy S23,Samsung,Electronics,click,1000,1778597805
432,browser,Indonesia,2025-04-12,1635.0,Sneakers,Adidas,Fashion,view,150,1778597805
,browser,Malaysia,2024-09-20,23.0,Cap,Nike,Fashion,view,30,1778597805
8,buyer,Thailand,2025-02-06,69.0,Business Strategy Book,Harvard Press,Books,purchase,60,1778597805
226,browser,Malaysia,2024-10-09,59.0,Yoga Mat,Decathlon,,view,-360,1778597805
484,browser,Thailand,2025-06-19,24.0,Sunglasses,Ray-Ban,Fashion,view,180,1778597805
166,browser,Indonesia,2024-06-25,4358.0,Bed Frame,Ikea,Home,view,900,1778597805
unknown_user,buyer,Malaysia,2025-08-24,65.0,Water Bottle,Stanley,Sports,purchase,25,1778597805
278,browser,Singapore,2025-07-28,69.0,Business Strategy Book,Harvard Press,Books,view,60,1778597805
145,browser,Singapore,2024-05-29,45.0,Wall Clock,Generic,Home,view,40,1778597805
64,casual,Singapore,2025-01-09,34.0,Blender,Philips,Home,click,100,1778597805
417,casual,Malaysia,2026-05-02,1.0,iPhone 15,Apple,Electronics,view,1200,1778597805
257,browser,Malaysia,2025-02-21,41.0,Bed Frame,Ikea,Home,view,900,1778597805
174,browser,Malaysia,2024-07-06,,4K Monitor,LG,,view,600,1778597805
68,browser,Singapore,2024-08-26,1.0,iPhone 15,Apple,Electronics,view,1200,1778597805
,buyer,Indonesia,2025-01-31,4.0,Dell XPS 13,Dell,Electronics,purchase,-1800,1778597805
166,browser,Malaysia,2025-12-29,12.0,Wireless Mouse,Logitech,Electronics,view,80,1778597805
unknown_user,buyer,Singapore,2025-11-21,,Bed Frame,Ikea,Home,purchase,900,1778597805
299,buyer,Vietnam,2024-08-19,62.0,Cycling Helmet,Giro,Sports,click,80,1778597805
84,buyer,Vietnam,2024-07-22,52.0,Makeup Kit,Maybelline,Beauty,purchase,840,1778597805
177,browser,Singapore,2025-10-27,1474.0,Cycling Helmet,Giro,,view,80,1778597805
200,casual,Malaysia,2025-06-20,22.0,Hoodie,Puma,Fashion,purchase,90,1778597805
unknown_user,browser,Malaysia,2024-10-23,40.0,Office Chair,Ikea,Home,view,200,1778597805
162,casual,Singapore,2024-11-12,34.0,Blender,Philips,Home,view,600,1778597805
211,browser,Singapore,2024-08-09,,Data Science Handbook,Packt,Books,view,70,1778597805
unknown_user,buyer,Singapore,2025-04-26,64.0,Gym Bag,Nike,Sports,purchase,-900,1778597805
440,casual,Malaysia,2024-09-12,33.0,Vacuum Cleaner,Dyson,Home,view,300,1778597805
333,browser,Singapore,2025-02-11,56.0,Football,Adidas,Sports,view,40,1778597805
474,browser,Malaysia,2026-01-21,55.0,Nail Polish,O.P.I,Beauty,view,15,1778597805
285,casual,Vietnam,2025-03-16,11.0,Mechanical Keyboard,Logitech,Electronics,view,-150,1778597805
,browser,Indonesia,2025-09-29,13.0,4K Monitor,LG,Electronics,view,600,1778597805
,casual,Malaysia,2025-01-11,,Cap,Nike,Fashion,purchase,30,1778597805
unknown_user,browser,Indonesia,2026-04-19,22.0,Hoodie,Puma,Fashion,purchase,90,1778597805
,browser,Malaysia,2024-11-23,43.0,Desk Lamp,Philips,Home,view,50,1778597805
449,buyer,Malaysia,2025-01-11,,Gaming Laptop,Asus,Electronics,invalid,2200,1778597805
unknown_user,browser,Malaysia,2024-09-19,14.0,External SSD,Samsung,Electronics,invalid,200,1778597805
328,browser,Philippines,2025-04-06,7.0,Sony Headphones,Sony,Electronics,view,300,1778597805
439,buyer,Philippines,2026-01-16,68.0,Machine Learning Guide,O'Reilly,Books,view,80,1778597805
419,buyer,Malaysia,2025-09-22,5.0,iPad Air,Apple,Electronics,purchase,900,1778597805
43,browser,Thailand,2025-07-03,17.0,Sneakers,Adidas,Fashion,view,-150,1778597805
59,browser,Indonesia,2025-08-28,63.0,Skipping Rope,Decathlon,Sports,view,20,1778597805
,buyer,Singapore,2024-12-20,,Rice Cooker,Panasonic,Home,view,120,1778597805
84,browser,Malaysia,2026-05-03,,iPhone 15,Apple,Electronics,view,1200,1778597805
44,browser,Thailand,2024-07-30,19.0,T-Shirt,Uniqlo,Fashion,view,40,1778597805
475,browser,Indonesia,2025-03-16,23.0,Cap,Nike,Fashion,view,30,1778597805
281,buyer,Malaysia,2026-05-07,63.0,Skipping Rope,Decathlon,Sports,click,180,1778597805
201,buyer,Malaysia,2024-12-23,17.0,Sneakers,Adidas,,view,150,1778597805
178,casual,Indonesia,2024-10-26,24.0,Sunglasses,Ray-Ban,Fashion,click,180,1778597805
432,browser,Thailand,2026-03-03,68.0,Machine Learning Guide,O'Reilly,,click,80,1778597805
unknown_user,browser,Singapore,2025-05-04,48.0,Lipstick,Maybelline,Beauty,click,125,1778597805
269,casual,Malaysia,2025-11-07,59.0,Yoga Mat,Decathlon,,purchase,60,1778597805
411,browser,Malaysia,2026-04-19,21.0,Dress,H&M,Fashion,view,120,1778597805
232,browser,Malaysia,2025-05-12,38.0,Toaster,Philips,Home,view,70,1778597805
408,casual,Philippines,2026-04-01,,Water Bottle,Stanley,Sports,view,-25,1778597805
301,browser,Malaysia,2024-09-10,45.0,Wall Clock,Generic,Home,view,40,1778597805
205,buyer,Thailand,2024-06-17,,Sneakers,Adidas,,click,150,1778597805
356,browser,Malaysia,2025-07-24,2089.0,Treadmill,Technogym,Sports,view,1500,1778597805
138,buyer,Malaysia,2025-04-01,9.0,Smart Watch,Fitbit,Electronics,purchase,2400,1778597805
128,browser,Malaysia,2025-02-06,1.0,iPhone 15,Apple,Electronics,view,1200,1778597805
349,casual,Singapore,2025-03-25,19.0,T-Shirt,Uniqlo,Fashion,purchase,40,1778597805
85,browser,Malaysia,2026-01-17,,Body Lotion,Dove,Beauty,invalid,25,1778597805
unknown_user,browser,Malaysia,2025-11-29,35.0,Rice Cooker,Panasonic,Home,view,120,1778597805
,casual,Malaysia,2025-05-11,46.0,Face Cleanser,Nivea,Beauty,click,30,1778597805
46,browser,Malaysia,2025-04-24,,Sofa,Ikea,Home,view,1200,1778597805
52,browser,Indonesia,2026-01-05,23.0,Cap,Nike,Fashion,view,30,1778597805
272,casual,Vietnam,2024-10-20,16.0,Running Shoes,Nike,Fashion,click,-120,1778597805
261,casual,Malaysia,2024-07-31,29.0,Sandals,Havaianas,Fashion,view,420,1778597805
209,buyer,Malaysia,2025-06-29,16.0,Running Shoes,Nike,Fashion,click,120,1778597805
20,browser,Malaysia,2024-08-04,53.0,Sunscreen,Nivea,,view,35,1778597805
,browser,Thailand,2024-06-02,12.0,Wireless Mouse,Logitech,Electronics,view,80,1778597805
133,browser,Malaysia,2026-04-11,60.0,Dumbbells,Decathlon,Sports,view,150,1778597805
164,casual,Singapore,2024-08-20,,Curtains,Ikea,Home,view,120,1778597805
342,browser,Malaysia,2025-02-09,50.0,Shampoo,Dove,Beauty,view,-20,1778597805
unknown_user,casual,Singapore,2025-04-03,63.0,Skipping Rope,Decathlon,Sports,view,20,1778597805
70,casual,Malaysia,2025-05-15,13.0,4K Monitor,LG,Electronics,view,600,1778597805
239,buyer,Indonesia,2026-02-03,60.0,Dumbbells,Decathlon,,purchase,150,1778597805
357,casual,Malaysia,2024-07-23,65.0,Water Bottle,Stanley,Sports,invalid,250,1778597805
10,browser,Malaysia,2024-06-28,3.0,MacBook Pro,Apple,Electronics,view,2500,1778597805
454,casual,Malaysia,2024-08-29,4909.0,Formal Shirt,Zara,,purchase,90,1778597805
310,browser,Thailand,2025-07-26,38.0,Toaster,Philips,Home,view,-70,1778597805
365,browser,Philippines,2025-04-26,56.0,Football,Adidas,Sports,view,40,1778597805
40,browser,Malaysia,2025-03-21,63.0,Skipping Rope,Decathlon,Sports,view,-20,1778597805
55,browser,Malaysia,2025-06-14,45.0,Wall Clock,Generic,Home,click,40,1778597805
285,casual,Thailand,2025-11-22,54.0,Body Lotion,Dove,Beauty,view,25,1778597805
226,browser,Singapore,2025-08-29,55.0,Nail Polish,O.P.I,Beauty,view,15,1778597805
,browser,Singapore,2026-05-07,46.0,Face Cleanser,Nivea,Beauty,view,30,1778597805
195,buyer,Indonesia,2024-06-13,,External SSD,Samsung,Electronics,purchase,200,1778597805
123,browser,Singapore,2024-07-26,69.0,Business Strategy Book,Harvard Press,Books,click,60,1778597805
191,browser,Thailand,2025-12-29,56.0,Football,Adidas,Sports,view,40,1778597805
347,casual,Malaysia,2024-12-22,17.0,Sneakers,Adidas,Fashion,view,150,1778597805
382,buyer,Malaysia,2025-02-18,4838.0,Hoodie,Puma,Fashion,view,90,1778597805
unknown_user,browser,Singapore,2024-10-04,3999.0,Sunscreen,Nivea,Beauty,view,350,1778597805
336,browser,Indonesia,2025-08-07,63.0,Skipping Rope,Decathlon,Sports,click,20,1778597805
191,browser,Malaysia,2025-05-11,4648.0,Machine Learning Guide,O'Reilly,Books,view,-80,1778597805
377,browser,Singapore,2025-06-08,2164.0,Bluetooth Speaker,JBL,Electronics,view,-120,1778597805
352,casual,Indonesia,2026-05-05,40.0,Office Chair,Ikea,Home,view,200,1778597805
,browser,Indonesia,2024-10-20,44.0,Curtains,Ikea,Home,view,960,1778597805
236,browser,Indonesia,2025-01-02,46.0,Face Cleanser,Nivea,Beauty,view,30,1778597805
42,browser,Thailand,2024-12-18,3.0,MacBook Pro,Apple,,click,2500,1778597805
333,casual,Malaysia,2025-02-01,2394.0,Samsung Galaxy S23,Samsung,Electronics,view,1000,1778597805
269,browser,Malaysia,2025-05-14,64.0,Gym Bag,Nike,Sports,view,630,1778597805
unknown_user,browser,Philippines,2025-04-08,12.0,Wireless Mouse,Logitech,Electronics,view,80,1778597805
128,casual,Vietnam,2025-12-23,,Perfume,Dior,Beauty,click,150,1778597805
323,buyer,Malaysia,2026-03-04,18.0,Jeans,Levi's,,purchase,80,1778597805
70,browser,Malaysia,2025-01-09,4209.0,Mechanical Keyboard,Logitech,Electronics,click,150,1778597805
322,casual,Thailand,2025-08-05,3.0,MacBook Pro,Apple,Electronics,click,22500,1778597805
483,browser,Malaysia,2025-11-08,8.0,AirPods Pro,Apple,Electronics,click,250,1778597805
225,browser,Indonesia,2025-04-27,61.0,Treadmill,Technogym,,view,1500,1778597805
99,buyer,Thailand,2025-07-03,9.0,Smart Watch,Fitbit,Electronics,purchase,400,1778597805
unknown_user,browser,Malaysia,2025-01-24,17.0,Sneakers,Adidas,Fashion,view,-150,1778597805
311,buyer,Singapore,2024-06-29,2131.0,Wall Clock,Generic,Home,view,40,1778597805
447,casual,Malaysia,2024-12-30,18.0,Jeans,Levi's,Fashion,purchase,80,1778597805
42,buyer,Singapore,2025-05-29,69.0,Business Strategy Book,Harvard Press,Books,purchase,300,1778597805
303,browser,Malaysia,2025-02-27,10.0,Gaming Laptop,Asus,Electronics,view,19800,1778597805
292,casual,Malaysia,2025-02-20,21.0,Dress,H&M,Fashion,view,120,1778597805
113,browser,Singapore,2024-12-02,,Leather Belt,Levi's,Fashion,view,60,1778597805
63,browser,Thailand,2025-01-04,2584.0,Shampoo,Dove,Beauty,click,20,1778597805
489,browser,Malaysia,2025-10-29,50.0,Shampoo,Dove,Beauty,view,20,1778597805
458,buyer,Malaysia,2024-11-03,46.0,Face Cleanser,Nivea,Beauty,click,-240,1778597805
29,browser,Philippines,2026-03-03,3993.0,Jacket,Zara,Fashion,view,200,1778597805
,buyer,Malaysia,2024-06-03,2966.0,Cycling Helmet,Giro,Sports,view,80,1778597805
,casual,Philippines,2024-07-12,54.0,Body Lotion,Dove,Beauty,click,25,1778597805
89,casual,Malaysia,2025-08-01,1028.0,Mechanical Keyboard,Logitech,Electronics,click,1050,1778597805
484,browser,Singapore,2026-05-05,37.0,Microwave Oven,Samsung,Home,view,250,1778597805
279,buyer,Singapore,2026-03-09,51.0,Hair Dryer,Philips,Beauty,purchase,80,1778597805
464,casual,Thailand,2024-09-10,37.0,Microwave Oven,Samsung,Home,view,250,1778597805
198,browser,Malaysia,2024-10-25,47.0,Moisturizer,Nivea,Beauty,view,160,1778597805
297,browser,Malaysia,2026-02-12,61.0,Treadmill,Technogym,Sports,invalid,1500,1778597805
unknown_user,buyer,Malaysia,2026-02-18,,Samsung Galaxy S23,Samsung,,view,10000,1778597805
370,casual,Thailand,2024-08-14,44.0,Curtains,Ikea,Home,purchase,120,1778597805
unknown_user,browser,Malaysia,2024-09-08,,Air Fryer,Xiaomi,Home,invalid,1260,1778597805
71,casual,Malaysia,2025-07-01,,Sunscreen,Nivea,,click,35,1778597805
340,buyer,Indonesia,2025-12-24,10.0,Gaming Laptop,Asus,Electronics,invalid,2200,1778597805
318,buyer,Singapore,2026-04-09,63.0,Skipping Rope,Decathlon,Sports,click,20,1778597805
242,buyer,Indonesia,2025-04-06,,Bed Frame,Ikea,Home,click,900,1778597805
51,browser,Indonesia,2026-04-23,15.0,Bluetooth Speaker,JBL,Electronics,invalid,120,1778597805
35,casual,Singapore,2026-02-24,47.0,Moisturizer,Nivea,Beauty,purchase,40,1778597805
484,browser,Malaysia,2025-04-07,27.0,Sports Shorts,Nike,Fashion,view,50,1778597805
,casual,Malaysia,2024-11-10,69.0,Business Strategy Book,Harvard Press,Books,purchase,60,1778597805
unknown_user,browser,Indonesia,2025-11-24,3.0,MacBook Pro,Apple,Electronics,view,2500,1778597805
317,browser,Singapore,2025-01-22,59.0,Yoga Mat,Decathlon,Sports,view,60,1778597805
333,browser,Malaysia,2025-08-31,2916.0,Sandals,Havaianas,Fashion,purchase,70,1778597805
380,browser,Malaysia,2025-09-05,48.0,Lipstick,Maybelline,Beauty,invalid,25,1778597805
,browser,Thailand,2026-03-23,49.0,Perfume,Dior,,view,150,1778597805
,browser,Malaysia,2025-12-14,52.0,Makeup Kit,Maybelline,Beauty,view,360,1778597805
unknown_user,browser,Philippines,2025-08-04,66.0,Python Programming Book,O'Reilly,,invalid,150,1778597805
182,browser,Malaysia,2025-04-06,66.0,Python Programming Book,O'Reilly,Books,view,50,1778597805
unknown_user,buyer,Thailand,2024-11-20,2582.0,Desk Lamp,Philips,Home,click,50,1778597805
460,buyer,Malaysia,2024-07-21,54.0,Body Lotion,Dove,Beauty,purchase,250,1778597805
462,browser,Malaysia,2025-12-14,26.0,Backpack,Adidas,Fashion,view,100,1778597805
,casual,Singapore,2024-10-23,41.0,Bed Frame,Ikea,Home,invalid,-900,1778597805
,browser,Malaysia,2024-09-04,2787.0,Air Fryer,Xiaomi,Home,click,180,1778597805
478,casual,Thailand,2024-11-04,31.0,Coffee Maker,Philips,,view,150,1778597805
unknown_user,browser,Thailand,2026-01-24,39.0,Dining Table,Ikea,Home,view,800,1778597805
79,buyer,Malaysia,2025-03-24,2623.0,Bluetooth Speaker,JBL,Electronics,invalid,120,1778597805
119,buyer,Malaysia,2025-03-26,3280.0,Cap,Nike,Fashion,click,30,1778597805
490,browser,Malaysia,2025-09-28,14.0,External SSD,Samsung,Electronics,view,800,1778597805
58,browser,Thailand,2024-08-05,70.0,Self Development Book,Penguin,Books,invalid,40,1778597805
6,browser,Thailand,2025-09-19,20.0,Jacket,Zara,Fashion,view,1600,1778597805
183,casual,Malaysia,2025-11-06,26.0,Backpack,Adidas,Fashion,click,100,1778597805
49,browser,Indonesia,2025-02-18,22.0,Hoodie,Puma,Fashion,click,90,1778597805
199,browser,Malaysia,2026-03-27,34.0,Blender,Philips,Home,view,100,1778597805
337,browser,Thailand,2026-05-06,6.0,Samsung Tablet,Samsung,Electronics,view,700,1778597805
325,browser,Malaysia,2026-03-05,69.0,Business Strategy Book,Harvard Press,Books,view,60,1778597805
28,browser,Thailand,2024-08-10,51.0,Hair Dryer,Philips,,view,-80,1778597805
437,browser,Thailand,2024-12-04,4.0,Dell XPS 13,Dell,Electronics,view,1800,1778597805
,browser,Thailand,2024-06-30,1470.0,Curtains,Ikea,Home,click,120,1778597805
114,browser,Indonesia,2025-08-31,35.0,Rice Cooker,Panasonic,Home,view,-120,1778597805
210,casual,Malaysia,2026-03-06,,Sneakers,Adidas,Fashion,invalid,150,1778597805
97,browser,Singapore,2024-05-28,,Moisturizer,Nivea,Beauty,view,40,1778597805
381,buyer,Malaysia,2026-05-09,,Running Shoes,Nike,Fashion,invalid,120,1778597805
383,casual,Thailand,2024-09-15,69.0,Business Strategy Book,Harvard Press,Books,view,420,1778597805
unknown_user,casual,Malaysia,2024-08-10,23.0,Cap,Nike,,view,30,1778597805
,casual,Indonesia,2025-06-02,57.0,Basketball,Nike,Sports,click,50,1778597805
99,browser,Thailand,2024-10-21,35.0,Rice Cooker,Panasonic,Home,view,120,1778597805
87,browser,Indonesia,2026-03-17,4829.0,Sony Headphones,Sony,Electronics,view,300,1778597805
279,browser,Indonesia,2025-08-11,44.0,Curtains,Ikea,Home,view,-120,1778597805
272,browser,Thailand,2026-03-31,10.0,Gaming Laptop,Asus,Electronics,view,2200,1778597805
59,casual,Thailand,2025-01-29,54.0,Body Lotion,Dove,,click,25,1778597805
149,browser,Malaysia,2024-09-02,57.0,Basketball,Nike,Sports,view,50,1778597805
139,buyer,Thailand,2025-04-30,49.0,Perfume,Dior,Beauty,click,150,1778597805
unknown_user,browser,Indonesia,2024-07-23,68.0,Machine Learning Guide,O'Reilly,Books,view,80,1778597805
306,browser,Malaysia,2026-03-18,23.0,Cap,Nike,Fashion,view,30,1778597805
261,browser,Malaysia,2025-11-04,46.0,Face Cleanser,Nivea,,click,30,1778597805
74,browser,Philippines,2024-08-12,27.0,Sports Shorts,Nike,,view,50,1778597805
unknown_user,buyer,Malaysia,2025-07-09,34.0,Blender,Philips,Home,purchase,100,1778597805
,casual,Thailand,2024-09-01,56.0,Football,Adidas,Sports,click,-40,1778597805
477,casual,Malaysia,2025-04-20,18.0,Jeans,Levi's,Fashion,view,320,1778597805
290,browser,Philippines,2026-01-18,44.0,Curtains,Ikea,Home,click,120,1778597805
179,browser,Singapore,2025-11-30,54.0,Body Lotion,Dove,Beauty,click,25,1778597805
,browser,Malaysia,2024-12-23,47.0,Moisturizer,Nivea,Beauty,view,40,1778597805
402,casual,Indonesia,2024-12-13,32.0,Air Fryer,Xiaomi,Home,click,180,1778597805
unknown_user,browser,Malaysia,2025-12-20,20.0,Jacket,Zara,Fashion,view,200,1778597805
396,buyer,Malaysia,2024-08-04,13.0,4K Monitor,LG,Electronics,click,600,1778597805
300,casual,Philippines,2024-06-27,19.0,T-Shirt,Uniqlo,Fashion,view,40,1778597805
,casual,Singapore,2024-11-05,27.0,Sports Shorts,Nike,Fashion,view,50,1778597805
41,browser,Singapore,2024-08-11,42.0,Sofa,Ikea,Home,view,1200,1778597805
274,browser,Vietnam,2024-07-01,41.0,Bed Frame,Ikea,Home,view,900,1778597805
424,casual,Malaysia,2026-03-11,60.0,Dumbbells,Decathlon,Sports,click,1500,1778597805
110,browser,Singapore,2025-07-01,56.0,Football,Adidas,Sports,view,40,1778597805
230,buyer,Thailand,2025-01-15,,Mechanical Keyboard,Logitech,Electronics,click,150,1778597805
408,browser,Indonesia,2024-08-01,62.0,Cycling Helmet,Giro,Sports,invalid,80,1778597805
446,buyer,Indonesia,2026-03-16,4834.0,Dell XPS 13,Dell,,view,1800,1778597805
139,browser,Singapore,2024-07-01,54.0,Body Lotion,Dove,Beauty,view,25,1778597805
28,browser,Singapore,2025-06-06,,Gym Bag,Nike,Sports,view,90,1778597805
99,browser,Indonesia,2024-12-07,,Watch,Casio,,view,250,1778597805
,buyer,Malaysia,2025-03-11,52.0,Makeup Kit,Maybelline,Beauty,invalid,120,1778597805
unknown_user,browser,Malaysia,2025-08-20,61.0,Treadmill,Technogym,Sports,view,1500,1778597805
391,browser,Thailand,2026-02-11,4.0,Dell XPS 13,Dell,Electronics,view,1800,1778597805
,casual,Philippines,2025-12-16,7.0,Sony Headphones,Sony,Electronics,purchase,300,1778597805
246,browser,Malaysia,2025-09-10,3.0,MacBook Pro,Apple,Electronics,view,2500,1778597805
147,buyer,Singapore,2024-06-02,4580.0,Gym Bag,Nike,Sports,purchase,90,1778597805
unknown_user,casual,Indonesia,2024-07-04,67.0,Data Science Handbook,Packt,Books,invalid,70,1778597805
166,buyer,Philippines,2026-01-21,69.0,Business Strategy Book,Harvard Press,,purchase,60,1778597805
unknown_user,browser,Malaysia,2025-01-30,64.0,Gym Bag,Nike,Sports,view,90,1778597805
307,casual,Malaysia,2025-07-01,68.0,Machine Learning Guide,O'Reilly,Books,purchase,80,1778597805
118,browser,Philippines,2024-08-06,8.0,AirPods Pro,Apple,Electronics,view,-250,1778597805
406,buyer,Malaysia,2026-02-20,62.0,Cycling Helmet,Giro,Sports,purchase,80,1778597805
42,casual,Malaysia,2025-07-14,59.0,Yoga Mat,Decathlon,Sports,view,240,1778597805
,browser,Indonesia,2025-08-03,12.0,Wireless Mouse,Logitech,Electronics,view,800,1778597805
69,browser,Indonesia,2026-02-21,31.0,Coffee Maker,Philips,,view,150,1778597805
423,browser,Singapore,2024-10-18,47.0,Moisturizer,Nivea,Beauty,view,40,1778597805
,casual,Singapore,2024-11-22,9.0,Smart Watch,Fitbit,Electronics,view,400,1778597805
44,buyer,Singapore,2025-07-17,,AirPods Pro,Apple,Electronics,purchase,250,1778597805
480,buyer,Malaysia,2025-10-08,21.0,Dress,H&M,Fashion,purchase,480,1778597805
73,casual,Malaysia,2025-12-11,3.0,MacBook Pro,Apple,Electronics,view,10000,1778597805
unknown_user,browser,Indonesia,2024-07-22,32.0,Air Fryer,Xiaomi,Home,view,180,1778597805
309,buyer,Malaysia,2025-12-30,,Dress,H&M,Fashion,purchase,120,1778597805
75,casual,Malaysia,2024-09-08,38.0,Toaster,Philips,Home,view,70,1778597805
263,casual,Singapore,2025-02-16,37.0,Microwave Oven,Samsung,Home,invalid,250,1778597805
154,casual,Singapore,2024-10-01,36.0,Electric Kettle,Tefal,,click,60,1778597805
180,browser,Malaysia,2025-11-16,27.0,Sports Shorts,Nike,Fashion,click,-50,1778597805
461,casual,Singapore,2025-08-10,1732.0,Leather Belt,Levi's,Fashion,click,120,1778597805
,browser,Singapore,2026-02-24,49.0,Perfume,Dior,,invalid,-150,1778597805
500,browser,Indonesia,2025-12-15,53.0,Sunscreen,Nivea,Beauty,view,35,1778597805
294,buyer,Malaysia,2024-07-08,14.0,External SSD,Samsung,Electronics,invalid,200,1778597805
271,browser,Malaysia,2025-06-19,9.0,Smart Watch,Fitbit,Electronics,purchase,400,1778597805
unknown_user,casual,Singapore,2025-10-11,6.0,Samsung Tablet,Samsung,Electronics,invalid,700,1778597805
370,browser,Thailand,2025-08-24,13.0,4K Monitor,LG,Electronics,view,600,1778597805
396,browser,Malaysia,2024-07-04,34.0,Blender,Philips,Home,view,-300,1778597805
unknown_user,browser,Malaysia,2026-02-10,23.0,Cap,Nike,Fashion,view,30,1778597805
unknown_user,buyer,Indonesia,2026-04-23,,Sofa,Ikea,Home,purchase,3600,1778597805
,buyer,Malaysia,2024-10-15,36.0,Electric Kettle,Tefal,Home,click,-600,1778597805
,browser,Thailand,2026-03-15,20.0,Jacket,Zara,Fashion,invalid,1400,1778597805
243,browser,Philippines,2025-10-28,45.0,Wall Clock,Generic,Home,click,40,1778597805
11,casual,Philippines,2024-07-30,55.0,Nail Polish,O.P.I,Beauty,view,15,1778597805
427,casual,Singapore,2025-01-01,35.0,Rice Cooker,Panasonic,Home,view,120,1778597805
24,browser,Malaysia,2024-06-22,35.0,Rice Cooker,Panasonic,Home,view,120,1778597805
150,browser,Vietnam,2025-07-24,33.0,Vacuum Cleaner,Dyson,Home,view,300,1778597805
,browser,Singapore,2024-06-29,58.0,Tennis Racket,Wilson,,view,200,1778597805
80,buyer,Indonesia,2025-05-23,65.0,Water Bottle,Stanley,Sports,purchase,25,1778597805
474,casual,Indonesia,2025-12-16,34.0,Blender,Philips,Home,click,100,1778597805
365,browser,Indonesia,2026-03-08,15.0,Bluetooth Speaker,JBL,Electronics,invalid,600,1778597805
173,casual,Indonesia,2026-03-17,,Lipstick,Maybelline,Beauty,purchase,25,1778597805
56,casual,Indonesia,2026-01-30,,Cycling Helmet,Giro,,view,80,1778597805
358,buyer,Malaysia,2024-12-19,20.0,Jacket,Zara,Fashion,view,200,1778597805
199,buyer,Vietnam,2024-06-18,57.0,Basketball,Nike,Sports,purchase,-50,1778597805
,buyer,Malaysia,2024-06-30,,Air Fryer,Xiaomi,Home,purchase,180,1778597805
unknown_user,buyer,Malaysia,2024-08-30,48.0,Lipstick,Maybelline,Beauty,click,25,1778597805
249,casual,Singapore,2024-09-24,44.0,Curtains,Ikea,Home,click,120,1778597805
314,browser,Indonesia,2025-08-07,24.0,Sunglasses,Ray-Ban,Fashion,view,180,1778597805
419,buyer,Malaysia,2025-02-28,39.0,Dining Table,Ikea,Home,purchase,800,1778597805
355,buyer,Indonesia,2026-03-26,4523.0,iPad Air,Apple,Electronics,click,900,1778597805
425,buyer,Vietnam,2025-12-04,34.0,Blender,Philips,Home,view,100,1778597805
87,buyer,Indonesia,2025-09-18,29.0,Sandals,Havaianas,Fashion,purchase,70,1778597805
368,casual,Malaysia,2025-08-03,38.0,Toaster,Philips,Home,view,70,1778597805
471,browser,Malaysia,2024-12-29,36.0,Electric Kettle,Tefal,Home,view,60,1778597805
,browser,Indonesia,2026-01-21,25.0,Leather Belt,Levi's,Fashion,view,60,1778597805
unknown_user,browser,Indonesia,2025-06-17,67.0,Data Science Handbook,Packt,Books,view,70,1778597805
42,browser,Indonesia,2024-07-21,34.0,Blender,Philips,Home,view,1000,1778597805
187,casual,Malaysia,2026-04-06,8.0,AirPods Pro,Apple,Electronics,purchase,250,1778597805
417,browser,Indonesia,2025-12-24,,Sandals,Havaianas,Fashion,view,70,1778597805
366,casual,Malaysia,2024-06-25,19.0,T-Shirt,Uniqlo,,click,40,1778597805
,browser,Thailand,2024-07-03,20.0,Jacket,Zara,Fashion,view,200,1778597805
74,browser,Malaysia,2026-02-08,38.0,Toaster,Philips,,view,70,1778597805
unknown_user,browser,Malaysia,2025-04-03,70.0,Self Development Book,Penguin,Books,view,40,1778597805
237,browser,Singapore,2025-12-08,3281.0,Coffee Maker,Philips,Home,click,150,1778597805
280,browser,Malaysia,2026-01-11,64.0,Gym Bag,Nike,Sports,view,360,1778597805
304,casual,Philippines,2026-03-22,1958.0,Smart Watch,Fitbit,Electronics,view,400,1778597805
436,browser,Singapore,2026-02-26,,Gaming Laptop,Asus,Electronics,view,17600,1778597805
59,buyer,Malaysia,2025-09-16,,Sunscreen,Nivea,Beauty,purchase,35,1778597805
173,buyer,Malaysia,2025-07-04,45.0,Wall Clock,Generic,Home,purchase,40,1778597805
354,browser,Malaysia,2025-07-22,68.0,Machine Learning Guide,O'Reilly,Books,click,80,1778597805
156,casual,Thailand,2026-03-24,,Shampoo,Dove,Beauty,view,20,1778597805
,browser,Malaysia,2025-10-15,2551.0,Football,Adidas,Sports,view,40,1778597805
,casual,Singapore,2026-04-21,3.0,MacBook Pro,Apple,Electronics,invalid,5000,1778597805
,browser,Singapore,2024-07-31,23.0,Cap,Nike,Fashion,view,30,1778597805
482,casual,Malaysia,2024-09-21,59.0,Yoga Mat,Decathlon,Sports,click,120,1778597805
unknown_user,browser,Philippines,2024-11-14,1417.0,Curtains,Ikea,Home,click,720,1778597805
492,browser,Thailand,2026-01-31,7.0,Sony Headphones,Sony,,view,300,1778597805
281,casual,Thailand,2025-12-11,68.0,Machine Learning Guide,O'Reilly,Books,click,80,1778597805
443,browser,Malaysia,2025-07-03,30.0,Watch,Casio,Fashion,purchase,2000,1778597805
unknown_user,casual,Singapore,2025-07-04,28.0,Formal Shirt,Zara,Fashion,click,90,1778597805
299,browser,Malaysia,2024-05-31,3081.0,Curtains,Ikea,Home,view,720,1778597805
159,browser,Malaysia,2025-11-05,,iPad Air,Apple,Electronics,view,900,1778597805
455,casual,Thailand,2026-02-04,28.0,Formal Shirt,Zara,Fashion,view,90,1778597805
431,browser,Malaysia,2024-12-29,49.0,Perfume,Dior,,view,750,1778597805
410,casual,Singapore,2024-07-21,60.0,Dumbbells,Decathlon,Sports,purchase,150,1778597805
73,casual,Singapore,2024-07-16,42.0,Sofa,Ikea,Home,purchase,1200,1778597805
239,browser,Indonesia,2025-04-29,40.0,Office Chair,Ikea,Home,view,200,1778597805
,browser,Indonesia,2025-10-30,16.0,Running Shoes,Nike,Fashion,view,120,1778597805
497,casual,Malaysia,2025-06-09,54.0,Body Lotion,Dove,Beauty,click,25,1778597805
368,browser,Malaysia,2025-10-30,3053.0,MacBook Pro,Apple,Electronics,view,-2500,1778597805
,casual,Thailand,2025-08-11,1006.0,Backpack,Adidas,Fashion,click,100,1778597805
336,browser,Indonesia,2025-10-11,,Skipping Rope,Decathlon,Sports,view,-20,1778597805
481,browser,Malaysia,2024-10-01,14.0,External SSD,Samsung,Electronics,view,-200,1778597805
486,browser,Malaysia,2025-02-04,48.0,Lipstick,Maybelline,Beauty,view,25,1778597805
359,buyer,Indonesia,2025-01-05,30.0,Watch,Casio,Fashion,purchase,250,1778597805
268,casual,Thailand,2026-03-02,44.0,Curtains,Ikea,Home,click,600,1778597805
unknown_user,casual,Malaysia,2025-09-17,34.0,Blender,Philips,Home,click,100,1778597805
383,casual,Malaysia,2026-05-01,36.0,Electric Kettle,Tefal,Home,click,60,1778597805
243,browser,Thailand,2025-08-10,7.0,Sony Headphones,Sony,Electronics,click,300,1778597805
unknown_user,casual,Singapore,2026-01-25,51.0,Hair Dryer,Philips,Beauty,view,-80,1778597805
48,casual,Malaysia,2025-05-06,57.0,Basketball,Nike,Sports,view,50,1778597805
144,buyer,Singapore,2026-01-10,69.0,Business Strategy Book,Harvard Press,Books,purchase,60,1778597805
254,buyer,Malaysia,2024-05-26,14.0,External SSD,Samsung,Electronics,view,200,1778597805
329,buyer,Malaysia,2025-03-30,27.0,Sports Shorts,Nike,Fashion,purchase,50,1778597805
,browser,Thailand,2025-10-14,2255.0,Shampoo,Dove,Beauty,purchase,20,1778597805
unknown_user,casual,Malaysia,2025-04-16,1.0,iPhone 15,Apple,Electronics,invalid,1200,1778597805
209,casual,Philippines,2025-08-08,22.0,Hoodie,Puma,Fashion,invalid,90,1778597805
380,buyer,Malaysia,2025-04-30,68.0,Machine Learning Guide,O'Reilly,Books,click,80,1778597805
190,buyer,Philippines,2025-08-11,61.0,Treadmill,Technogym,Sports,view,1500,1778597805
298,buyer,Philippines,2025-11-17,26.0,Backpack,Adidas,Fashion,view,500,1778597805
425,buyer,Singapore,2025-10-24,60.0,Dumbbells,Decathlon,Sports,purchase,-150,1778597805
175,casual,Thailand,2025-03-26,70.0,Self Development Book,Penguin,Books,view,40,1778597805
6,casual,Malaysia,2025-11-03,38.0,Toaster,Philips,,view,-70,1778597805
197,browser,Malaysia,2024-06-25,54.0,Body Lotion,Dove,Beauty,purchase,25,1778597805
303,browser,Malaysia,2025-01-17,1.0,iPhone 15,Apple,Electronics,view,-4800,1778597805
81,casual,Thailand,2024-06-12,27.0,Sports Shorts,Nike,Fashion,view,50,1778597805
229,buyer,Thailand,2025-10-16,47.0,Moisturizer,Nivea,Beauty,click,240,1778597805
500,browser,Malaysia,2026-04-22,1.0,iPhone 15,Apple,Electronics,click,1200,1778597805
326,casual,Malaysia,2025-10-16,,4K Monitor,LG,Electronics,purchase,600,1778597805
,browser,Thailand,2024-08-23,17.0,Sneakers,Adidas,Fashion,view,150,1778597805
79,browser,Thailand,2024-11-08,2.0,Samsung Galaxy S23,Samsung,Electronics,view,1000,1778597805
unknown_user,browser,Singapore,2024-10-28,10.0,Gaming Laptop,Asus,Electronics,view,2200,1778597805
114,buyer,Malaysia,2025-10-18,5.0,iPad Air,Apple,Electronics,click,900,1778597805
458,browser,Indonesia,2025-05-19,57.0,Basketball,Nike,Sports,view,50,1778597805
,browser,Indonesia,2025-03-23,59.0,Yoga Mat,Decathlon,Sports,view,60,1778597805
31,casual,Malaysia,2025-07-11,32.0,Air Fryer,Xiaomi,Home,view,180,1778597805
407,buyer,Singapore,2024-07-13,60.0,Dumbbells,Decathlon,Sports,click,150,1778597805
327,browser,Thailand,2025-06-23,64.0,Gym Bag,Nike,Sports,view,720,1778597805
393,casual,Malaysia,2026-03-02,36.0,Electric Kettle,Tefal,Home,click,240,1778597805
289,casual,Indonesia,2026-03-17,39.0,Dining Table,Ikea,Home,view,800,1778597805
4,browser,Thailand,2025-08-05,52.0,Makeup Kit,Maybelline,Beauty,view,120,1778597805
269,browser,Malaysia,2024-07-23,50.0,Shampoo,Dove,Beauty,invalid,20,1778597805
392,casual,Malaysia,2024-07-09,16.0,Running Shoes,Nike,Fashion,invalid,720,1778597805
380,browser,Indonesia,2025-08-19,28.0,Formal Shirt,Zara,,view,-90,1778597805
204,casual,Thailand,2025-07-18,1.0,iPhone 15,Apple,Electronics,view,-1200,1778597805
,casual,Malaysia,2024-07-08,4618.0,Bluetooth Speaker,JBL,Electronics,click,120,1778597805
401,browser,Malaysia,2025-04-04,31.0,Coffee Maker,Philips,Home,view,150,1778597805
,browser,Indonesia,2026-02-27,1927.0,Sony Headphones,Sony,Electronics,view,300,1778597805
214,browser,Indonesia,2025-04-20,55.0,Nail Polish,O.P.I,,view,15,1778597805
75,browser,Singapore,2026-01-25,65.0,Water Bottle,Stanley,Sports,invalid,25,1778597805
164,casual,Malaysia,2024-12-10,,Makeup Kit,Maybelline,Beauty,click,120,1778597805
427,casual,Singapore,2024-10-19,28.0,Formal Shirt,Zara,,view,90,1778597805
,browser,Singapore,2025-09-10,28.0,Formal Shirt,Zara,,view,-90,1778597805
468,buyer,Thailand,2024-12-06,3686.0,External SSD,Samsung,Electronics,view,200,1778597805
,buyer,Thailand,2025-03-28,16.0,Running Shoes,Nike,,purchase,120,1778597805
475,browser,Malaysia,2025-08-24,,Microwave Oven,Samsung,Home,invalid,250,1778597805
416,browser,Philippines,2025-10-18,36.0,Electric Kettle,Tefal,Home,invalid,60,1778597805
288,casual,Indonesia,2024-09-08,55.0,Nail Polish,O.P.I,Beauty,click,15,1778597805
198,casual,Malaysia,2026-05-12,20.0,Jacket,Zara,,purchase,-200,1778597805
252,browser,Singapore,2025-05-30,51.0,Hair Dryer,Philips,Beauty,view,80,1778597805
37,browser,Indonesia,2026-02-03,65.0,Water Bottle,Stanley,Sports,view,225,1778597805
,browser,Philippines,2025-06-09,4819.0,Jeans,Levi's,Fashion,view,400,1778597805
31,buyer,Malaysia,2025-07-26,23.0,Cap,Nike,Fashion,view,30,1778597805
,browser,Singapore,2024-10-24,66.0,Python Programming Book,O'Reilly,Books,view,50,1778597805
209,browser,Malaysia,2024-08-30,13.0,4K Monitor,LG,Electronics,invalid,600,1778597805
489,casual,Singapore,2026-02-12,17.0,Sneakers,Adidas,Fashion,invalid,150,1778597805
448,casual,Indonesia,2025-10-14,39.0,Dining Table,Ikea,Home,view,800,1778597805
269,casual,Singapore,2025-11-06,58.0,Tennis Racket,Wilson,Sports,view,200,1778597805
126,browser,Singapore,2025-03-28,35.0,Rice Cooker,Panasonic,Home,view,120,1778597805
483,buyer,Indonesia,2024-09-20,3978.0,Dumbbells,Decathlon,Sports,purchase,150,1778597805
128,casual,Thailand,2025-11-16,19.0,T-Shirt,Uniqlo,Fashion,click,-280,1778597805
17,casual,Malaysia,2026-05-10,51.0,Hair Dryer,Philips,Beauty,click,400,1778597805
319,buyer,Malaysia,2024-08-04,4.0,Dell XPS 13,Dell,Electronics,view,1800,1778597805
142,browser,Malaysia,2025-08-20,60.0,Dumbbells,Decathlon,Sports,view,150,1778597805
,buyer,Philippines,2025-11-27,,Bluetooth Speaker,JBL,Electronics,view,120,1778597805
151,casual,Singapore,2025-05-26,48.0,Lipstick,Maybelline,Beauty,view,25,1778597805
361,browser,Thailand,2026-02-22,,Dell XPS 13,Dell,Electronics,click,1800,1778597805
93,browser,Malaysia,2026-04-06,16.0,Running Shoes,Nike,Fashion,view,120,1778597805
117,casual,Philippines,2025-01-31,16.0,Running Shoes,Nike,Fashion,invalid,120,1778597805
152,buyer,Malaysia,2025-09-05,47.0,Moisturizer,Nivea,Beauty,purchase,40,1778597805
405,browser,Malaysia,2024-07-02,60.0,Dumbbells,Decathlon,,view,150,1778597805
124,casual,Malaysia,2025-11-08,61.0,Treadmill,Technogym,Sports,click,1500,1778597805
429,browser,Indonesia,2025-08-05,22.0,Hoodie,Puma,Fashion,view,720,1778597805
375,casual,Malaysia,2025-11-09,,Shampoo,Dove,Beauty,view,80,1778597805
38,browser,Thailand,2024-05-26,69.0,Business Strategy Book,Harvard Press,,view,60,1778597805
61,casual,Indonesia,2024-12-25,3019.0,External SSD,Samsung,Electronics,view,1200,1778597805
293,browser,Thailand,2025-08-10,2628.0,Toaster,Philips,Home,view,-70,1778597805
322,browser,Thailand,2026-01-03,58.0,Tennis Racket,Wilson,,view,200,1778597805
97,casual,Malaysia,2025-04-21,5.0,iPad Air,Apple,Electronics,click,900,1778597805
315,casual,Indonesia,2025-08-23,2953.0,Backpack,Adidas,Fashion,click,300,1778597805
,casual,Malaysia,2025-12-23,25.0,Leather Belt,Levi's,Fashion,click,60,1778597805
338,browser,Thailand,2025-09-21,19.0,T-Shirt,Uniqlo,,view,40,1778597805
,browser,Indonesia,2025-12-25,48.0,Lipstick,Maybelline,Beauty,view,25,1778597805
363,browser,Malaysia,2025-05-10,40.0,Office Chair,Ikea,Home,view,200,1778597805
192,browser,Indonesia,2024-05-14,17.0,Sneakers,Adidas,,view,150,1778597805
378,casual,Indonesia,2024-11-03,2050.0,Machine Learning Guide,O'Reilly,Books,view,80,1778597805
,browser,Malaysia,2024-10-13,16.0,Running Shoes,Nike,Fashion,view,120,1778597805
427,browser,Indonesia,2024-12-27,17.0,Sneakers,Adidas,Fashion,invalid,150,1778597805
,buyer,Malaysia,2025-09-10,54.0,Body Lotion,Dove,Beauty,view,-25,1778597805
92,casual,Thailand,2025-02-28,,Sunscreen,Nivea,Beauty,view,35,1778597805
353,casual,Malaysia,2025-07-11,3044.0,Dell XPS 13,Dell,Electronics,click,1800,1778597805
64,casual,Malaysia,2026-02-10,,iPhone 15,Apple,Electronics,view,1200,1778597805
31,browser,Malaysia,2024-08-17,55.0,Nail Polish,O.P.I,Beauty,view,-15,1778597805
477,casual,Indonesia,2026-04-20,26.0,Backpack,Adidas,Fashion,view,100,1778597805
321,browser,Malaysia,2024-07-24,45.0,Wall Clock,Generic,Home,click,40,1778597805
296,browser,Indonesia,2024-09-13,16.0,Running Shoes,Nike,,view,120,1778597805
154,casual,Malaysia,2025-06-14,52.0,Makeup Kit,Maybelline,,click,120,1778597805
94,buyer,Singapore,2024-07-26,23.0,Cap,Nike,,click,30,1778597805
339,buyer,Malaysia,2024-09-25,15.0,Bluetooth Speaker,JBL,,click,120,1778597805
325,browser,Singapore,2025-03-24,50.0,Shampoo,Dove,Beauty,view,20,1778597805
337,browser,Singapore,2026-02-10,23.0,Cap,Nike,Fashion,view,-60,1778597805
203,browser,Malaysia,2025-05-08,48.0,Lipstick,Maybelline,Beauty,invalid,25,1778597805
325,browser,Thailand,2025-11-25,4836.0,Python Programming Book,O'Reilly,Books,click,50,1778597805
359,browser,Malaysia,2026-01-06,26.0,Backpack,Adidas,Fashion,invalid,100,1778597805
unknown_user,buyer,Indonesia,2024-08-07,38.0,Toaster,Philips,Home,click,280,1778597805
unknown_user,browser,Vietnam,2025-09-03,70.0,Self Development Book,Penguin,Books,view,280,1778597805
,casual,Vietnam,2025-05-28,61.0,Treadmill,Technogym,,view,1500,1778597805
,buyer,Singapore,2026-04-10,3961.0,Moisturizer,Nivea,,purchase,40,1778597805
298,buyer,Indonesia,2025-10-30,62.0,Cycling Helmet,Giro,Sports,purchase,80,1778597805
38,casual,Indonesia,2026-02-03,19.0,T-Shirt,Uniqlo,Fashion,click,40,1778597805
46,browser,Singapore,2026-02-13,33.0,Vacuum Cleaner,Dyson,Home,view,300,1778597805
356,browser,Indonesia,2025-05-12,58.0,Tennis Racket,Wilson,Sports,view,200,1778597805
244,browser,Malaysia,2024-07-30,33.0,Vacuum Cleaner,Dyson,Home,view,300,1778597805
unknown_user,casual,Malaysia,2025-07-03,,Microwave Oven,Samsung,Home,click,1000,1778597805
unknown_user,browser,Malaysia,2024-11-21,43.0,Desk Lamp,Philips,Home,invalid,400,1778597805
165,casual,Singapore,2024-06-17,58.0,Tennis Racket,Wilson,Sports,click,200,1778597805
unknown_user,casual,Malaysia,2024-08-21,54.0,Body Lotion,Dove,Beauty,click,25,1778597805
,browser,Malaysia,2025-12-10,,Dining Table,Ikea,Home,view,800,1778597805
,browser,Singapore,2024-07-06,52.0,Makeup Kit,Maybelline,Beauty,click,120,1778597805
469,browser,Singapore,2025-07-12,70.0,Self Development Book,Penguin,Books,invalid,40,1778597805
unknown_user,browser,Malaysia,2024-12-30,,Skipping Rope,Decathlon,Sports,view,200,1778597805
173,browser,Malaysia,2025-03-18,67.0,Data Science Handbook,Packt,Books,view,-70,1778597805
unknown_user,casual,Singapore,2024-08-13,51.0,Hair Dryer,Philips,Beauty,invalid,80,1778597805
,casual,Indonesia,2025-08-17,63.0,Skipping Rope,Decathlon,,view,20,1778597805
285,casual,Malaysia,2025-05-14,1418.0,Jeans,Levi's,Fashion,click,80,1778597805
452,casual,Malaysia,2025-10-02,43.0,Desk Lamp,Philips,Home,view,50,1778597805
unknown_user,browser,Vietnam,2025-05-02,2663.0,Jeans,Levi's,Fashion,view,80,1778597805
259,browser,Vietnam,2025-05-28,14.0,External SSD,Samsung,Electronics,invalid,400,1778597805
unknown_user,browser,Thailand,2025-12-20,56.0,Football,Adidas,Sports,view,40,1778597805
423,buyer,Singapore,2024-05-15,,Nail Polish,O.P.I,Beauty,invalid,-15,1778597805
unknown_user,buyer,Singapore,2024-11-25,4.0,Dell XPS 13,Dell,Electronics,click,-1800,1778597805
96,buyer,Malaysia,2025-05-09,36.0,Electric Kettle,Tefal,Home,click,240,1778597805
183,browser,Malaysia,2024-07-07,,Treadmill,Technogym,Sports,view,1500,1778597805
unknown_user,buyer,Thailand,2024-07-15,,Basketball,Nike,Sports,purchase,50,1778597805
,browser,Malaysia,2024-10-19,38.0,Toaster,Philips,Home,view,70,1778597805
193,buyer,Thailand,2026-04-28,,Data Science Handbook,Packt,,click,70,1778597805
451,casual,Indonesia,2026-05-04,65.0,Water Bottle,Stanley,Sports,view,25,1778597805
,buyer,Thailand,2025-11-16,46.0,Face Cleanser,Nivea,Beauty,purchase,-30,1778597805
184,buyer,Malaysia,2026-03-13,16.0,Running Shoes,Nike,Fashion,click,120,1778597805
138,casual,Singapore,2024-09-29,21.0,Dress,H&M,Fashion,invalid,120,1778597805
246,casual,Singapore,2025-10-16,52.0,Makeup Kit,Maybelline,,invalid,840,1778597805
272,casual,Malaysia,2025-02-05,43.0,Desk Lamp,Philips,Home,click,50,1778597805
252,browser,Thailand,2024-06-28,57.0,Basketball,Nike,Sports,view,500,1778597805
176,browser,Singapore,2026-03-19,70.0,Self Development Book,Penguin,Books,view,40,1778597805
,casual,Singapore,2025-10-08,22.0,Hoodie,Puma,Fashion,click,90,1778597805
,browser,Singapore,2024-10-31,14.0,External SSD,Samsung,Electronics,view,200,1778597805
,browser,Malaysia,2025-05-02,54.0,Body Lotion,Dove,Beauty,view,100,1778597805
2,browser,Malaysia,2025-10-25,47.0,Moisturizer,Nivea,Beauty,view,40,1778597805
,buyer,Malaysia,2024-10-03,62.0,Cycling Helmet,Giro,,purchase,720,1778597805
465,buyer,Malaysia,2024-11-01,27.0,Sports Shorts,Nike,Fashion,invalid,50,1778597805
186,buyer,Singapore,2025-05-08,59.0,Yoga Mat,Decathlon,Sports,click,60,1778597805
482,browser,Malaysia,2024-08-05,25.0,Leather Belt,Levi's,,invalid,60,1778597805
3,casual,Indonesia,2024-08-31,32.0,Air Fryer,Xiaomi,Home,click,360,1778597805
unknown_user,casual,Philippines,2025-12-14,43.0,Desk Lamp,Philips,,view,50,1778597805
75,browser,Singapore,2025-11-14,37.0,Microwave Oven,Samsung,Home,view,1750,1778597805
unknown_user,browser,Malaysia,2025-07-13,41.0,Bed Frame,Ikea,Home,view,900,1778597805
,buyer,Malaysia,2026-05-04,9.0,Smart Watch,Fitbit,Electronics,click,400,1778597805
51,buyer,Thailand,2026-02-18,27.0,Sports Shorts,Nike,Fashion,purchase,50,1778597805
250,buyer,Indonesia,2025-03-28,54.0,Body Lotion,Dove,Beauty,purchase,25,1778597805
unknown_user,browser,Singapore,2025-01-31,2656.0,Sneakers,Adidas,,view,150,1778597805
,buyer,Malaysia,2026-01-30,27.0,Sports Shorts,Nike,Fashion,purchase,50,1778597805
264,browser,Philippines,2024-05-13,24.0,Sunglasses,Ray-Ban,Fashion,view,180,1778597805
448,browser,Singapore,2024-12-26,66.0,Python Programming Book,O'Reilly,Books,view,350,1778597805
154,browser,Vietnam,2024-05-20,15.0,Bluetooth Speaker,JBL,Electronics,view,-120,1778597805
,browser,Singapore,2025-05-07,51.0,Hair Dryer,Philips,Beauty,view,-80,1778597805
,buyer,Malaysia,2024-09-21,,Water Bottle,Stanley,Sports,purchase,75,1778597805
unknown_user,browser,Indonesia,2024-11-08,51.0,Hair Dryer,Philips,,view,560,1778597805
50,buyer,Thailand,2025-08-15,11.0,Mechanical Keyboard,Logitech,,view,150,1778597805
409,browser,Malaysia,2024-12-04,36.0,Electric Kettle,Tefal,Home,view,60,1778597805
109,browser,Malaysia,2024-11-17,54.0,Body Lotion,Dove,Beauty,view,175,1778597805
478,casual,Malaysia,2025-08-25,48.0,Lipstick,Maybelline,Beauty,click,25,1778597805
479,browser,Singapore,2024-09-10,63.0,Skipping Rope,Decathlon,Sports,view,20,1778597805
404,browser,Malaysia,2025-10-20,62.0,Cycling Helmet,Giro,Sports,view,80,1778597805
,buyer,Indonesia,2026-02-08,15.0,Bluetooth Speaker,JBL,Electronics,view,960,1778597805
384,browser,Malaysia,2026-03-28,36.0,Electric Kettle,Tefal,Home,view,540,1778597805
489,browser,Singapore,2025-11-05,,Cap,Nike,Fashion,view,30,1778597805
459,casual,Malaysia,2025-03-29,45.0,Wall Clock,Generic,Home,invalid,40,1778597805
484,browser,Malaysia,2025-10-19,6.0,Samsung Tablet,Samsung,Electronics,view,700,1778597805
,buyer,Thailand,2024-09-05,23.0,Cap,Nike,Fashion,purchase,30,1778597805
2,browser,Malaysia,2025-06-25,61.0,Treadmill,Technogym,Sports,view,1500,1778597805
9,buyer,Malaysia,2025-07-05,62.0,Cycling Helmet,Giro,Sports,invalid,80,1778597805
62,browser,Singapore,2024-09-20,11.0,Mechanical Keyboard,Logitech,Electronics,view,150,1778597805
499,buyer,Singapore,2024-08-25,10.0,Gaming Laptop,Asus,,click,2200,1778597805
383,casual,Singapore,2025-07-20,62.0,Cycling Helmet,Giro,Sports,click,80,1778597805
365,browser,Malaysia,2026-03-14,16.0,Running Shoes,Nike,Fashion,view,120,1778597805
109,buyer,Malaysia,2025-10-03,1078.0,Blender,Philips,,purchase,100,1778597805
139,browser,Thailand,2025-01-17,49.0,Perfume,Dior,Beauty,view,150,1778597805
401,browser,Malaysia,2025-09-18,3.0,MacBook Pro,Apple,Electronics,view,-2500,1778597805
,casual,Indonesia,2026-05-02,13.0,4K Monitor,LG,Electronics,click,600,1778597805
unknown_user,casual,Malaysia,2026-02-28,1333.0,Mechanical Keyboard,Logitech,Electronics,view,150,1778597805
291,browser,Thailand,2025-12-10,49.0,Perfume,Dior,Beauty,invalid,-1050,1778597805
91,browser,Thailand,2024-06-17,63.0,Skipping Rope,Decathlon,Sports,view,20,1778597805
,buyer,Singapore,2026-04-28,,Sony Headphones,Sony,Electronics,click,300,1778597805
292,browser,Malaysia,2025-06-24,3041.0,Gaming Laptop,Asus,Electronics,view,6600,1778597805
unknown_user,browser,Malaysia,2025-11-17,3613.0,Machine Learning Guide,O'Reilly,Books,view,-80,1778597805
10,casual,Indonesia,2024-11-04,22.0,Hoodie,Puma,Fashion,purchase,90,1778597805
450,browser,Malaysia,2026-05-06,10.0,Gaming Laptop,Asus,,view,2200,1778597805
29,browser,Malaysia,2024-06-11,38.0,Toaster,Philips,Home,click,70,1778597805
438,browser,Singapore,2025-05-01,4185.0,AirPods Pro,Apple,Electronics,view,250,1778597805
243,browser,Malaysia,2026-02-04,63.0,Skipping Rope,Decathlon,Sports,view,20,1778597805
262,casual,Malaysia,2025-08-31,34.0,Blender,Philips,Home,view,100,1778597805
354,browser,Malaysia,2024-09-23,64.0,Gym Bag,Nike,Sports,view,720,1778597805
161,buyer,Thailand,2026-03-24,66.0,Python Programming Book,O'Reilly,Books,invalid,50,1778597805
434,buyer,Malaysia,2025-02-11,3423.0,Desk Lamp,Philips,Home,purchase,50,1778597805
,casual,Indonesia,2025-07-13,48.0,Lipstick,Maybelline,,view,-25,1778597805
unknown_user,browser,Thailand,2025-10-28,51.0,Hair Dryer,Philips,Beauty,view,80,1778597805
59,browser,Indonesia,2025-11-01,41.0,Bed Frame,Ikea,Home,view,4500,1778597805
134,browser,Philippines,2025-05-04,7.0,Sony Headphones,Sony,Electronics,click,-300,1778597805
185,browser,Indonesia,2025-04-05,54.0,Body Lotion,Dove,Beauty,invalid,200,1778597805
unknown_user,casual,Malaysia,2025-01-17,7.0,Sony Headphones,Sony,Electronics,click,300,1778597805
,casual,Malaysia,2025-05-11,52.0,Makeup Kit,Maybelline,Beauty,purchase,-120,1778597805
306,browser,Malaysia,2026-05-10,15.0,Bluetooth Speaker,JBL,,view,120,1778597805
492,casual,Malaysia,2025-01-24,70.0,Self Development Book,Penguin,,view,40,1778597805
485,buyer,Singapore,2025-05-12,24.0,Sunglasses,Ray-Ban,Fashion,purchase,180,1778597805
291,browser,Malaysia,2024-09-29,49.0,Perfume,Dior,Beauty,view,-150,1778597805
16,browser,Malaysia,2025-02-28,66.0,Python Programming Book,O'Reilly,Books,view,50,1778597805
467,browser,Malaysia,2025-10-08,4027.0,Nail Polish,O.P.I,Beauty,view,15,1778597805
81,buyer,Malaysia,2024-07-25,25.0,Leather Belt,Levi's,Fashion,click,60,1778597805
87,casual,Singapore,2024-05-27,4699.0,Perfume,Dior,Beauty,purchase,-150,1778597805
,browser,Malaysia,2025-01-19,3206.0,Toaster,Philips,Home,purchase,70,1778597805
229,buyer,Thailand,2025-03-31,18.0,Jeans,Levi's,Fashion,view,80,1778597805
176,casual,Singapore,2025-03-05,1412.0,Cycling Helmet,Giro,Sports,purchase,80,1778597805
445,casual,Philippines,2024-11-01,1.0,iPhone 15,Apple,Electronics,purchase,1200,1778597805
9,casual,Thailand,2025-04-19,45.0,Wall Clock,Generic,Home,click,40,1778597805
218,browser,Thailand,2024-12-24,58.0,Tennis Racket,Wilson,Sports,view,600,1778597805
275,browser,Philippines,2025-10-30,54.0,Body Lotion,Dove,Beauty,view,25,1778597805
219,browser,Singapore,2024-12-22,43.0,Desk Lamp,Philips,Home,view,-50,1778597805
111,browser,Philippines,2024-07-28,56.0,Football,Adidas,Sports,view,40,1778597805
421,browser,Malaysia,2025-03-14,7.0,Sony Headphones,Sony,Electronics,view,2700,1778597805
412,buyer,Indonesia,2025-10-08,25.0,Leather Belt,Levi's,Fashion,purchase,480,1778597805
unknown_user,casual,Singapore,2024-06-19,4709.0,Watch,Casio,Fashion,click,250,1778597805
52,browser,Singapore,2025-10-31,,Blender,Philips,Home,view,100,1778597805
79,browser,Malaysia,2025-01-21,,Face Cleanser,Nivea,,view,30,1778597805
,casual,Malaysia,2025-10-12,26.0,Backpack,Adidas,,view,100,1778597805
188,buyer,Malaysia,2025-04-23,42.0,Sofa,Ikea,Home,purchase,1200,1778597805
unknown_user,casual,Malaysia,2025-04-15,70.0,Self Development Book,Penguin,Books,view,-40,1778597805
401,browser,Philippines,2025-05-27,29.0,Sandals,Havaianas,Fashion,view,70,1778597805
119,browser,Malaysia,2026-03-23,4223.0,Office Chair,Ikea,Home,view,200,1778597805
,browser,Indonesia,2024-10-30,68.0,Machine Learning Guide,O'Reilly,Books,purchase,80,1778597805
337,casual,Malaysia,2025-04-03,2047.0,Nail Polish,O.P.I,Beauty,view,-90,1778597805
283,browser,Singapore,2025-03-11,8.0,AirPods Pro,Apple,Electronics,view,250,1778597805
104,browser,Singapore,2024-11-16,54.0,Body Lotion,Dove,Beauty,view,25,1778597805
385,casual,Philippines,2026-02-28,3298.0,Microwave Oven,Samsung,Home,view,250,1778597805
,casual,Malaysia,2026-03-16,35.0,Rice Cooker,Panasonic,Home,view,120,1778597805
186,buyer,Indonesia,2024-09-22,38.0,Toaster,Philips,Home,purchase,70,1778597805
465,browser,Malaysia,2024-07-11,21.0,Dress,H&M,Fashion,view,-120,1778597805
122,casual,Thailand,2025-06-24,48.0,Lipstick,Maybelline,Beauty,invalid,25,1778597805
50,casual,Malaysia,2025-04-09,62.0,Cycling Helmet,Giro,Sports,view,80,1778597805
285,browser,Malaysia,2024-11-02,3584.0,Samsung Galaxy S23,Samsung,Electronics,click,1000,1778597805
366,casual,Thailand,2026-04-16,28.0,Formal Shirt,Zara,,view,-90,1778597805
unknown_user,casual,Malaysia,2025-06-11,4668.0,Hoodie,Puma,Fashion,view,90,1778597805
415,buyer,Singapore,2024-12-20,34.0,Blender,Philips,Home,click,100,1778597805
142,casual,Indonesia,2026-02-12,68.0,Machine Learning Guide,O'Reilly,Books,click,80,1778597805
243,casual,Vietnam,2024-10-06,16.0,Running Shoes,Nike,Fashion,click,120,1778597805
169,buyer,Indonesia,2026-01-29,,Bluetooth Speaker,JBL,Electronics,purchase,120,1778597805
459,browser,Malaysia,2025-09-08,5.0,iPad Air,Apple,Electronics,view,3600,1778597805
27,buyer,Philippines,2025-04-29,53.0,Sunscreen,Nivea,,click,35,1778597805
105,buyer,Indonesia,2024-09-06,32.0,Air Fryer,Xiaomi,Home,click,-180,1778597805
,casual,Philippines,2025-12-23,,Samsung Tablet,Samsung,,view,700,1778597805
379,casual,Singapore,2024-09-26,18.0,Jeans,Levi's,Fashion,invalid,80,1778597805
164,browser,Malaysia,2025-11-02,1.0,iPhone 15,Apple,Electronics,view,-1200,1778597805
316,casual,Vietnam,2024-10-04,6.0,Samsung Tablet,Samsung,Electronics,purchase,4900,1778597805
unknown_user,browser,Singapore,2026-03-11,16.0,Running Shoes,Nike,Fashion,view,120,1778597805
,casual,Malaysia,2024-05-12,9.0,Smart Watch,Fitbit,Electronics,purchase,400,1778597805
349,casual,Malaysia,2026-01-27,,Makeup Kit,Maybelline,Beauty,click,120,1778597805
207,casual,Malaysia,2025-08-25,33.0,Vacuum Cleaner,Dyson,Home,view,-300,1778597805
,buyer,Indonesia,2026-04-01,16.0,Running Shoes,Nike,Fashion,purchase,120,1778597805
58,browser,Indonesia,2025-12-05,40.0,Office Chair,Ikea,Home,invalid,200,1778597805
486,browser,Malaysia,2025-02-18,5.0,iPad Air,Apple,Electronics,view,900,1778597805
119,browser,Indonesia,2026-02-27,48.0,Lipstick,Maybelline,Beauty,view,25,1778597805
390,casual,Malaysia,2026-02-19,56.0,Football,Adidas,Sports,purchase,40,1778597805
unknown_user,buyer,Philippines,2024-12-12,13.0,4K Monitor,LG,Electronics,purchase,600,1778597805
unknown_user,buyer,Vietnam,2024-05-18,12.0,Wireless Mouse,Logitech,Electronics,purchase,80,1778597805
178,browser,Thailand,2025-09-22,37.0,Microwave Oven,Samsung,Home,purchase,-500,1778597805
405,casual,Malaysia,2025-03-22,4577.0,Blender,Philips,Home,purchase,100,1778597805
116,buyer,Malaysia,2025-05-18,70.0,Self Development Book,Penguin,Books,invalid,40,1778597805
,browser,Singapore,2024-11-01,44.0,Curtains,Ikea,Home,view,360,1778597805
401,casual,Thailand,2025-01-31,25.0,Leather Belt,Levi's,Fashion,purchase,-60,1778597805
445,browser,Malaysia,2026-03-25,1252.0,Formal Shirt,Zara,Fashion,view,-90,1778597805
205,buyer,Thailand,2026-04-12,56.0,Football,Adidas,Sports,purchase,120,1778597805
140,browser,Singapore,2025-03-06,68.0,Machine Learning Guide,O'Reilly,Books,view,640,1778597805
103,browser,Malaysia,2025-09-13,3548.0,Samsung Tablet,Samsung,,view,6300,1778597805
391,browser,Indonesia,2026-01-24,45.0,Wall Clock,Generic,,view,40,1778597805
324,casual,Malaysia,2024-06-26,28.0,Formal Shirt,Zara,Fashion,view,90,1778597805
290,casual,Malaysia,2024-08-18,2720.0,Sports Shorts,Nike,Fashion,view,50,1778597805
378,casual,Thailand,2024-09-26,52.0,Makeup Kit,Maybelline,Beauty,view,120,1778597805
293,browser,Malaysia,2025-08-08,62.0,Cycling Helmet,Giro,Sports,invalid,80,1778597805
402,buyer,Malaysia,2024-10-17,,Microwave Oven,Samsung,Home,invalid,250,1778597805
unknown_user,casual,Malaysia,2024-11-18,4390.0,Rice Cooker,Panasonic,,click,120,1778597805
195,browser,Thailand,2025-06-12,29.0,Sandals,Havaianas,Fashion,view,-70,1778597805
453,buyer,Singapore,2024-09-22,48.0,Lipstick,Maybelline,Beauty,click,25,1778597805
222,casual,Singapore,2025-08-16,19.0,T-Shirt,Uniqlo,Fashion,invalid,40,1778597805
41,casual,Singapore,2025-01-15,3637.0,Makeup Kit,Maybelline,Beauty,view,480,1778597805
unknown_user,browser,Malaysia,2026-03-27,45.0,Wall Clock,Generic,,view,40,1778597805
211,browser,Malaysia,2025-03-15,3492.0,Sneakers,Adidas,Fashion,invalid,150,1778597805
222,browser,Malaysia,2026-02-24,38.0,Toaster,Philips,Home,view,140,1778597805
239,browser,Singapore,2025-04-29,8.0,AirPods Pro,Apple,Electronics,click,250,1778597805
379,buyer,Malaysia,2025-01-28,24.0,Sunglasses,Ray-Ban,Fashion,view,-720,1778597805
56,browser,Singapore,2024-05-20,61.0,Treadmill,Technogym,Sports,view,1500,1778597805
267,casual,Singapore,2024-07-15,65.0,Water Bottle,Stanley,Sports,purchase,25,1778597805
,browser,Thailand,2024-06-26,60.0,Dumbbells,Decathlon,Sports,view,150,1778597805
168,buyer,Philippines,2024-07-18,56.0,Football,Adidas,Sports,click,40,1778597805
101,buyer,Singapore,2025-10-20,1985.0,Python Programming Book,O'Reilly,Books,invalid,100,1778597805
unknown_user,buyer,Philippines,2026-01-12,25.0,Leather Belt,Levi's,Fashion,purchase,60,1778597805
,casual,Singapore,2024-11-23,53.0,Sunscreen,Nivea,Beauty,invalid,35,1778597805
188,browser,Thailand,2025-12-23,68.0,Machine Learning Guide,O'Reilly,Books,view,80,1778597805
1,buyer,Malaysia,2026-02-03,21.0,Dress,H&M,Fashion,click,120,1778597805
239,browser,Indonesia,2025-09-30,65.0,Water Bottle,Stanley,Sports,view,25,1778597805
28,buyer,Indonesia,2025-07-23,2802.0,Lipstick,Maybelline,Beauty,purchase,-250,1778597805
166,browser,Malaysia,2024-09-02,17.0,Sneakers,Adidas,Fashion,view,150,1778597805
317,browser,Singapore,2025-12-09,,Football,Adidas,Sports,click,40,1778597805
,casual,Malaysia,2025-11-16,34.0,Blender,Philips,,invalid,800,1778597805
unknown_user,casual,Thailand,2026-02-22,45.0,Wall Clock,Generic,Home,click,160,1778597805
382,browser,Thailand,2026-04-16,23.0,Cap,Nike,Fashion,view,30,1778597805
,buyer,Indonesia,2026-01-27,2558.0,Football,Adidas,Sports,purchase,40,1778597805
12,browser,Philippines,2025-04-29,22.0,Hoodie,Puma,Fashion,view,540,1778597805
493,browser,Malaysia,2026-01-12,23.0,Cap,Nike,Fashion,view,30,1778597805
159,casual,Thailand,2024-11-19,24.0,Sunglasses,Ray-Ban,Fashion,invalid,180,1778597805
73,buyer,Thailand,2024-10-12,62.0,Cycling Helmet,Giro,Sports,click,80,1778597805
477,browser,Singapore,2026-03-10,47.0,Moisturizer,Nivea,Beauty,view,40,1778597805
422,browser,Indonesia,2025-07-08,47.0,Moisturizer,Nivea,Beauty,view,40,1778597805
unknown_user,casual,Malaysia,2026-04-03,68.0,Machine Learning Guide,O'Reilly,Books,invalid,80,1778597805
375,casual,Vietnam,2026-03-14,34.0,Blender,Philips,Home,click,100,1778597805
189,browser,Thailand,2025-12-18,1.0,iPhone 15,Apple,Electronics,view,10800,1778597805
481,browser,Thailand,2026-03-20,47.0,Moisturizer,Nivea,,view,40,1778597805
312,casual,Malaysia,2026-01-25,47.0,Moisturizer,Nivea,Beauty,purchase,-40,1778597805
423,browser,Vietnam,2025-03-18,2.0,Samsung Galaxy S23,Samsung,Electronics,invalid,1000,1778597805
87,buyer,Thailand,2024-09-03,22.0,Hoodie,Puma,Fashion,click,90,1778597805
166,casual,Malaysia,2025-07-16,47.0,Moisturizer,Nivea,Beauty,view,40,1778597805
95,browser,Malaysia,2024-09-16,64.0,Gym Bag,Nike,Sports,click,90,1778597805
unknown_user,buyer,Singapore,2025-06-24,9.0,Smart Watch,Fitbit,Electronics,purchase,400,1778597805
299,casual,Malaysia,2025-05-10,,Dell XPS 13,Dell,Electronics,view,1800,1778597805
323,browser,Malaysia,2026-03-29,44.0,Curtains,Ikea,Home,view,120,1778597805
383,buyer,Thailand,2024-06-05,,Data Science Handbook,Packt,Books,invalid,70,1778597805
,browser,Singapore,2025-01-28,13.0,4K Monitor,LG,Electronics,click,600,1778597805
428,browser,Malaysia,2025-03-02,46.0,Face Cleanser,Nivea,Beauty,view,30,1778597805
42,casual,Thailand,2025-03-23,28.0,Formal Shirt,Zara,Fashion,click,90,1778597805
322,casual,Malaysia,2024-07-20,56.0,Football,Adidas,Sports,view,40,1778597805
149,casual,Malaysia,2026-03-30,,Data Science Handbook,Packt,Books,purchase,700,1778597805
206,buyer,Thailand,2024-05-29,1.0,iPhone 15,Apple,Electronics,purchase,1200,1778597805
460,browser,Thailand,2024-06-10,,Curtains,Ikea,Home,click,120,1778597805
unknown_user,casual,Singapore,2026-02-10,32.0,Air Fryer,Xiaomi,Home,view,180,1778597805
230,casual,Malaysia,2024-07-06,57.0,Basketball,Nike,Sports,purchase,50,1778597805
129,casual,Malaysia,2025-03-13,53.0,Sunscreen,Nivea,Beauty,view,105,1778597805
145,buyer,Philippines,2024-10-21,70.0,Self Development Book,Penguin,Books,purchase,40,1778597805
,casual,Thailand,2024-11-18,4299.0,Rice Cooker,Panasonic,Home,view,120,1778597805
366,browser,Malaysia,2024-09-03,48.0,Lipstick,Maybelline,Beauty,invalid,25,1778597805
,buyer,Indonesia,2025-01-22,8.0,AirPods Pro,Apple,Electronics,purchase,250,1778597805
402,casual,Malaysia,2024-10-02,60.0,Dumbbells,Decathlon,Sports,purchase,150,1778597805
202,casual,Singapore,2025-06-04,,Sports Shorts,Nike,Fashion,view,-50,1778597805
11,casual,Indonesia,2026-03-05,17.0,Sneakers,Adidas,Fashion,purchase,150,1778597805
,browser,Malaysia,2024-12-01,57.0,Basketball,Nike,Sports,view,50,1778597805
387,buyer,Vietnam,2026-01-28,30.0,Watch,Casio,Fashion,view,250,1778597805
281,buyer,Singapore,2026-04-19,49.0,Perfume,Dior,,purchase,150,1778597805
111,casual,Indonesia,2025-06-01,38.0,Toaster,Philips,Home,view,70,1778597805
457,buyer,Indonesia,2024-09-08,16.0,Running Shoes,Nike,Fashion,invalid,120,1778597805
240,casual,Malaysia,2025-06-26,19.0,T-Shirt,Uniqlo,,click,360,1778597805
217,browser,Indonesia,2024-12-09,18.0,Jeans,Levi's,Fashion,view,80,1778597805
,casual,Singapore,2025-11-11,8.0,AirPods Pro,Apple,Electronics,click,-250,1778597805
494,browser,Malaysia,2025-08-07,26.0,Backpack,Adidas,Fashion,view,100,1778597805
173,browser,Malaysia,2026-01-23,48.0,Lipstick,Maybelline,Beauty,view,25,1778597805
,casual,Indonesia,2025-03-17,6.0,Samsung Tablet,Samsung,Electronics,view,700,1778597805
269,browser,Thailand,2025-01-27,5.0,iPad Air,Apple,Electronics,view,900,1778597805
499,browser,Indonesia,2024-08-27,53.0,Sunscreen,Nivea,Beauty,view,35,1778597805
329,casual,Malaysia,2024-10-13,63.0,Skipping Rope,Decathlon,Sports,click,20,1778597805
unknown_user,browser,Indonesia,2025-07-03,18.0,Jeans,Levi's,Fashion,view,80,1778597805
472,browser,Malaysia,2025-10-01,49.0,Perfume,Dior,Beauty,view,-150,1778597805
445,buyer,Thailand,2026-03-09,10.0,Gaming Laptop,Asus,,purchase,2200,1778597805
406,browser,Indonesia,2024-11-02,39.0,Dining Table,Ikea,Home,click,800,1778597805
298,casual,Malaysia,2025-02-28,45.0,Wall Clock,Generic,Home,purchase,40,1778597805
unknown_user,browser,Malaysia,2025-10-04,1383.0,Toaster,Philips,Home,click,70,1778597805
unknown_user,casual,Malaysia,2025-12-07,38.0,Toaster,Philips,Home,view,70,1778597805
unknown_user,browser,Malaysia,2025-07-01,25.0,Leather Belt,Levi's,Fashion,click,60,1778597805
unknown_user,casual,Indonesia,2025-02-21,19.0,T-Shirt,Uniqlo,Fashion,invalid,40,1778597805
98,casual,Thailand,2025-09-22,54.0,Body Lotion,Dove,Beauty,click,25,1778597805
,buyer,Malaysia,2025-03-27,38.0,Toaster,Philips,Home,view,70,1778597805
399,browser,Malaysia,2024-11-06,2.0,Samsung Galaxy S23,Samsung,Electronics,invalid,1000,1778597805
489,casual,Malaysia,2026-04-17,2.0,Samsung Galaxy S23,Samsung,Electronics,view,1000,1778597805
498,casual,Singapore,2025-05-06,2.0,Samsung Galaxy S23,Samsung,Electronics,view,1000,1778597805
82,browser,Indonesia,2024-07-06,35.0,Rice Cooker,Panasonic,Home,view,120,1778597805
393,browser,Malaysia,2025-01-07,11.0,Mechanical Keyboard,Logitech,Electronics,view,150,1778597805
175,casual,Malaysia,2024-07-14,34.0,Blender,Philips,Home,view,100,1778597805
unknown_user,casual,Singapore,2024-11-19,21.0,Dress,H&M,Fashion,view,120,1778597805
164,browser,Thailand,2026-04-14,51.0,Hair Dryer,Philips,,view,560,1778597805
252,casual,Indonesia,2025-09-26,66.0,Python Programming Book,O'Reilly,Books,click,50,1778597805
146,browser,Malaysia,2025-02-26,53.0,Sunscreen,Nivea,Beauty,view,35,1778597805
367,browser,Vietnam,2025-06-27,10.0,Gaming Laptop,Asus,Electronics,view,2200,1778597805
326,casual,Malaysia,2024-10-14,65.0,Water Bottle,Stanley,Sports,view,25,1778597805
,buyer,Indonesia,2026-04-15,4495.0,Business Strategy Book,Harvard Press,Books,click,60,1778597805
406,buyer,Thailand,2026-04-13,7.0,Sony Headphones,Sony,Electronics,purchase,300,1778597805
103,browser,Indonesia,2024-06-25,,AirPods Pro,Apple,Electronics,invalid,250,1778597805
495,browser,Malaysia,2025-02-21,59.0,Yoga Mat,Decathlon,Sports,view,180,1778597805
334,buyer,Malaysia,2025-02-25,52.0,Makeup Kit,Maybelline,,view,120,1778597805
71,browser,Malaysia,2026-03-17,45.0,Wall Clock,Generic,Home,invalid,40,1778597805
379,browser,Malaysia,2025-02-21,67.0,Data Science Handbook,Packt,Books,view,70,1778597805
203,browser,Indonesia,2025-10-03,2472.0,Office Chair,Ikea,Home,click,200,1778597805
148,browser,Malaysia,2025-01-06,66.0,Python Programming Book,O'Reilly,Books,view,50,1778597805
293,buyer,Vietnam,2026-02-14,64.0,Gym Bag,Nike,Sports,view,90,1778597805
,browser,Malaysia,2025-09-26,9.0,Smart Watch,Fitbit,Electronics,click,-400,1778597805
66,browser,Singapore,2024-06-04,41.0,Bed Frame,Ikea,Home,view,900,1778597805
10,browser,Malaysia,2025-07-16,53.0,Sunscreen,Nivea,Beauty,invalid,35,1778597805
218,browser,Vietnam,2024-12-13,4469.0,Wireless Mouse,Logitech,Electronics,view,80,1778597805
445,browser,Malaysia,2025-07-15,13.0,4K Monitor,LG,Electronics,view,600,1778597805
unknown_user,browser,Malaysia,2025-06-08,61.0,Treadmill,Technogym,Sports,view,1500,1778597805
92,browser,Malaysia,2024-11-08,10.0,Gaming Laptop,Asus,Electronics,click,2200,1778597805
286,browser,Malaysia,2026-04-29,42.0,Sofa,Ikea,Home,click,1200,1778597805
227,casual,Malaysia,2025-06-05,54.0,Body Lotion,Dove,Beauty,click,25,1778597805
464,buyer,Malaysia,2025-10-09,1.0,iPhone 15,Apple,Electronics,invalid,1200,1778597805
116,buyer,Indonesia,2026-02-12,17.0,Sneakers,Adidas,Fashion,purchase,150,1778597805
33,casual,Malaysia,2026-02-08,50.0,Shampoo,Dove,Beauty,click,180,1778597805
,browser,Thailand,2024-09-16,69.0,Business Strategy Book,Harvard Press,Books,view,60,1778597805
90,browser,Malaysia,2024-10-04,68.0,Machine Learning Guide,O'Reilly,Books,view,80,1778597805
329,browser,Philippines,2026-01-04,,4K Monitor,LG,,view,600,1778597805
190,buyer,Singapore,2025-08-20,2660.0,Blender,Philips,Home,view,300,1778597805
308,casual,Singapore,2025-06-14,43.0,Desk Lamp,Philips,Home,view,-250,1778597805
480,browser,Thailand,2026-01-07,,Dining Table,Ikea,Home,view,-800,1778597805
unknown_user,buyer,Vietnam,2025-10-23,58.0,Tennis Racket,Wilson,Sports,purchase,200,1778597805
235,browser,Malaysia,2026-05-04,14.0,External SSD,Samsung,Electronics,click,200,1778597805
454,casual,Vietnam,2024-10-18,7.0,Sony Headphones,Sony,Electronics,click,-300,1778597805
111,browser,Singapore,2025-11-06,22.0,Hoodie,Puma,Fashion,invalid,90,1778597805
166,buyer,Singapore,2025-10-16,1354.0,Tennis Racket,Wilson,Sports,view,200,1778597805
428,buyer,Malaysia,2025-11-16,27.0,Sports Shorts,Nike,Fashion,purchase,250,1778597805
,browser,Malaysia,2024-09-28,50.0,Shampoo,Dove,,invalid,20,1778597805
unknown_user,browser,Indonesia,2024-06-26,3.0,MacBook Pro,Apple,Electronics,purchase,2500,1778597805
258,buyer,Indonesia,2024-07-09,65.0,Water Bottle,Stanley,Sports,click,25,1778597805
unknown_user,browser,Singapore,2024-07-26,,Water Bottle,Stanley,,click,25,1778597805
422,browser,Malaysia,2026-04-14,35.0,Rice Cooker,Panasonic,Home,view,120,1778597805
282,browser,Malaysia,2024-10-05,41.0,Bed Frame,Ikea,Home,view,900,1778597805
,browser,Singapore,2025-01-04,6.0,Samsung Tablet,Samsung,Electronics,invalid,700,1778597805
442,casual,Singapore,2024-12-23,57.0,Basketball,Nike,Sports,invalid,50,1778597805
25,casual,Indonesia,2024-06-04,,Sports Shorts,Nike,Fashion,purchase,50,1778597805
,casual,Malaysia,2025-09-02,16.0,Running Shoes,Nike,Fashion,purchase,120,1778597805
180,buyer,Malaysia,2025-07-18,40.0,Office Chair,Ikea,,purchase,200,1778597805
451,buyer,Indonesia,2025-02-11,60.0,Dumbbells,Decathlon,Sports,purchase,150,1778597805
38,casual,Singapore,2026-01-27,57.0,Basketball,Nike,Sports,click,50,1778597805
283,buyer,Singapore,2025-03-26,60.0,Dumbbells,Decathlon,Sports,purchase,150,1778597805
143,casual,Malaysia,2026-04-09,,Desk Lamp,Philips,Home,click,50,1778597805
148,casual,Thailand,2024-06-18,47.0,Moisturizer,Nivea,Beauty,view,40,1778597805
,browser,Singapore,2025-07-06,21.0,Dress,H&M,Fashion,view,-120,1778597805
242,casual,Malaysia,2025-10-01,63.0,Skipping Rope,Decathlon,Sports,view,20,1778597805
393,browser,Malaysia,2026-04-26,,Dell XPS 13,Dell,Electronics,view,1800,1778597805
62,browser,Indonesia,2025-08-11,19.0,T-Shirt,Uniqlo,Fashion,view,40,1778597805
428,browser,Malaysia,2025-06-07,4.0,Dell XPS 13,Dell,,view,1800,1778597805
unknown_user,browser,Indonesia,2024-07-10,59.0,Yoga Mat,Decathlon,Sports,view,60,1778597805
259,casual,Philippines,2025-12-14,,Backpack,Adidas,Fashion,purchase,100,1778597805
480,buyer,Malaysia,2026-01-31,,Curtains,Ikea,Home,click,120,1778597805
207,browser,Malaysia,2024-05-28,,Self Development Book,Penguin,Books,view,40,1778597805
394,buyer,Malaysia,2026-01-03,24.0,Sunglasses,Ray-Ban,Fashion,invalid,180,1778597805
134,browser,Indonesia,2024-10-17,69.0,Business Strategy Book,Harvard Press,Books,view,60,1778597805
390,casual,Malaysia,2024-08-24,29.0,Sandals,Havaianas,,view,70,1778597805
315,browser,Indonesia,2025-01-14,66.0,Python Programming Book,O'Reilly,Books,view,50,1778597805
418,browser,Thailand,2025-11-17,,Moisturizer,Nivea,Beauty,view,40,1778597805
376,buyer,Malaysia,2025-01-31,,Wall Clock,Generic,Home,view,40,1778597805
314,casual,Malaysia,2024-10-11,15.0,Bluetooth Speaker,JBL,Electronics,click,120,1778597805
137,buyer,Indonesia,2026-02-25,35.0,Rice Cooker,Panasonic,Home,purchase,120,1778597805
163,buyer,Indonesia,2025-09-27,44.0,Curtains,Ikea,Home,view,120,1778597805
274,browser,Malaysia,2025-09-23,68.0,Machine Learning Guide,O'Reilly,Books,click,80,1778597805
,casual,Vietnam,2025-10-07,31.0,Coffee Maker,Philips,Home,click,150,1778597805
85,browser,Singapore,2024-06-10,50.0,Shampoo,Dove,Beauty,view,20,1778597805
157,browser,Malaysia,2024-09-25,4.0,Dell XPS 13,Dell,,view,1800,1778597805
104,browser,Indonesia,2024-10-28,39.0,Dining Table,Ikea,Home,click,3200,1778597805
438,browser,Vietnam,2024-09-17,64.0,Gym Bag,Nike,Sports,view,900,1778597805
352,browser,Malaysia,2025-06-10,9.0,Smart Watch,Fitbit,Electronics,view,-400,1778597805
156,casual,Malaysia,2024-06-18,1796.0,Sneakers,Adidas,Fashion,click,150,1778597805
unknown_user,buyer,Malaysia,2025-05-13,40.0,Office Chair,Ikea,,invalid,200,1778597805
172,buyer,Thailand,2024-12-22,20.0,Jacket,Zara,Fashion,click,200,1778597805
,browser,Singapore,2026-01-14,10.0,Gaming Laptop,Asus,Electronics,view,2200,1778597805
unknown_user,casual,Malaysia,2025-12-03,5.0,iPad Air,Apple,Electronics,click,5400,1778597805
,browser,Indonesia,2026-04-04,55.0,Nail Polish,O.P.I,Beauty,click,15,1778597805
180,buyer,Malaysia,2026-04-09,36.0,Electric Kettle,Tefal,Home,click,60,1778597805
199,browser,Thailand,2024-11-19,27.0,Sports Shorts,Nike,Fashion,view,50,1778597805
472,casual,Singapore,2025-12-28,15.0,Bluetooth Speaker,JBL,Electronics,view,120,1778597805
unknown_user,browser,Indonesia,2025-04-12,28.0,Formal Shirt,Zara,Fashion,view,90,1778597805
446,browser,Malaysia,2026-04-20,4847.0,Business Strategy Book,Harvard Press,Books,view,600,1778597805
60,browser,Thailand,2025-07-14,7.0,Sony Headphones,Sony,Electronics,view,300,1778597805
404,browser,Philippines,2026-05-07,22.0,Hoodie,Puma,Fashion,view,-90,1778597805
unknown_user,buyer,Thailand,2024-08-01,22.0,Hoodie,Puma,Fashion,purchase,90,1778597805
259,browser,Thailand,2025-11-10,38.0,Toaster,Philips,,view,630,1778597805
344,buyer,Vietnam,2025-11-28,68.0,Machine Learning Guide,O'Reilly,Books,purchase,-80,1778597805
122,browser,Singapore,2024-07-27,13.0,4K Monitor,LG,Electronics,view,600,1778597805
190,casual,Singapore,2024-06-18,1.0,iPhone 15,Apple,Electronics,click,2400,1778597805
349,casual,Malaysia,2024-11-12,54.0,Body Lotion,Dove,Beauty,click,25,1778597805
17,browser,Malaysia,2024-05-28,55.0,Nail Polish,O.P.I,,view,105,1778597805
320,buyer,Indonesia,2025-09-25,20.0,Jacket,Zara,Fashion,view,200,1778597805
152,buyer,Thailand,2025-10-24,45.0,Wall Clock,Generic,Home,purchase,40,1778597805
,browser,Singapore,2025-12-01,3144.0,Dell XPS 13,Dell,Electronics,view,5400,1778597805
unknown_user,browser,Thailand,2025-01-23,58.0,Tennis Racket,Wilson,Sports,view,200,1778597805
223,browser,Malaysia,2024-11-11,26.0,Backpack,Adidas,Fashion,click,100,1778597805
29,buyer,Malaysia,2025-02-15,34.0,Blender,Philips,Home,purchase,100,1778597805
336,casual,Malaysia,2026-03-27,41.0,Bed Frame,Ikea,Home,view,900,1778597805
426,browser,Philippines,2025-05-03,20.0,Jacket,Zara,Fashion,view,200,1778597805
unknown_user,buyer,Philippines,2025-04-20,9.0,Smart Watch,Fitbit,Electronics,view,400,1778597805
320,browser,Malaysia,2024-09-05,17.0,Sneakers,Adidas,Fashion,view,600,1778597805
159,browser,Malaysia,2025-05-19,28.0,Formal Shirt,Zara,Fashion,invalid,90,1778597805
70,browser,Singapore,2024-11-14,61.0,Treadmill,Technogym,Sports,view,1500,1778597805
414,browser,Singapore,2025-09-25,,Tennis Racket,Wilson,Sports,view,200,1778597805
51,browser,Malaysia,2024-05-24,41.0,Bed Frame,Ikea,,view,900,1778597805
336,browser,Singapore,2024-12-26,48.0,Lipstick,Maybelline,Beauty,view,25,1778597805
284,buyer,Malaysia,2025-04-01,13.0,4K Monitor,LG,,purchase,600,1778597805
336,browser,Indonesia,2024-10-10,37.0,Microwave Oven,Samsung,Home,view,250,1778597805
366,buyer,Singapore,2025-06-13,20.0,Jacket,Zara,Fashion,purchase,200,1778597805
374,browser,Malaysia,2025-10-22,1.0,iPhone 15,Apple,Electronics,view,12000,1778597805
unknown_user,casual,Indonesia,2025-03-18,61.0,Treadmill,Technogym,Sports,view,1500,1778597805
unknown_user,buyer,Philippines,2025-08-21,13.0,4K Monitor,LG,Electronics,purchase,600,1778597805
,browser,Thailand,2024-12-18,21.0,Dress,H&M,,view,480,1778597805
,browser,Thailand,2024-10-24,24.0,Sunglasses,Ray-Ban,Fashion,view,180,1778597805
313,browser,Malaysia,2024-12-30,68.0,Machine Learning Guide,O'Reilly,Books,view,80,1778597805
,casual,Indonesia,2024-08-31,24.0,Sunglasses,Ray-Ban,Fashion,purchase,180,1778597805
458,browser,Singapore,2025-04-19,45.0,Wall Clock,Generic,Home,view,40,1778597805
387,browser,Indonesia,2026-03-01,45.0,Wall Clock,Generic,Home,view,40,1778597805
unknown_user,browser,Malaysia,2025-04-11,18.0,Jeans,Levi's,Fashion,view,160,1778597805
419,browser,Malaysia,2026-04-09,11.0,Mechanical Keyboard,Logitech,Electronics,view,150,1778597805
unknown_user,browser,Malaysia,2026-05-03,26.0,Backpack,Adidas,Fashion,click,100,1778597805
9,buyer,Malaysia,2024-09-20,67.0,Data Science Handbook,Packt,Books,click,70,1778597805
78,buyer,Malaysia,2026-03-23,38.0,Toaster,Philips,Home,view,70,1778597805
116,browser,Malaysia,2024-06-02,21.0,Dress,H&M,Fashion,view,120,1778597805
unknown_user,casual,Malaysia,2025-03-05,2321.0,Treadmill,Technogym,Sports,click,-1500,1778597805
260,browser,Malaysia,2025-10-10,,Python Programming Book,O'Reilly,Books,view,50,1778597805
286,browser,Indonesia,2024-11-09,2.0,Samsung Galaxy S23,Samsung,Electronics,view,1000,1778597805
471,casual,Malaysia,2024-10-25,59.0,Yoga Mat,Decathlon,Sports,purchase,60,1778597805
213,browser,Thailand,2024-07-23,17.0,Sneakers,Adidas,Fashion,view,150,1778597805
406,browser,Philippines,2025-03-12,,Python Programming Book,O'Reilly,Books,click,50,1778597805
293,browser,Indonesia,2026-03-30,66.0,Python Programming Book,O'Reilly,Books,view,50,1778597805
235,browser,Vietnam,2026-03-17,67.0,Data Science Handbook,Packt,Books,purchase,-280,1778597805
389,browser,Malaysia,2025-03-14,20.0,Jacket,Zara,Fashion,view,200,1778597805
,buyer,Malaysia,2025-05-11,8.0,AirPods Pro,Apple,Electronics,view,250,1778597805
392,buyer,Philippines,2025-09-30,30.0,Watch,Casio,Fashion,purchase,250,1778597805
164,buyer,Thailand,2026-01-22,42.0,Sofa,Ikea,Home,click,1200,1778597805
unknown_user,browser,Malaysia,2025-10-20,13.0,4K Monitor,LG,Electronics,view,600,1778597805
391,buyer,Malaysia,2025-10-15,61.0,Treadmill,Technogym,Sports,click,1500,1778597805
236,browser,Malaysia,2026-03-27,32.0,Air Fryer,Xiaomi,Home,invalid,180,1778597805
207,buyer,Thailand,2026-03-05,33.0,Vacuum Cleaner,Dyson,Home,view,-3000,1778597805
unknown_user,browser,Malaysia,2025-12-14,62.0,Cycling Helmet,Giro,Sports,view,80,1778597805
160,browser,Indonesia,2025-04-10,,Office Chair,Ikea,Home,view,200,1778597805
163,browser,Thailand,2025-05-17,37.0,Microwave Oven,Samsung,,view,250,1778597805
491,buyer,Thailand,2026-05-02,56.0,Football,Adidas,,purchase,40,1778597805
241,casual,Singapore,2026-05-12,2.0,Samsung Galaxy S23,Samsung,Electronics,purchase,1000,1778597805
,browser,Indonesia,2025-07-25,7.0,Sony Headphones,Sony,Electronics,view,300,1778597805
369,casual,Thailand,2025-07-15,56.0,Football,Adidas,Sports,click,400,1778597805
397,casual,Thailand,2024-08-21,13.0,4K Monitor,LG,,view,4200,1778597805
157,browser,Singapore,2025-01-08,42.0,Sofa,Ikea,Home,click,1200,1778597805
217,casual,Indonesia,2025-07-20,9.0,Smart Watch,Fitbit,,view,400,1778597805
unknown_user,browser,Indonesia,2026-04-13,35.0,Rice Cooker,Panasonic,,purchase,480,1778597805
485,casual,Malaysia,2026-01-20,33.0,Vacuum Cleaner,Dyson,Home,view,300,1778597805
177,browser,Malaysia,2025-06-20,2470.0,Self Development Book,Penguin,Books,view,80,1778597805
236,buyer,Philippines,2026-02-28,65.0,Water Bottle,Stanley,Sports,invalid,25,1778597805
279,casual,Singapore,2026-01-18,,Python Programming Book,O'Reilly,Books,click,50,1778597805
128,buyer,Malaysia,2025-01-06,1.0,iPhone 15,Apple,Electronics,click,1200,1778597805
404,browser,Malaysia,2025-01-14,24.0,Sunglasses,Ray-Ban,Fashion,view,180,1778597805
116,buyer,Malaysia,2025-02-20,45.0,Wall Clock,Generic,Home,purchase,-40,1778597805
138,browser,Malaysia,2025-06-24,33.0,Vacuum Cleaner,Dyson,Home,view,300,1778597805
453,casual,Malaysia,2025-12-13,,Samsung Galaxy S23,Samsung,Electronics,invalid,1000,1778597805
unknown_user,casual,Indonesia,2025-01-04,68.0,Machine Learning Guide,O'Reilly,Books,view,80,1778597805
23,browser,Malaysia,2024-12-16,10.0,Gaming Laptop,Asus,Electronics,view,2200,1778597805
209,browser,Thailand,2025-04-23,25.0,Leather Belt,Levi's,Fashion,view,-60,1778597805
24,browser,Malaysia,2025-01-23,46.0,Face Cleanser,Nivea,Beauty,view,30,1778597805
64,browser,Indonesia,2026-02-05,15.0,Bluetooth Speaker,JBL,,view,480,1778597805
311,browser,Malaysia,2024-05-18,68.0,Machine Learning Guide,O'Reilly,Books,view,80,1778597805
386,casual,Thailand,2025-11-06,8.0,AirPods Pro,Apple,Electronics,view,250,1778597805
84,browser,Malaysia,2025-11-12,59.0,Yoga Mat,Decathlon,Sports,purchase,60,1778597805
163,buyer,Malaysia,2025-12-11,52.0,Makeup Kit,Maybelline,,view,120,1778597805
352,browser,Malaysia,2025-12-13,9.0,Smart Watch,Fitbit,Electronics,purchase,400,1778597805
,browser,Singapore,2025-03-23,39.0,Dining Table,Ikea,Home,view,800,1778597805
136,casual,Malaysia,2025-08-29,59.0,Yoga Mat,Decathlon,Sports,view,60,1778597805
,browser,Indonesia,2025-09-09,40.0,Office Chair,Ikea,,view,200,1778597805
unknown_user,buyer,Malaysia,2024-08-13,27.0,Sports Shorts,Nike,Fashion,purchase,50,1778597805
unknown_user,buyer,Malaysia,2024-05-26,1.0,iPhone 15,Apple,Electronics,invalid,1200,1778597805
212,casual,Singapore,2025-10-22,24.0,Sunglasses,Ray-Ban,Fashion,click,180,1778597805
317,browser,Malaysia,2025-06-13,41.0,Bed Frame,Ikea,Home,view,6300,1778597805
127,browser,Singapore,2024-06-15,13.0,4K Monitor,LG,Electronics,view,600,1778597805
279,casual,Malaysia,2026-02-18,38.0,Toaster,Philips,Home,click,70,1778597805
469,buyer,Singapore,2025-11-07,44.0,Curtains,Ikea,Home,purchase,120,1778597805
391,casual,Philippines,2024-10-09,21.0,Dress,H&M,Fashion,invalid,120,1778597805
272,casual,Indonesia,2025-10-20,70.0,Self Development Book,Penguin,Books,click,-40,1778597805
unknown_user,casual,Philippines,2024-09-30,45.0,Wall Clock,Generic,,view,40,1778597805
237,browser,Malaysia,2025-08-23,,Cycling Helmet,Giro,Sports,click,800,1778597805
248,browser,Indonesia,2024-12-26,3919.0,Sony Headphones,Sony,Electronics,view,300,1778597805
248,casual,Malaysia,2025-09-16,64.0,Gym Bag,Nike,Sports,view,90,1778597805
221,casual,Malaysia,2024-09-04,49.0,Perfume,Dior,Beauty,view,150,1778597805
136,browser,Vietnam,2026-03-02,68.0,Machine Learning Guide,O'Reilly,Books,click,80,1778597805
152,browser,Singapore,2025-01-06,40.0,Office Chair,Ikea,Home,invalid,200,1778597805
207,casual,Indonesia,2024-10-19,,Dell XPS 13,Dell,Electronics,click,1800,1778597805
unknown_user,buyer,Malaysia,2024-06-28,32.0,Air Fryer,Xiaomi,Home,invalid,1260,1778597805
,casual,Malaysia,2026-04-05,50.0,Shampoo,Dove,Beauty,view,180,1778597805
454,casual,Singapore,2025-06-13,2266.0,Sneakers,Adidas,Fashion,view,150,1778597805
464,browser,Malaysia,2024-05-14,46.0,Face Cleanser,Nivea,Beauty,view,-30,1778597805
302,browser,Malaysia,2024-06-01,28.0,Formal Shirt,Zara,Fashion,view,90,1778597805
367,browser,Singapore,2024-10-29,3801.0,iPad Air,Apple,Electronics,view,900,1778597805
406,casual,Singapore,2024-10-29,19.0,T-Shirt,Uniqlo,Fashion,purchase,40,1778597805
unknown_user,browser,Malaysia,2024-11-25,69.0,Business Strategy Book,Harvard Press,Books,view,60,1778597805
456,browser,Singapore,2024-05-22,3534.0,iPhone 15,Apple,Electronics,invalid,1200,1778597805
308,buyer,Singapore,2025-06-16,1490.0,Sofa,Ikea,Home,view,1200,1778597805
495,buyer,Thailand,2025-04-09,2.0,Samsung Galaxy S23,Samsung,Electronics,purchase,1000,1778597805
325,browser,Malaysia,2025-09-14,31.0,Coffee Maker,Philips,Home,view,150,1778597805
21,browser,Singapore,2024-07-20,15.0,Bluetooth Speaker,JBL,Electronics,view,120,1778597805
210,browser,Singapore,2026-05-09,69.0,Business Strategy Book,Harvard Press,Books,view,60,1778597805
406,buyer,Indonesia,2024-06-07,,Body Lotion,Dove,Beauty,purchase,25,1778597805
273,casual,Vietnam,2024-07-27,1445.0,Samsung Galaxy S23,Samsung,Electronics,purchase,-1000,1778597805
41,browser,Singapore,2025-03-02,22.0,Hoodie,Puma,Fashion,view,90,1778597805
172,browser,Malaysia,2024-07-11,36.0,Electric Kettle,Tefal,Home,invalid,60,1778597805
327,buyer,Singapore,2024-06-20,60.0,Dumbbells,Decathlon,Sports,view,1050,1778597805
324,buyer,Thailand,2025-05-03,24.0,Sunglasses,Ray-Ban,Fashion,click,180,1778597805
385,browser,Malaysia,2024-09-14,19.0,T-Shirt,Uniqlo,Fashion,view,-40,1778597805
unknown_user,casual,Vietnam,2025-09-28,66.0,Python Programming Book,O'Reilly,Books,view,50,1778597805
,buyer,Thailand,2025-10-04,13.0,4K Monitor,LG,Electronics,purchase,-5400,1778597805
221,browser,Malaysia,2025-11-04,68.0,Machine Learning Guide,O'Reilly,Books,view,-80,1778597805
unknown_user,browser,Vietnam,2024-12-01,41.0,Bed Frame,Ikea,,invalid,900,1778597805
234,browser,Thailand,2025-04-08,53.0,Sunscreen,Nivea,Beauty,view,35,1778597805
379,casual,Singapore,2024-05-13,15.0,Bluetooth Speaker,JBL,Electronics,purchase,120,1778597805
353,buyer,Indonesia,2024-07-03,40.0,Office Chair,Ikea,Home,purchase,200,1778597805
44,browser,Malaysia,2026-01-13,4807.0,AirPods Pro,Apple,,view,-250,1778597805
409,browser,Singapore,2025-11-26,3237.0,Office Chair,Ikea,Home,view,200,1778597805
497,browser,Singapore,2025-03-24,50.0,Shampoo,Dove,Beauty,invalid,180,1778597805
95,browser,Malaysia,2024-10-20,70.0,Self Development Book,Penguin,Books,view,40,1778597805
441,casual,Thailand,2025-04-21,67.0,Data Science Handbook,Packt,Books,click,70,1778597805
131,buyer,Indonesia,2025-05-26,34.0,Blender,Philips,Home,purchase,600,1778597805
unknown_user,buyer,Thailand,2025-06-20,31.0,Coffee Maker,Philips,Home,purchase,150,1778597805
494,buyer,Indonesia,2024-10-01,2270.0,Python Programming Book,O'Reilly,Books,click,50,1778597805
442,casual,Singapore,2024-06-04,,Backpack,Adidas,Fashion,view,100,1778597805
unknown_user,casual,Malaysia,2025-04-17,29.0,Sandals,Havaianas,Fashion,purchase,70,1778597805
68,casual,Singapore,2025-07-14,54.0,Body Lotion,Dove,Beauty,view,250,1778597805
95,browser,Singapore,2025-10-04,21.0,Dress,H&M,Fashion,view,-120,1778597805
469,casual,Philippines,2024-11-23,6.0,Samsung Tablet,Samsung,Electronics,invalid,700,1778597805
360,buyer,Malaysia,2026-03-25,,Running Shoes,Nike,Fashion,view,120,1778597805
265,buyer,Malaysia,2026-03-09,55.0,Nail Polish,O.P.I,Beauty,purchase,15,1778597805
289,buyer,Malaysia,2025-02-11,10.0,Gaming Laptop,Asus,Electronics,invalid,6600,1778597805
474,browser,Malaysia,2025-09-17,32.0,Air Fryer,Xiaomi,Home,view,180,1778597805
407,casual,Thailand,2025-04-22,,Hoodie,Puma,,click,90,1778597805
345,casual,Malaysia,2025-01-27,32.0,Air Fryer,Xiaomi,,click,180,1778597805
unknown_user,browser,Singapore,2026-01-16,35.0,Rice Cooker,Panasonic,Home,view,600,1778597805
306,buyer,Philippines,2025-06-05,1.0,iPhone 15,Apple,Electronics,click,1200,1778597805
261,browser,Malaysia,2025-07-05,4442.0,Jeans,Levi's,Fashion,view,80,1778597805
242,casual,Malaysia,2026-01-03,33.0,Vacuum Cleaner,Dyson,Home,view,3000,1778597805
306,buyer,Thailand,2025-04-11,31.0,Coffee Maker,Philips,Home,invalid,150,1778597805
424,casual,Singapore,2025-09-20,3407.0,Hair Dryer,Philips,Beauty,invalid,80,1778597805
155,browser,Malaysia,2024-11-15,41.0,Bed Frame,Ikea,,invalid,900,1778597805
80,browser,Malaysia,2025-08-25,20.0,Jacket,Zara,Fashion,invalid,800,1778597805
488,buyer,Vietnam,2025-03-19,4351.0,Water Bottle,Stanley,Sports,view,25,1778597805
125,browser,Malaysia,2025-09-27,47.0,Moisturizer,Nivea,Beauty,view,40,1778597805
340,buyer,Malaysia,2024-08-03,39.0,Dining Table,Ikea,,purchase,1600,1778597805
,casual,Malaysia,2025-09-17,9.0,Smart Watch,Fitbit,Electronics,click,400,1778597805
117,casual,Indonesia,2025-07-18,33.0,Vacuum Cleaner,Dyson,,click,-300,1778597805
272,browser,Malaysia,2025-05-05,51.0,Hair Dryer,Philips,Beauty,invalid,80,1778597805
,casual,Indonesia,2025-03-23,37.0,Microwave Oven,Samsung,Home,click,-250,1778597805
395,browser,Malaysia,2025-03-24,40.0,Office Chair,Ikea,Home,purchase,200,1778597805
198,casual,Malaysia,2024-05-15,12.0,Wireless Mouse,Logitech,,view,80,1778597805
289,casual,Thailand,2024-09-27,4171.0,MacBook Pro,Apple,Electronics,view,2500,1778597805
197,browser,Malaysia,2025-01-07,6.0,Samsung Tablet,Samsung,Electronics,view,700,1778597805
230,buyer,Malaysia,2025-01-12,69.0,Business Strategy Book,Harvard Press,Books,view,-60,1778597805
207,browser,Philippines,2026-01-04,3402.0,Samsung Tablet,Samsung,,click,700,1778597805
262,browser,Malaysia,2025-01-28,8.0,AirPods Pro,Apple,,view,250,1778597805
227,browser,Singapore,2025-08-18,1890.0,Face Cleanser,Nivea,Beauty,invalid,150,1778597805
470,browser,Thailand,2025-06-13,44.0,Curtains,Ikea,Home,invalid,120,1778597805
241,browser,Indonesia,2025-03-13,47.0,Moisturizer,Nivea,Beauty,invalid,160,1778597805
232,casual,Indonesia,2024-07-11,2019.0,Machine Learning Guide,O'Reilly,Books,click,80,1778597805
199,browser,Thailand,2025-07-24,4242.0,Dining Table,Ikea,Home,purchase,800,1778597805
437,browser,Malaysia,2025-04-28,2809.0,Vacuum Cleaner,Dyson,Home,view,300,1778597805
492,browser,Indonesia,2025-06-14,42.0,Sofa,Ikea,Home,click,1200,1778597805
28,buyer,Indonesia,2025-10-19,12.0,Wireless Mouse,Logitech,Electronics,click,320,1778597805
131,browser,Singapore,2026-04-01,48.0,Lipstick,Maybelline,Beauty,view,25,1778597805
47,buyer,Thailand,2024-09-29,3.0,MacBook Pro,Apple,Electronics,purchase,2500,1778597805
499,browser,Malaysia,2024-10-02,37.0,Microwave Oven,Samsung,Home,click,750,1778597805
,buyer,Thailand,2024-11-27,4.0,Dell XPS 13,Dell,Electronics,view,1800,1778597805
38,browser,Malaysia,2024-06-30,66.0,Python Programming Book,O'Reilly,Books,invalid,50,1778597805
296,casual,Indonesia,2025-12-07,19.0,T-Shirt,Uniqlo,Fashion,view,40,1778597805
,buyer,Malaysia,2025-08-09,16.0,Running Shoes,Nike,Fashion,purchase,120,1778597805
,browser,Malaysia,2024-10-22,16.0,Running Shoes,Nike,,view,120,1778597805
298,casual,Malaysia,2024-09-03,43.0,Desk Lamp,Philips,Home,click,50,1778597805
,browser,Malaysia,2026-01-04,28.0,Formal Shirt,Zara,Fashion,view,90,1778597805
368,casual,Indonesia,2025-05-17,30.0,Watch,Casio,Fashion,invalid,250,1778597805
492,casual,Thailand,2026-03-29,32.0,Air Fryer,Xiaomi,,view,180,1778597805
451,browser,Philippines,2024-08-05,54.0,Body Lotion,Dove,Beauty,invalid,25,1778597805
365,browser,Malaysia,2024-11-08,56.0,Football,Adidas,Sports,view,40,1778597805
,casual,Vietnam,2024-08-16,6.0,Samsung Tablet,Samsung,Electronics,view,700,1778597805
59,browser,Philippines,2024-08-26,49.0,Perfume,Dior,Beauty,click,150,1778597805
unknown_user,casual,Malaysia,2025-07-27,4.0,Dell XPS 13,Dell,Electronics,click,1800,1778597805
418,browser,Thailand,2025-04-10,35.0,Rice Cooker,Panasonic,Home,invalid,120,1778597805
65,casual,Thailand,2025-07-25,30.0,Watch,Casio,Fashion,click,250,1778597805
198,browser,Thailand,2024-11-27,3.0,MacBook Pro,Apple,Electronics,view,2500,1778597805
169,casual,Indonesia,2024-06-19,1693.0,Watch,Casio,Fashion,click,250,1778597805
411,browser,Singapore,2024-10-03,34.0,Blender,Philips,Home,view,100,1778597805
495,buyer,Indonesia,2025-12-09,,Self Development Book,Penguin,,click,40,1778597805
174,browser,Malaysia,2026-01-29,64.0,Gym Bag,Nike,,view,90,1778597805
9,browser,Philippines,2024-09-08,65.0,Water Bottle,Stanley,Sports,click,25,1778597805
368,casual,Malaysia,2026-02-20,70.0,Self Development Book,Penguin,Books,click,400,1778597805
,buyer,Thailand,2026-01-02,27.0,Sports Shorts,Nike,Fashion,purchase,50,1778597805
unknown_user,casual,Singapore,2025-03-27,10.0,Gaming Laptop,Asus,Electronics,view,2200,1778597805
272,buyer,Thailand,2024-07-05,19.0,T-Shirt,Uniqlo,Fashion,purchase,360,1778597805
35,buyer,Philippines,2026-03-26,5.0,iPad Air,Apple,Electronics,view,900,1778597805
,browser,Malaysia,2025-03-08,21.0,Dress,H&M,Fashion,purchase,120,1778597805
72,buyer,Singapore,2024-06-26,68.0,Machine Learning Guide,O'Reilly,,click,80,1778597805
394,casual,Singapore,2025-12-16,19.0,T-Shirt,Uniqlo,Fashion,click,240,1778597805
,browser,Indonesia,2025-12-28,28.0,Formal Shirt,Zara,Fashion,purchase,90,1778597805
162,browser,Malaysia,2025-06-29,63.0,Skipping Rope,Decathlon,Sports,click,20,1778597805
328,browser,Malaysia,2026-02-09,,Electric Kettle,Tefal,Home,view,60,1778597805
unknown_user,buyer,Malaysia,2024-10-12,,Backpack,Adidas,Fashion,purchase,100,1778597805
,buyer,Malaysia,2026-04-03,,Dress,H&M,Fashion,purchase,-120,1778597805
387,buyer,Philippines,2024-08-24,66.0,Python Programming Book,O'Reilly,,click,50,1778597805
106,browser,Malaysia,2026-05-08,,Python Programming Book,O'Reilly,Books,view,50,1778597805
210,buyer,Indonesia,2025-05-26,70.0,Self Development Book,Penguin,Books,purchase,-40,1778597805
43,browser,Indonesia,2025-07-14,1518.0,External SSD,Samsung,Electronics,purchase,200,1778597805
unknown_user,buyer,Thailand,2025-04-10,30.0,Watch,Casio,Fashion,purchase,250,1778597805
367,browser,Malaysia,2024-12-15,42.0,Sofa,Ikea,Home,purchase,1200,1778597805
240,browser,Malaysia,2024-06-22,63.0,Skipping Rope,Decathlon,Sports,click,20,1778597805
unknown_user,buyer,Malaysia,2024-11-12,20.0,Jacket,Zara,Fashion,click,-200,1778597805
315,browser,Indonesia,2025-04-01,4.0,Dell XPS 13,Dell,Electronics,view,1800,1778597805
17,browser,Singapore,2025-08-18,40.0,Office Chair,Ikea,,view,600,1778597805
399,casual,Malaysia,2025-10-15,5.0,iPad Air,Apple,Electronics,click,4500,1778597805
192,casual,Malaysia,2025-07-19,31.0,Coffee Maker,Philips,Home,purchase,150,1778597805
unknown_user,casual,Singapore,2026-04-27,1899.0,Hoodie,Puma,,invalid,90,1778597805
46,casual,Thailand,2024-08-30,9.0,Smart Watch,Fitbit,Electronics,purchase,400,1778597805
356,browser,Thailand,2024-12-29,69.0,Business Strategy Book,Harvard Press,Books,view,60,1778597805
unknown_user,browser,Thailand,2025-03-10,18.0,Jeans,Levi's,Fashion,view,80,1778597805
,browser,Thailand,2025-10-12,68.0,Machine Learning Guide,O'Reilly,Books,view,320,1778597805
372,casual,Malaysia,2025-12-14,14.0,External SSD,Samsung,Electronics,view,200,1778597805
291,buyer,Singapore,2026-02-19,61.0,Treadmill,Technogym,,purchase,1500,1778597805
185,casual,Thailand,2025-11-02,,Dress,H&M,Fashion,view,120,1778597805
311,browser,Vietnam,2026-03-27,3582.0,Machine Learning Guide,O'Reilly,Books,view,80,1778597805
389,buyer,Indonesia,2024-06-15,39.0,Dining Table,Ikea,Home,purchase,800,1778597805
478,buyer,Indonesia,2024-10-24,,Treadmill,Technogym,,purchase,1500,1778597805
459,browser,Singapore,2024-07-25,12.0,Wireless Mouse,Logitech,Electronics,view,-80,1778597805
unknown_user,casual,Malaysia,2025-03-03,1153.0,Coffee Maker,Philips,Home,invalid,150,1778597805
,browser,Malaysia,2025-08-15,,Rice Cooker,Panasonic,Home,view,120,1778597805
433,casual,Malaysia,2025-10-15,24.0,Sunglasses,Ray-Ban,Fashion,invalid,720,1778597805
431,browser,Philippines,2026-05-09,35.0,Rice Cooker,Panasonic,Home,view,120,1778597805
366,browser,Malaysia,2025-06-17,4194.0,Jacket,Zara,,view,200,1778597805
63,casual,Singapore,2025-10-14,22.0,Hoodie,Puma,,view,90,1778597805
299,browser,Malaysia,2024-10-03,30.0,Watch,Casio,,view,250,1778597805
303,browser,Singapore,2025-10-06,,Air Fryer,Xiaomi,Home,purchase,180,1778597805
347,casual,Malaysia,2025-09-09,4431.0,Tennis Racket,Wilson,Sports,click,200,1778597805
,casual,Indonesia,2024-11-03,30.0,Watch,Casio,Fashion,invalid,2000,1778597805
29,browser,Malaysia,2026-04-06,55.0,Nail Polish,O.P.I,Beauty,view,15,1778597805
287,browser,Malaysia,2025-03-22,60.0,Dumbbells,Decathlon,Sports,view,150,1778597805
460,buyer,Singapore,2025-10-24,1.0,iPhone 15,Apple,Electronics,click,1200,1778597805
unknown_user,browser,Indonesia,2025-09-17,3637.0,Air Fryer,Xiaomi,Home,view,1620,1778597805
489,casual,Malaysia,2024-06-21,36.0,Electric Kettle,Tefal,,view,60,1778597805
334,casual,Singapore,2024-08-14,56.0,Football,Adidas,Sports,click,40,1778597805
273,casual,Malaysia,2026-05-11,2.0,Samsung Galaxy S23,Samsung,,click,1000,1778597805
462,browser,Vietnam,2024-07-19,30.0,Watch,Casio,Fashion,view,250,1778597805
277,buyer,Malaysia,2024-08-05,43.0,Desk Lamp,Philips,Home,purchase,50,1778597805
,buyer,Thailand,2025-06-08,27.0,Sports Shorts,Nike,Fashion,click,50,1778597805
unknown_user,casual,Malaysia,2024-06-25,1.0,iPhone 15,Apple,Electronics,purchase,1200,1778597805
,casual,Singapore,2024-10-14,6.0,Samsung Tablet,Samsung,Electronics,click,700,1778597805
421,browser,Singapore,2025-03-09,29.0,Sandals,Havaianas,Fashion,view,70,1778597805
486,buyer,Malaysia,2024-09-18,29.0,Sandals,Havaianas,Fashion,purchase,70,1778597805
109,casual,Malaysia,2026-03-10,36.0,Electric Kettle,Tefal,Home,click,60,1778597805
unknown_user,buyer,Malaysia,2024-10-09,51.0,Hair Dryer,Philips,Beauty,click,80,1778597805
404,browser,Indonesia,2025-01-17,55.0,Nail Polish,O.P.I,Beauty,view,-15,1778597805
unknown_user,browser,Malaysia,2025-09-20,29.0,Sandals,Havaianas,Fashion,view,70,1778597805
350,casual,Malaysia,2025-03-05,4621.0,Formal Shirt,Zara,,click,90,1778597805
276,casual,Malaysia,2024-10-17,23.0,Cap,Nike,Fashion,click,240,1778597805
269,buyer,Malaysia,2025-05-18,16.0,Running Shoes,Nike,Fashion,click,120,1778597805
125,buyer,Singapore,2026-02-28,,Blender,Philips,Home,purchase,-100,1778597805
104,casual,Malaysia,2025-10-15,31.0,Coffee Maker,Philips,Home,view,150,1778597805
386,browser,Malaysia,2024-06-10,15.0,Bluetooth Speaker,JBL,Electronics,click,720,1778597805
397,browser,Malaysia,2025-01-27,11.0,Mechanical Keyboard,Logitech,Electronics,view,150,1778597805
220,buyer,Malaysia,2025-01-20,14.0,External SSD,Samsung,Electronics,click,200,1778597805
481,browser,Singapore,2025-01-21,5.0,iPad Air,Apple,Electronics,invalid,900,1778597805
149,browser,Singapore,2025-08-20,,Lipstick,Maybelline,Beauty,view,25,1778597805
421,browser,Vietnam,2025-05-28,9.0,Smart Watch,Fitbit,Electronics,click,400,1778597805
8,browser,Singapore,2024-10-22,3647.0,Sandals,Havaianas,Fashion,view,70,1778597805
292,casual,Thailand,2026-04-06,38.0,Toaster,Philips,Home,click,70,1778597805
,casual,Indonesia,2024-10-23,19.0,T-Shirt,Uniqlo,Fashion,click,360,1778597805
395,browser,Singapore,2025-08-09,39.0,Dining Table,Ikea,Home,view,800,1778597805
12,browser,Malaysia,2025-09-20,44.0,Curtains,Ikea,Home,view,120,1778597805
203,buyer,Indonesia,2024-10-17,30.0,Watch,Casio,Fashion,view,250,1778597805
439,casual,Thailand,2024-09-15,48.0,Lipstick,Maybelline,Beauty,view,25,1778597805
173,casual,Singapore,2024-09-07,,Basketball,Nike,Sports,invalid,50,1778597805
289,browser,Malaysia,2025-05-11,,Dress,H&M,Fashion,view,120,1778597805
35,browser,Singapore,2024-07-25,38.0,Toaster,Philips,,invalid,70,1778597805
132,browser,Indonesia,2025-03-28,70.0,Self Development Book,Penguin,Books,view,40,1778597805
130,buyer,Thailand,2026-03-13,19.0,T-Shirt,Uniqlo,Fashion,view,40,1778597805
unknown_user,casual,Indonesia,2025-10-26,2980.0,Electric Kettle,Tefal,Home,purchase,60,1778597805
231,casual,Malaysia,2024-10-09,35.0,Rice Cooker,Panasonic,Home,view,720,1778597805
,browser,Indonesia,2025-03-14,13.0,4K Monitor,LG,Electronics,purchase,600,1778597805
217,browser,Malaysia,2025-09-08,23.0,Cap,Nike,Fashion,view,30,1778597805
130,browser,Malaysia,2026-01-17,23.0,Cap,Nike,Fashion,view,240,1778597805
342,browser,Malaysia,2025-12-06,33.0,Vacuum Cleaner,Dyson,Home,view,300,1778597805
481,casual,Philippines,2026-03-07,,Smart Watch,Fitbit,Electronics,click,400,1778597805
111,browser,Indonesia,2025-12-23,,Bed Frame,Ikea,Home,view,900,1778597805
209,buyer,Malaysia,2025-01-11,59.0,Yoga Mat,Decathlon,Sports,purchase,60,1778597805
452,browser,Vietnam,2024-07-06,49.0,Perfume,Dior,Beauty,click,150,1778597805
284,buyer,Thailand,2025-05-11,22.0,Hoodie,Puma,Fashion,purchase,90,1778597805
174,browser,Indonesia,2024-09-01,48.0,Lipstick,Maybelline,Beauty,view,25,1778597805
255,casual,Malaysia,2026-02-16,9.0,Smart Watch,Fitbit,Electronics,click,400,1778597805
285,casual,Vietnam,2025-03-16,11.0,Mechanical Keyboard,Logitech,Electronics,view,-150,1778597805
unknown_user,buyer,Thailand,2025-09-01,68.0,Machine Learning Guide,O'Reilly,Books,click,80,1778597805
401,browser,Malaysia,2026-01-31,4330.0,Microwave Oven,Samsung,Home,view,-250,1778597805
unknown_user,browser,Malaysia,2024-11-21,43.0,Desk Lamp,Philips,Home,invalid,400,1778597805
446,casual,Singapore,2026-04-04,49.0,Perfume,Dior,Beauty,view,150,1778597805
127,browser,Malaysia,2026-01-24,5.0,iPad Air,Apple,,invalid,900,1778597805
unknown_user,buyer,Malaysia,2025-09-04,54.0,Body Lotion,Dove,Beauty,view,25,1778597805
303,browser,Singapore,2025-10-06,,Air Fryer,Xiaomi,Home,purchase,180,1778597805
23,casual,Thailand,2025-06-18,,Treadmill,Technogym,Sports,purchase,1500,1778597805
225,buyer,Thailand,2025-12-03,1841.0,Sunglasses,Ray-Ban,Fashion,click,180,1778597805
393,browser,Malaysia,2025-05-01,2.0,Samsung Galaxy S23,Samsung,Electronics,view,-1000,1778597805
,casual,Philippines,2025-04-21,10.0,Gaming Laptop,Asus,Electronics,click,11000,1778597805
281,buyer,Malaysia,2025-12-20,61.0,Treadmill,Technogym,Sports,purchase,1500,1778597805
1,buyer,Malaysia,2026-02-03,21.0,Dress,H&M,Fashion,click,120,1778597805
,browser,Vietnam,2025-11-19,,Skipping Rope,Decathlon,Sports,view,20,1778597805
346,buyer,Singapore,2025-11-07,21.0,Dress,H&M,Fashion,view,120,1778597805
264,browser,Singapore,2024-12-29,3294.0,Office Chair,Ikea,Home,purchase,200,1778597805
,browser,Thailand,2024-12-16,29.0,Sandals,Havaianas,Fashion,view,70,1778597805
406,browser,Singapore,2025-09-22,47.0,Moisturizer,Nivea,Beauty,view,40,1778597805
307,casual,Malaysia,2025-07-01,68.0,Machine Learning Guide,O'Reilly,Books,purchase,80,1778597805
136,buyer,Malaysia,2025-07-26,40.0,Office Chair,Ikea,Home,click,200,1778597805
unknown_user,casual,Malaysia,2025-11-15,11.0,Mechanical Keyboard,Logitech,,click,150,1778597805
297,casual,Malaysia,2025-04-15,1438.0,Office Chair,Ikea,Home,click,200,1778597805
199,browser,Thailand,2025-07-24,4242.0,Dining Table,Ikea,Home,purchase,800,1778597805
unknown_user,browser,Thailand,2025-10-18,39.0,Dining Table,Ikea,Home,view,800,1778597805
,casual,Malaysia,2025-10-31,4.0,Dell XPS 13,Dell,Electronics,purchase,1800,1778597805
41,casual,Singapore,2024-11-28,43.0,Desk Lamp,Philips,,view,500,1778597805
,buyer,Singapore,2025-03-04,55.0,Nail Polish,O.P.I,Beauty,view,45,1778597805
354,buyer,Singapore,2025-04-04,43.0,Desk Lamp,Philips,Home,click,-50,1778597805
426,buyer,Thailand,2026-03-26,38.0,Toaster,Philips,Home,click,70,1778597805
14,browser,Malaysia,2025-09-09,1962.0,Gaming Laptop,Asus,Electronics,view,2200,1778597805
145,buyer,Philippines,2024-10-21,70.0,Self Development Book,Penguin,Books,purchase,40,1778597805
16,casual,Malaysia,2025-06-01,55.0,Nail Polish,O.P.I,Beauty,invalid,15,1778597805
166,buyer,Malaysia,2025-10-14,54.0,Body Lotion,Dove,Beauty,view,25,1778597805
311,buyer,Thailand,2024-06-22,45.0,Wall Clock,Generic,Home,view,40,1778597805
361,browser,Indonesia,2025-12-29,57.0,Basketball,Nike,Sports,view,350,1778597805
260,casual,Malaysia,2025-07-07,2.0,Samsung Galaxy S23,Samsung,Electronics,click,1000,1778597805
,casual,Philippines,2024-09-17,58.0,Tennis Racket,Wilson,Sports,view,200,1778597805
454,buyer,Singapore,2024-10-02,24.0,Sunglasses,Ray-Ban,Fashion,click,180,1778597805
119,browser,Indonesia,2026-02-27,48.0,Lipstick,Maybelline,Beauty,view,25,1778597805
unknown_user,casual,Singapore,2026-01-14,17.0,Sneakers,Adidas,Fashion,view,150,1778597805
258,browser,Singapore,2025-02-17,58.0,Tennis Racket,Wilson,Sports,view,200,1778597805
367,browser,Vietnam,2025-06-27,10.0,Gaming Laptop,Asus,Electronics,view,2200,1778597805
,casual,Thailand,2025-06-02,30.0,Watch,Casio,,click,250,1778597805
215,browser,Singapore,2025-05-20,44.0,Curtains,Ikea,Home,view,-120,1778597805
,browser,Singapore,2024-08-25,4351.0,Machine Learning Guide,O'Reilly,Books,view,-80,1778597805
179,browser,Malaysia,2026-04-08,19.0,T-Shirt,Uniqlo,Fashion,view,40,1778597805
250,browser,Indonesia,2024-06-10,1.0,iPhone 15,Apple,Electronics,view,10800,1778597805
216,buyer,Malaysia,2026-04-26,40.0,Office Chair,Ikea,Home,click,200,1778597805
,browser,Malaysia,2025-02-13,44.0,Curtains,Ikea,Home,click,120,1778597805
19,casual,Vietnam,2026-04-27,19.0,T-Shirt,Uniqlo,Fashion,view,-40,1778597805
491,buyer,Philippines,2024-05-30,,Sunscreen,Nivea,Beauty,purchase,35,1778597805
125,casual,Malaysia,2026-05-01,,Bed Frame,Ikea,,view,900,1778597805
,browser,Malaysia,2025-09-11,4.0,Dell XPS 13,Dell,Electronics,view,1800,1778597805
319,casual,Singapore,2024-06-11,22.0,Hoodie,Puma,Fashion,purchase,90,1778597805
,browser,Singapore,2025-06-30,3129.0,Sony Headphones,Sony,Electronics,view,300,1778597805
336,browser,Malaysia,2025-01-10,44.0,Curtains,Ikea,Home,view,120,1778597805
315,casual,Malaysia,2026-03-01,26.0,Backpack,Adidas,Fashion,purchase,100,1778597805
197,browser,Malaysia,2024-10-20,70.0,Self Development Book,Penguin,Books,view,40,1778597805
481,browser,Thailand,2026-03-20,47.0,Moisturizer,Nivea,,view,40,1778597805
unknown_user,casual,Malaysia,2026-03-15,21.0,Dress,H&M,Fashion,view,120,1778597805
20,browser,Malaysia,2026-02-11,62.0,Cycling Helmet,Giro,Sports,view,80,1778597805
unknown_user,browser,Indonesia,2026-03-29,37.0,Microwave Oven,Samsung,Home,click,250,1778597805
457,browser,Malaysia,2025-11-24,3964.0,Sofa,Ikea,Home,view,9600,1778597805
,browser,Philippines,2025-06-18,68.0,Machine Learning Guide,O'Reilly,Books,purchase,80,1778597805
240,casual,Singapore,2024-11-05,31.0,Coffee Maker,Philips,Home,click,150,1778597805
unknown_user,browser,Malaysia,2025-07-18,51.0,Hair Dryer,Philips,Beauty,view,80,1778597805
unknown_user,buyer,Philippines,2025-06-08,39.0,Dining Table,Ikea,Home,click,800,1778597805
497,casual,Indonesia,2025-11-27,37.0,Microwave Oven,Samsung,Home,purchase,-250,1778597805
,browser,Singapore,2025-04-24,41.0,Bed Frame,Ikea,Home,invalid,900,1778597805
397,buyer,Indonesia,2025-04-05,15.0,Bluetooth Speaker,JBL,Electronics,view,120,1778597805
unknown_user,browser,Malaysia,2025-08-02,7.0,Sony Headphones,Sony,,view,1500,1778597805
207,browser,Indonesia,2026-02-09,11.0,Mechanical Keyboard,Logitech,Electronics,view,150,1778597805
120,browser,Philippines,2024-09-05,4.0,Dell XPS 13,Dell,Electronics,view,1800,1778597805
379,browser,Malaysia,2026-01-23,11.0,Mechanical Keyboard,Logitech,Electronics,view,150,1778597805
380,buyer,Singapore,2024-10-14,42.0,Sofa,Ikea,,purchase,1200,1778597805
337,casual,Malaysia,2025-04-03,2047.0,Nail Polish,O.P.I,Beauty,view,-90,1778597805
unknown_user,browser,Malaysia,2025-07-21,64.0,Gym Bag,Nike,Sports,view,90,1778597805
387,buyer,Vietnam,2026-01-28,30.0,Watch,Casio,Fashion,view,250,1778597805
420,browser,Malaysia,2025-05-12,5.0,iPad Air,Apple,Electronics,invalid,900,1778597805
231,browser,Indonesia,2026-02-02,4110.0,AirPods Pro,Apple,Electronics,view,250,1778597805
315,browser,Thailand,2026-01-19,,iPad Air,Apple,Electronics,view,6300,1778597805
441,browser,Philippines,2024-09-26,,Formal Shirt,Zara,Fashion,view,90,1778597805
,browser,Vietnam,2026-03-06,2421.0,Shampoo,Dove,Beauty,view,20,1778597805
78,buyer,Malaysia,2026-01-23,36.0,Electric Kettle,Tefal,Home,click,60,1778597805
297,buyer,Singapore,2024-06-25,1.0,iPhone 15,Apple,Electronics,click,-1200,1778597805
19,browser,Indonesia,2024-12-04,,Mechanical Keyboard,Logitech,Electronics,click,150,1778597805
201,buyer,Vietnam,2025-06-30,,Dining Table,Ikea,Home,click,800,1778597805
13,browser,Malaysia,2026-03-03,48.0,Lipstick,Maybelline,,purchase,25,1778597805
211,buyer,Indonesia,2025-01-11,46.0,Face Cleanser,Nivea,Beauty,click,30,1778597805
297,browser,Thailand,2025-03-07,48.0,Lipstick,Maybelline,Beauty,view,125,1778597805
195,browser,Malaysia,2025-02-02,21.0,Dress,H&M,Fashion,purchase,120,1778597805
376,buyer,Malaysia,2025-10-17,,Formal Shirt,Zara,Fashion,click,90,1778597805
360,browser,Thailand,2025-01-20,30.0,Watch,Casio,Fashion,invalid,250,1778597805
282,browser,Malaysia,2024-10-05,41.0,Bed Frame,Ikea,Home,view,900,1778597805
43,browser,Thailand,2025-08-28,18.0,Jeans,Levi's,Fashion,view,-80,1778597805
361,casual,Indonesia,2024-05-19,31.0,Coffee Maker,Philips,Home,view,150,1778597805
160,casual,Indonesia,2025-09-11,,Bluetooth Speaker,JBL,Electronics,click,-120,1778597805
unknown_user,casual,Indonesia,2026-03-25,62.0,Cycling Helmet,Giro,Sports,invalid,80,1778597805
unknown_user,browser,Singapore,2024-08-29,40.0,Office Chair,Ikea,,view,200,1778597805
124,casual,Vietnam,2024-07-18,33.0,Vacuum Cleaner,Dyson,Home,invalid,300,1778597805
unknown_user,casual,Singapore,2026-01-09,47.0,Moisturizer,Nivea,Beauty,click,40,1778597805
unknown_user,casual,Malaysia,2025-11-25,57.0,Basketball,Nike,,click,200,1778597805
26,browser,Malaysia,2025-05-28,28.0,Formal Shirt,Zara,Fashion,view,720,1778597805
352,buyer,Singapore,2025-01-27,39.0,Dining Table,Ikea,Home,click,800,1778597805
311,browser,Vietnam,2026-03-27,3582.0,Machine Learning Guide,O'Reilly,Books,view,80,1778597805
18,buyer,Indonesia,2024-12-30,30.0,Watch,Casio,Fashion,click,250,1778597805
261,browser,Malaysia,2025-12-16,29.0,Sandals,Havaianas,Fashion,view,70,1778597805
393,casual,Indonesia,2025-02-21,4946.0,Data Science Handbook,Packt,Books,view,70,1778597805
unknown_user,buyer,Thailand,2025-11-10,27.0,Sports Shorts,Nike,Fashion,click,300,1778597805
316,casual,Singapore,2024-12-29,47.0,Moisturizer,Nivea,Beauty,purchase,80,1778597805
193,browser,Singapore,2024-09-15,33.0,Vacuum Cleaner,Dyson,Home,view,300,1778597805
97,casual,Vietnam,2025-01-17,34.0,Blender,Philips,Home,purchase,100,1778597805
411,casual,Thailand,2026-03-08,41.0,Bed Frame,Ikea,Home,view,900,1778597805
unknown_user,buyer,Singapore,2026-03-18,42.0,Sofa,Ikea,Home,click,1200,1778597805
76,browser,Malaysia,2025-05-25,3759.0,Sofa,Ikea,,view,-1200,1778597805
125,buyer,Singapore,2026-02-28,,Blender,Philips,Home,purchase,-100,1778597805
13,browser,Thailand,2025-12-23,2150.0,Samsung Tablet,Samsung,Electronics,click,-7000,1778597805
47,browser,Malaysia,2025-04-21,54.0,Body Lotion,Dove,Beauty,view,25,1778597805
326,browser,Malaysia,2025-02-25,27.0,Sports Shorts,Nike,Fashion,view,50,1778597805
unknown_user,buyer,Singapore,2024-10-16,,Leather Belt,Levi's,Fashion,view,180,1778597805
17,browser,Malaysia,2024-07-06,,Nail Polish,O.P.I,,view,15,1778597805
399,buyer,Indonesia,2025-12-11,14.0,External SSD,Samsung,Electronics,view,200,1778597805
,browser,Malaysia,2026-04-07,28.0,Formal Shirt,Zara,Fashion,view,90,1778597805
345,casual,Malaysia,2025-01-27,32.0,Air Fryer,Xiaomi,,click,180,1778597805
123,browser,Malaysia,2025-03-17,,Curtains,Ikea,,click,120,1778597805
384,casual,Indonesia,2025-07-24,47.0,Moisturizer,Nivea,Beauty,view,200,1778597805
469,browser,Thailand,2024-08-22,36.0,Electric Kettle,Tefal,Home,view,420,1778597805
6,casual,Malaysia,2024-09-08,25.0,Leather Belt,Levi's,Fashion,click,60,1778597805
37,buyer,Thailand,2024-05-15,65.0,Water Bottle,Stanley,Sports,invalid,200,1778597805
unknown_user,casual,Malaysia,2024-07-29,28.0,Formal Shirt,Zara,Fashion,click,90,1778597805
,casual,Malaysia,2025-05-04,16.0,Running Shoes,Nike,Fashion,click,120,1778597805
345,browser,Indonesia,2025-09-06,46.0,Face Cleanser,Nivea,Beauty,view,30,1778597805
349,browser,Singapore,2025-08-13,,Water Bottle,Stanley,Sports,view,25,1778597805
319,buyer,Malaysia,2024-07-26,43.0,Desk Lamp,Philips,Home,click,50,1778597805
,buyer,Singapore,2024-11-10,15.0,Bluetooth Speaker,JBL,Electronics,click,960,1778597805
unknown_user,browser,Malaysia,2025-11-29,35.0,Rice Cooker,Panasonic,Home,view,120,1778597805
269,casual,Malaysia,2025-11-07,59.0,Yoga Mat,Decathlon,,purchase,60,1778597805
274,browser,Malaysia,2025-06-23,22.0,Hoodie,Puma,Fashion,view,90,1778597805
254,buyer,Thailand,2024-05-26,40.0,Office Chair,Ikea,Home,click,200,1778597805
395,browser,Malaysia,2025-03-24,40.0,Office Chair,Ikea,Home,purchase,200,1778597805
11,casual,Malaysia,2024-11-23,68.0,Machine Learning Guide,O'Reilly,Books,view,80,1778597805
,browser,Philippines,2026-02-18,69.0,Business Strategy Book,Harvard Press,Books,view,60,1778597805
306,browser,Singapore,2026-05-01,3629.0,iPhone 15,Apple,Electronics,view,1200,1778597805
446,browser,Thailand,2024-05-19,9.0,Smart Watch,Fitbit,Electronics,purchase,400,1778597805
304,casual,Malaysia,2024-08-16,57.0,Basketball,Nike,Sports,invalid,50,1778597805
290,casual,Singapore,2025-07-14,7.0,Sony Headphones,Sony,Electronics,click,1200,1778597805
385,casual,Philippines,2026-02-28,3298.0,Microwave Oven,Samsung,Home,view,250,1778597805
452,buyer,Indonesia,2025-02-13,,Sneakers,Adidas,Fashion,purchase,150,1778597805
51,casual,Malaysia,2025-10-23,21.0,Dress,H&M,Fashion,view,120,1778597805
unknown_user,casual,Malaysia,2024-12-04,41.0,Bed Frame,Ikea,,invalid,900,1778597805
291,casual,Vietnam,2026-04-30,12.0,Wireless Mouse,Logitech,Electronics,click,800,1778597805
,browser,Indonesia,2025-08-03,12.0,Wireless Mouse,Logitech,Electronics,view,800,1778597805
114,browser,Indonesia,2025-08-31,35.0,Rice Cooker,Panasonic,Home,view,-120,1778597805
106,buyer,Malaysia,2025-01-04,2388.0,Skipping Rope,Decathlon,Sports,invalid,20,1778597805
405,buyer,Thailand,2026-02-17,2260.0,Tennis Racket,Wilson,Sports,click,1400,1778597805
393,browser,Singapore,2025-08-12,19.0,T-Shirt,Uniqlo,Fashion,view,40,1778597805
177,buyer,Indonesia,2025-01-05,,Dumbbells,Decathlon,Sports,view,150,1778597805
,browser,Malaysia,2025-09-14,50.0,Shampoo,Dove,Beauty,view,20,1778597805
425,buyer,Singapore,2025-10-24,60.0,Dumbbells,Decathlon,Sports,purchase,-150,1778597805
107,casual,Malaysia,2026-05-03,19.0,T-Shirt,Uniqlo,,invalid,40,1778597805
33,casual,Singapore,2025-02-12,7.0,Sony Headphones,Sony,Electronics,view,-300,1778597805
472,casual,Malaysia,2025-04-23,47.0,Moisturizer,Nivea,Beauty,click,-40,1778597805
8,casual,Indonesia,2024-06-24,,AirPods Pro,Apple,,view,1250,1778597805
364,casual,Singapore,2025-05-18,39.0,Dining Table,Ikea,Home,view,800,1778597805
261,casual,Malaysia,2025-09-22,,iPad Air,Apple,Electronics,invalid,900,1778597805
339,browser,Thailand,2024-08-10,13.0,4K Monitor,LG,Electronics,view,600,1778597805
274,browser,Malaysia,2025-09-23,68.0,Machine Learning Guide,O'Reilly,Books,click,80,1778597805
75,casual,Thailand,2024-06-29,47.0,Moisturizer,Nivea,Beauty,click,40,1778597805
470,browser,Singapore,2025-03-10,64.0,Gym Bag,Nike,Sports,view,180,1778597805
490,browser,Malaysia,2024-06-12,70.0,Self Development Book,Penguin,Books,view,280,1778597805
350,casual,Malaysia,2025-04-11,1183.0,Wireless Mouse,Logitech,Electronics,purchase,80,1778597805
173,browser,Singapore,2024-09-02,,T-Shirt,Uniqlo,Fashion,click,40,1778597805
349,casual,Malaysia,2024-05-28,18.0,Jeans,Levi's,,click,80,1778597805
,casual,Vietnam,2024-07-23,3034.0,4K Monitor,LG,Electronics,click,600,1778597805
356,buyer,Singapore,2026-03-21,49.0,Perfume,Dior,Beauty,purchase,900,1778597805
134,browser,Indonesia,2024-10-07,45.0,Wall Clock,Generic,Home,invalid,40,1778597805
unknown_user,casual,Indonesia,2025-10-28,28.0,Formal Shirt,Zara,Fashion,click,90,1778597805
45,browser,Malaysia,2025-07-14,49.0,Perfume,Dior,,view,150,1778597805
44,browser,Singapore,2025-12-27,4666.0,Gym Bag,Nike,Sports,view,90,1778597805
185,casual,Singapore,2025-03-29,36.0,Electric Kettle,Tefal,Home,view,60,1778597805
,browser,Thailand,2024-06-19,50.0,Shampoo,Dove,Beauty,view,-20,1778597805
442,browser,Philippines,2025-08-05,26.0,Backpack,Adidas,Fashion,view,100,1778597805
416,buyer,Indonesia,2025-09-04,62.0,Cycling Helmet,Giro,Sports,purchase,80,1778597805
227,casual,Malaysia,2025-05-21,1307.0,Coffee Maker,Philips,Home,click,150,1778597805
334,casual,Singapore,2025-09-13,51.0,Hair Dryer,Philips,Beauty,purchase,80,1778597805
414,browser,Malaysia,2025-09-17,62.0,Cycling Helmet,Giro,Sports,view,-80,1778597805
unknown_user,buyer,Thailand,2024-07-19,12.0,Wireless Mouse,Logitech,Electronics,view,80,1778597805
439,casual,Singapore,2025-05-12,53.0,Sunscreen,Nivea,Beauty,view,35,1778597805
82,buyer,Thailand,2024-11-16,23.0,Cap,Nike,Fashion,purchase,30,1778597805
176,browser,Singapore,2025-05-20,4960.0,Microwave Oven,Samsung,Home,click,250,1778597805
,browser,Thailand,2025-07-07,54.0,Body Lotion,Dove,Beauty,click,25,1778597805
,buyer,Thailand,2026-03-28,40.0,Office Chair,Ikea,Home,purchase,200,1778597805
250,browser,Singapore,2026-01-18,53.0,Sunscreen,Nivea,Beauty,view,35,1778597805
466,buyer,Malaysia,2025-11-23,8.0,AirPods Pro,Apple,Electronics,purchase,250,1778597805
353,casual,Malaysia,2025-07-11,3044.0,Dell XPS 13,Dell,Electronics,click,1800,1778597805
131,buyer,Malaysia,2025-05-03,36.0,Electric Kettle,Tefal,Home,purchase,60,1778597805
unknown_user,casual,Philippines,2025-06-03,27.0,Sports Shorts,Nike,Fashion,view,-50,1778597805
unknown_user,browser,Indonesia,2025-10-18,17.0,Sneakers,Adidas,Fashion,click,150,1778597805
